material_id,chem_formula,R0,B,CN_raw,mean_charge,min_charge,max_charge,chemenv,Hf_wyckoff,num_Hf_chemenvs,CN,element,charge_range,is_single_charge
mp-1101177,Y2Hf2O7,1.9065213715782516,0.8707041726521828,[5.0],4.0,4.0,4.0,Trigonal bipyramid,2i,1,5.0,Hf,0.0,True
mp-1178405,Cs2HfO3,1.6655496660383586,1.666413077027686,[5.0],4.0,4.0,4.0,Square pyramid,2c,1,5.0,Hf,0.0,True
mp-1178408,Cs2HfO3,1.9648093756007672,0.5925035520135816,[4.0],4.0,4.0,4.0,Tetrahedron,4f,1,4.0,Hf,0.0,True
mp-1198622,Li7La3Hf2O12,1.9902722135894728,0.2307351717193426,[6.0],4.0,4.0,4.0,Octahedron,8c,1,6.0,Hf,0.0,True
mp-1201301,K2Hf2O5,1.6882487300412194,1.061028808512304,[6.0],4.0,4.0,4.0,Octahedron,8e,1,6.0,Hf,0.0,True
mp-1205471,K10Hf3Mo12PbO48,0.9989918353740596,2.664924278634266,[6.0],4.0,4.0,4.0,Octahedron,"2c, 1a",1,6.0,Hf,0.0,True
mp-1207897,Y2Hf2(MoO4)7,1.9570706338456767,0.3030558330564129,[6.0],4.0,4.0,4.0,Octahedron,4f,1,6.0,Hf,0.0,True
mp-1208737,Tb2Hf2(MoO4)7,1.9432864866396624,0.3408779137702364,[6.0],4.0,4.0,4.0,Octahedron,4f,1,6.0,Hf,0.0,True
mp-1209249,Sm2Hf2(MoO4)7,1.9308477665513135,0.3800370342333574,[6.0],4.0,4.0,4.0,Octahedron,4f,1,6.0,Hf,0.0,True
mp-1209493,Rb8Hf(MoO4)6,0.8638091195141161,3.0118522903345797,[6.0],4.0,4.0,4.0,Octahedron,1a,1,6.0,Hf,0.0,True
mp-1210635,Na2Hf(MoO4)3,1.7146891260462347,0.7832526756489728,[8.0],4.0,4.0,4.0,Dodecahedron with triangular faces - p2345 plane normalized,2e,1,8.0,Hf,0.0,True
mp-1211649,K4HfO4,1.956357922378031,0.1461194673506482,[4.0],4.0,4.0,4.0,Tetrahedron,2i,1,4.0,Hf,0.0,True
mp-1212158,Hf3GeO8,1.9615717001168895,0.3237805072083661,[8.0],4.0,4.0,4.0,"Cube, Dodecahedron with triangular faces - p2345 plane normalized","2d, 1b",2,8.0,Hf,0.0,True
mp-1212404,HfCdO3,2.1669191270453863,-0.2147307092355125,[6.0],4.0,4.0,4.0,Octahedron,4a,1,6.0,Hf,0.0,True
mp-1212595,Ho2Hf2(MoO4)7,1.9454814268692624,0.33116177943188,[6.0],4.0,4.0,4.0,Octahedron,4f,1,6.0,Hf,0.0,True
mp-1213333,Gd2Hf2(MoO4)7,1.9649549670631452,0.2900005148944712,[6.0],4.0,4.0,4.0,Octahedron,4f,1,6.0,Hf,0.0,True
mp-1213558,Eu2Hf2(MoO4)7,1.969359478777061,0.2927542018414352,[6.0],4.0,4.0,4.0,Octahedron,4f,1,6.0,Hf,0.0,True
mp-1218419,SrCaHf2O6,2.1011860582444455,-0.0081649130180176,[6.0],4.0,4.0,4.0,Octahedron,4c,1,6.0,Hf,0.0,True
mp-1218454,SrCa3Hf4O12,2.1167303434530083,-0.0521158864838721,[6.0],4.0,4.0,4.0,Octahedron,2c,1,6.0,Hf,0.0,True
mp-1218494,Sr3CaHf4O12,2.093796164776272,0.0035986940206908,[6.0],4.0,4.0,4.0,Octahedron,2c,1,6.0,Hf,0.0,True
mp-1218574,Sr4Hf3TiO12,1.9920482178799357,0.2240211795488014,[6.0],4.0,4.0,4.0,Octahedron,"1c, 1f, 1g",1,6.0,Hf,0.0,True
mp-1220764,NaHfScO4,1.9115372361453573,0.4748533183185031,[6.0],4.0,4.0,4.0,Octahedron,2a,1,6.0,Hf,0.0,True
mp-1223505,KNaHf4(PO4)6,1.958551946022857,0.2747462870433051,[6.0],4.0,4.0,4.0,Octahedron,2c,1,6.0,Hf,0.0,True
mp-1224442,HfTi(PbO3)2,1.910724781796857,0.4938583727730485,[6.0],4.0,4.0,4.0,Octahedron,1a,1,6.0,Hf,0.0,True
mp-1224453,HfTl2Fe2(MoO4)6,2.4130147746903874,-0.8546690588557493,[6.0],4.0,4.0,4.0,Octahedron,1f,1,6.0,Hf,0.0,True
mp-1224490,Hf2Sb2Pb4O13,1.975009638831894,0.2830117379606995,[6.0],4.0,4.0,4.0,Octahedron,2d,1,6.0,Hf,0.0,True
mp-1224517,Hf3TePb4O13,2.0092154576158707,0.2079554854477435,[6.0],4.0,4.0,4.0,Octahedron,3b,1,6.0,Hf,0.0,True
mp-1224533,K5HfIn(MoO4)6,1.6248044544294449,1.1333860367700432,[6.0],4.0,4.0,4.0,Octahedron,1a,1,6.0,Hf,0.0,True
mp-1224574,K2YHf(PO4)3,2.2952062978973133,-0.5217217919410693,[6.0],4.0,4.0,4.0,Octahedron,4a,1,6.0,Hf,0.0,True
mp-1224603,Hf3Ti2(PbO3)5,3.3023521521123245,-2.9789122507813905,[6.0],4.0,4.0,4.0,Octahedron,1a,1,6.0,Hf,0.0,True
mp-1224605,HfTi4(PbO3)5,1.202342284438518,2.278053979293543,[6.0],4.0,4.0,4.0,Octahedron,1a,1,6.0,Hf,0.0,True
mp-1224660,HfTi4(PbO3)5,1.2020009894637755,2.3394972550628834,[6.0],4.0,4.0,4.0,Octahedron,1c,1,6.0,Hf,0.0,True
mp-1227961,Ca3Hf2AlFeSiO12,1.903801561341268,0.4539579302390757,[6.0],4.0,4.0,4.0,Octahedron,8e,1,6.0,Hf,0.0,True
mp-1228349,Ba3HfNb4O15,2.0650987139428034,0.0478823909374572,[6.0],4.0,4.0,4.0,Octahedron,2b,1,6.0,Hf,0.0,True
mp-1228378,Ba3HfTa4O15,2.187250273038374,-0.1965596803777171,[6.0],4.0,4.0,4.0,Octahedron,2a,1,6.0,Hf,0.0,True
mp-13109,SrHfO3,2.079868410943612,-0.0242152459807561,[6.0],4.0,4.0,4.0,Octahedron,2a,1,6.0,Hf,0.0,True
mp-14526,Na4Hf2(GeO4)3,1.8038094742170616,0.63253999199154,[6.0],4.0,4.0,4.0,Octahedron,4c,1,6.0,Hf,0.0,True
mp-15003,Ca3HfSi2O9,1.8806476563931347,0.5080720151953942,[6.0],4.0,4.0,4.0,Octahedron,4e,1,6.0,Hf,0.0,True
mp-1516655,BaCeEuHfO6,2.042625337502619,0.138316932433469,[6.0],4.0,4.0,4.0,Octahedron,4e,1,6.0,Hf,0.0,True
mp-1520427,NaEuHf2O6,2.0300744430953492,0.1044672790567985,[6.0],4.0,4.0,4.0,Octahedron,2e,1,6.0,Hf,0.0,True
mp-1522444,BaSrCeHfO6,2.046439932089716,0.1329448913799717,[6.0],4.0,4.0,4.0,Octahedron,4u,1,6.0,Hf,0.0,True
mp-1858,HfO2,2.07902720606476,0.1771506227862224,[7.0],4.0,4.0,4.0,Square-face capped trigonal prism,8c,1,7.0,Hf,0.0,True
mp-2207782,Hf2Bi2O7,2.023002937600197,0.1216559710085624,[6.0],4.0,4.0,4.0,Octahedron,2c,1,6.0,Hf,0.0,True
mp-22734,HfPbO3,2.0495629678141256,0.1040451760783884,[6.0],4.0,4.0,4.0,Octahedron,8i,1,6.0,Hf,0.0,True
mp-2712528,Na3HfMg3PS5O24,1.8542592367741828,0.5105508939847432,[6.0],4.0,4.0,4.0,Octahedron,1a,1,6.0,Hf,0.0,True
mp-2712537,Na6Ca3HfP4(SO12)2,1.8472815162179184,0.5861750595356685,[6.0],4.0,4.0,4.0,Octahedron,1a,1,6.0,Hf,0.0,True
mp-2712546,Na2Hf3ZnP4(SO12)2,1.8940679101232143,0.42805205889778,[6.0],4.0,4.0,4.0,Octahedron,1a,1,6.0,Hf,0.0,True
mp-2712589,Na2Hf3MgP4(SO12)2,1.8815233152318376,0.4555050637566206,[6.0],4.0,4.0,4.0,Octahedron,1a,1,6.0,Hf,0.0,True
mp-2712592,Na2Hf3ZnSi2(SO6)4,1.918992982336821,0.3843686359202608,[6.0],4.0,4.0,4.0,Octahedron,1a,1,6.0,Hf,0.0,True
mp-2712607,Na6HfMg3P4(SO12)2,1.7996322225234518,0.6567660989047357,[6.0],4.0,4.0,4.0,Octahedron,1a,1,6.0,Hf,0.0,True
mp-2712614,Na2HfTiSi(PO6)2,1.8588500255622091,0.5168521503488557,[6.0],4.0,4.0,4.0,Octahedron,1a,1,6.0,Hf,0.0,True
mp-2712619,Na2Hf2Si(PO6)2,1.861762052614803,0.522482491063072,[6.0],4.0,4.0,4.0,Octahedron,2a,1,6.0,Hf,0.0,True
mp-2712627,NaHfScP2SO12,1.9722820746076737,0.2557260399398884,[6.0],4.0,4.0,4.0,Octahedron,6a,1,6.0,Hf,0.0,True
mp-2712685,NaHfInP2SO12,1.9919229821406628,0.2248189445543388,[6.0],4.0,4.0,4.0,Octahedron,6a,1,6.0,Hf,0.0,True
mp-2712690,NaHfGaSi(SO6)2,1.908911424496663,0.3720047343888709,[6.0],4.0,4.0,4.0,Octahedron,2a,1,6.0,Hf,0.0,True
mp-2712691,Na2HfSiSn(PO6)2,1.8584481370181656,0.5044492201844621,[6.0],4.0,4.0,4.0,Octahedron,1a,1,6.0,Hf,0.0,True
mp-2712701,Na3HfZn3PS5O24,1.890676369346353,0.4355626667540178,[6.0],4.0,4.0,4.0,Octahedron,1a,1,6.0,Hf,0.0,True
mp-2712718,Na2CaHf3P4(SO12)2,1.8790963209951288,0.4888278725850336,[6.0],4.0,4.0,4.0,Octahedron,1a,1,6.0,Hf,0.0,True
mp-2712765,NaHfAlP2SO12,1.9795597631631785,0.1395957542263644,[6.0],4.0,4.0,4.0,Octahedron,6a,1,6.0,Hf,0.0,True
mp-2712783,Na2HfZrSi(PO6)2,1.841313730986014,0.5787230973483012,[6.0],4.0,4.0,4.0,Octahedron,1a,1,6.0,Hf,0.0,True
mp-2712792,NaHfGaP2SO12,1.9988555180668537,0.1181666653046132,[6.0],4.0,4.0,4.0,Octahedron,6a,1,6.0,Hf,0.0,True
mp-2712835,Na7Hf3Nb(SiO4)6,1.701360490780622,0.9230627912304276,[6.0],4.0,4.0,4.0,Octahedron,1a,1,6.0,Hf,0.0,True
mp-2712847,Hf2Sc2SiS5O24,1.929807061615768,0.3383688744236129,[6.0],4.0,4.0,4.0,Octahedron,1a,1,6.0,Hf,0.0,True
mp-2712855,Na7HfMg3P5SO24,1.7481439291037162,0.7869372396657776,[6.0],4.0,4.0,4.0,Octahedron,1a,1,6.0,Hf,0.0,True
mp-2712869,HfGaP(SO6)2,1.94848214557914,0.240916548728817,[6.0],4.0,4.0,4.0,Octahedron,2a,1,6.0,Hf,0.0,True
mp-2712881,Hf3MgP2(SO6)4,1.913038362603983,0.3720167264188016,[6.0],4.0,4.0,4.0,Octahedron,1a,1,6.0,Hf,0.0,True
mp-2712889,Hf2In2SiS5O24,1.93015544163489,0.3470257555714816,[6.0],4.0,4.0,4.0,Octahedron,1a,1,6.0,Hf,0.0,True
mp-2712923,HfInP(SO6)2,1.950883394246374,0.3220438871451905,[6.0],4.0,4.0,4.0,Octahedron,2a,1,6.0,Hf,0.0,True
mp-2712934,Na3Hf4SiP5O24,1.8802870650270656,0.4604671551951614,[6.0],4.0,4.0,4.0,Octahedron,1a,1,6.0,Hf,0.0,True
mp-2712951,Hf2Al2SiS5O24,1.914391379858829,0.3235945710049743,[6.0],4.0,4.0,4.0,Octahedron,1a,1,6.0,Hf,0.0,True
mp-2712968,HfScP(SO6)2,1.9514884166295392,0.3013070660994937,[6.0],4.0,4.0,4.0,Octahedron,2a,1,6.0,Hf,0.0,True
mp-2712969,Na3Hf2Ta2Si3(PO8)3,1.87241664505852,0.4885332854374858,[6.0],4.0,4.0,4.0,Octahedron,1a,1,6.0,Hf,0.0,True
mp-2712970,Hf3ZnP2(SO6)4,1.9174782817117904,0.3659215323087537,[6.0],4.0,4.0,4.0,Octahedron,1a,1,6.0,Hf,0.0,True
mp-2713002,Hf3MgSiS5O24,1.9212034665120008,0.3612365717364491,[6.0],4.0,4.0,4.0,Octahedron,1a,1,6.0,Hf,0.0,True
mp-2713004,YHfP(SO6)2,1.9456375990066872,0.3752093928804022,[6.0],4.0,4.0,4.0,Octahedron,2a,1,6.0,Hf,0.0,True
mp-2713007,Na3Hf2Nb2Si3(PO8)3,1.8749358626163024,0.4674391407468033,[6.0],4.0,4.0,4.0,Octahedron,1a,1,6.0,Hf,0.0,True
mp-2713009,LaHfP(SO6)2,1.955308205089858,0.3750763290518102,[6.0],4.0,4.0,4.0,Octahedron,2a,1,6.0,Hf,0.0,True
mp-2713012,CaHf3SiS5O24,1.931105840356977,0.3662824520284046,[6.0],4.0,4.0,4.0,Octahedron,1a,1,6.0,Hf,0.0,True
mp-2713021,Y2Hf2SiS5O24,1.93478046121307,0.3706202494886989,[6.0],4.0,4.0,4.0,Octahedron,1a,1,6.0,Hf,0.0,True
mp-2713024,Na3Hf2Ti2SiP5O24,1.892796408167032,0.4322759855847754,[6.0],4.0,4.0,4.0,Octahedron,1a,1,6.0,Hf,0.0,True
mp-2713038,CaHf3P2(SO6)4,1.92293988499113,0.3759561337486289,[6.0],4.0,4.0,4.0,Octahedron,1a,1,6.0,Hf,0.0,True
mp-2713063,Na3Hf2Zr2SiP5O24,1.8953000087976457,0.4403813264716083,[6.0],4.0,4.0,4.0,Octahedron,1a,1,6.0,Hf,0.0,True
mp-2713077,Na7Hf3Ta(SiO4)6,1.681315561272897,0.971537643917504,[6.0],4.0,4.0,4.0,Octahedron,1a,1,6.0,Hf,0.0,True
mp-2713087,Na3Hf2SiSn2P5O24,1.8954257972107944,0.4146297813654554,[6.0],4.0,4.0,4.0,Octahedron,1a,1,6.0,Hf,0.0,True
mp-2713094,HfAlP(SO6)2,1.9349983858596096,0.2525521144466632,[6.0],4.0,4.0,4.0,Octahedron,2a,1,6.0,Hf,0.0,True
mp-2713099,La2Hf2SiS5O24,1.9391268966979065,0.3652225477130207,[6.0],4.0,4.0,4.0,Octahedron,1a,1,6.0,Hf,0.0,True
mp-2713105,Hf2Ga2SiS5O24,1.924977233355209,0.3144420983814625,[6.0],4.0,4.0,4.0,Octahedron,1a,1,6.0,Hf,0.0,True
mp-2713116,Hf3ZnSiS5O24,1.923778395755018,0.3545349191886363,[6.0],4.0,4.0,4.0,Octahedron,1a,1,6.0,Hf,0.0,True
mp-2713131,Na5HfIn3(PO4)6,1.915383302116448,0.3918744414891641,[6.0],4.0,4.0,4.0,Octahedron,1a,1,6.0,Hf,0.0,True
mp-2713141,Na10Ca3Hf5(PO4)12,1.845460402929693,0.5967245157916216,[6.0],4.0,4.0,4.0,Octahedron,1a,1,6.0,Hf,0.0,True
mp-2713163,NaHfGe(PO4)3,1.9130030485053264,0.3374153350828726,[6.0],4.0,4.0,4.0,Octahedron,"1b, 1c, 1a",1,6.0,Hf,0.0,True
mp-2713179,Hf2P2SO12,1.9412281181020092,0.3046652906139856,[6.0],4.0,4.0,4.0,Octahedron,6a,1,6.0,Hf,0.0,True
mp-2713182,Na2Hf2Zr2Si3(SO8)3,1.9219601935814232,0.3927879067528713,[6.0],4.0,4.0,4.0,Octahedron,1a,1,6.0,Hf,0.0,True
mp-2713183,HfGeP2SO12,1.9634371959256929,0.1976228921318473,[6.0],4.0,4.0,4.0,Octahedron,1a,1,6.0,Hf,0.0,True
mp-2713195,Na5HfSc3(PO4)6,1.874954511314212,0.4792216216578617,[6.0],4.0,4.0,4.0,Octahedron,1a,1,6.0,Hf,0.0,True
mp-2713197,NaHfSn(PO4)3,1.9787645204315991,0.1880550373913375,[6.0],4.0,4.0,4.0,Octahedron,"1b, 1c, 1a",1,6.0,Hf,0.0,True
mp-2713208,HfZrSi(SO6)2,1.9542498768084535,0.3014028843898819,[6.0],4.0,4.0,4.0,Octahedron,1a,1,6.0,Hf,0.0,True
mp-2713249,Na3Hf2Si2PO12,1.816787715548692,0.6500335809808441,[6.0],4.0,4.0,4.0,Octahedron,4a,1,6.0,Hf,0.0,True
mp-2713266,Na4Hf3Zn(PO4)6,1.8573084289237396,0.5240753271421557,[6.0],4.0,4.0,4.0,Octahedron,1a,1,6.0,Hf,0.0,True
mp-2713307,Na2HfGa(PO4)3,1.820003747878583,0.5700106909563454,[6.0],4.0,4.0,4.0,Octahedron,6a,1,6.0,Hf,0.0,True
mp-2713308,Na3Hf2Si2PO12,1.783387446283152,0.7243315701997751,[6.0],4.0,4.0,4.0,Octahedron,6a,1,6.0,Hf,0.0,True
mp-2713310,Na2YHf(PO4)3,1.8541445199876312,0.6280319161703123,[6.0],4.0,4.0,4.0,Octahedron,6a,1,6.0,Hf,0.0,True
mp-2713315,Na2HfAl(PO4)3,1.801214573499061,0.5937928328738409,[6.0],4.0,4.0,4.0,Octahedron,6a,1,6.0,Hf,0.0,True
mp-2713331,Na3HfTa(GeO4)3,1.9076040895848263,0.4045539025291601,[6.0],4.0,4.0,4.0,Octahedron,4a,1,6.0,Hf,0.0,True
mp-2713334,Na5Y3Hf(PO4)6,1.911067990953486,0.4357733522262873,[6.0],4.0,4.0,4.0,Octahedron,1a,1,6.0,Hf,0.0,True
mp-2713341,Hf2Si(SO6)2,1.9374272207185512,0.3310667769958992,[6.0],4.0,4.0,4.0,Octahedron,2a,1,6.0,Hf,0.0,True
mp-2713342,HfZrP2SO12,1.9599069293977784,0.2652190672915939,[6.0],4.0,4.0,4.0,Octahedron,1a,1,6.0,Hf,0.0,True
mp-2713401,NaHfZr(PO4)3,1.962471031031751,0.2566243336771219,[6.0],4.0,4.0,4.0,Octahedron,"1b, 1c, 1a",1,6.0,Hf,0.0,True
mp-2713402,HfSiGe(SO6)2,1.945288455034547,0.2662425846129588,[6.0],4.0,4.0,4.0,Octahedron,1a,1,6.0,Hf,0.0,True
mp-2713403,Na5HfNb3(SiO4)6,1.8379820600356669,0.5792319305481851,[6.0],4.0,4.0,4.0,Octahedron,1a,1,6.0,Hf,0.0,True
mp-2713419,Na10Hf5Mg3(PO4)12,1.7982331520432164,0.6729143739416877,[6.0],4.0,4.0,4.0,Octahedron,1a,1,6.0,Hf,0.0,True
mp-2713420,HfSiSn(SO6)2,1.9449433903142137,0.2902360336240134,[6.0],4.0,4.0,4.0,Octahedron,1a,1,6.0,Hf,0.0,True
mp-2713424,Na2Hf4Si3(SO8)3,1.9105647300756696,0.4102081890131591,[6.0],4.0,4.0,4.0,Octahedron,1a,1,6.0,Hf,0.0,True
mp-2713426,HfTiSi(SO6)2,1.953818108369683,0.2635610682980479,[6.0],4.0,4.0,4.0,Octahedron,1a,1,6.0,Hf,0.0,True
mp-2713473,HfSnP2SO12,1.956051228782875,0.2509692695696274,[6.0],4.0,4.0,4.0,Octahedron,1a,1,6.0,Hf,0.0,True
mp-2713475,HfTiP2SO12,1.9707192300291296,0.2054205242006438,[6.0],4.0,4.0,4.0,Octahedron,1a,1,6.0,Hf,0.0,True
mp-2713483,Na4HfMg3P2(SO6)4,1.9187002542407732,0.3605341474767599,[6.0],4.0,4.0,4.0,Octahedron,1a,1,6.0,Hf,0.0,True
mp-2713519,Na5HfTa3(SiO4)6,1.842670173576193,0.546812574662451,[6.0],4.0,4.0,4.0,Octahedron,1a,1,6.0,Hf,0.0,True
mp-2713577,Na6Hf3MgGe2(PO6)4,1.78920745694719,0.7115277601677148,[6.0],4.0,4.0,4.0,Octahedron,1a,1,6.0,Hf,0.0,True
mp-2713579,Na3HfTa(GeO4)3,1.7257147399458674,0.8358404499824447,[6.0],4.0,4.0,4.0,Octahedron,2a,1,6.0,Hf,0.0,True
mp-2713602,Na4CaHf3(PO4)6,1.8934428566219703,0.45326126618715,[6.0],4.0,4.0,4.0,Octahedron,1a,1,6.0,Hf,0.0,True
mp-2713635,Na6Hf3MgGe2(PO6)4,1.8028855983658971,0.6818922151051776,[6.0],4.0,4.0,4.0,Octahedron,2a,1,6.0,Hf,0.0,True
mp-2713637,Na2HfSc(PO4)3,1.8430249734420951,0.5834240288313035,[6.0],4.0,4.0,4.0,Octahedron,6a,1,6.0,Hf,0.0,True
mp-2713645,Na4Hf3Mg(PO4)6,1.84086431023029,0.5583775828915807,[6.0],4.0,4.0,4.0,Octahedron,1a,1,6.0,Hf,0.0,True
mp-2713660,Na2HfIn(PO4)3,1.852474851529167,0.5773076598913577,[6.0],4.0,4.0,4.0,Octahedron,6a,1,6.0,Hf,0.0,True
mp-2713676,Na3Ca3HfPS5O24,1.8882204175940107,0.4898029600230892,[6.0],4.0,4.0,4.0,Octahedron,1a,1,6.0,Hf,0.0,True
mp-2713686,Na6Hf2Mg6SiS11O48,1.8884705633764096,0.4377489317485236,[6.0],4.0,4.0,4.0,Octahedron,1a,1,6.0,Hf,0.0,True
mp-2713712,Na6Hf2Zn6SiS11O48,1.898454930428877,0.4276147823691288,[6.0],4.0,4.0,4.0,Octahedron,1a,1,6.0,Hf,0.0,True
mp-2713715,Na6Ca6Hf2SiS11O48,1.9049921055660104,0.4620242963463261,[6.0],4.0,4.0,4.0,Octahedron,1a,1,6.0,Hf,0.0,True
mp-2713739,Na3Ca2Hf2P3(SO8)3,1.871247334201212,0.4879170217958433,[6.0],4.0,4.0,4.0,Octahedron,1a,1,6.0,Hf,0.0,True
mp-2713740,Na3Hf2Mg2P3(SO8)3,1.8532565035980908,0.5185068894835316,[6.0],4.0,4.0,4.0,Octahedron,1a,1,6.0,Hf,0.0,True
mp-2713757,Hf2Ta2Si3(SO8)3,1.947418321368405,0.255161368136813,[6.0],4.0,4.0,4.0,Octahedron,1a,1,6.0,Hf,0.0,True
mp-2713805,Na2Hf2Ti2Si3(SO8)3,1.9326667716615715,0.3431220848644652,[6.0],4.0,4.0,4.0,Octahedron,1a,1,6.0,Hf,0.0,True
mp-2713809,Na6Hf2Zr2Si5SO24,1.7895566842726442,0.720604050678117,[6.0],4.0,4.0,4.0,Octahedron,1a,1,6.0,Hf,0.0,True
mp-2713832,NaHf3TaSi3(SO8)3,1.9309304074878757,0.3444541771357846,[6.0],4.0,4.0,4.0,Octahedron,1a,1,6.0,Hf,0.0,True
mp-2713844,NaHfTi(PO4)3,1.890655104434188,0.4025050005704502,[6.0],4.0,4.0,4.0,Octahedron,"1b, 1c, 1a",1,6.0,Hf,0.0,True
mp-2713868,Hf2Nb2Si3(SO8)3,1.957308596836672,0.2379321441610009,[6.0],4.0,4.0,4.0,Octahedron,1a,1,6.0,Hf,0.0,True
mp-2713879,Na6Hf4Si5SO24,1.8193262618679225,0.6414214061328503,[6.0],4.0,4.0,4.0,Octahedron,1a,1,6.0,Hf,0.0,True
mp-2713916,NaHf3Ta(PO4)6,2.0041286387520927,0.1392526307917216,[6.0],4.0,4.0,4.0,Octahedron,"1b, 1c, 1a",1,6.0,Hf,0.0,True
mp-2713974,Na6Hf2Ti2Si5SO24,1.8191299853217164,0.6150931673372012,[6.0],4.0,4.0,4.0,Octahedron,1a,1,6.0,Hf,0.0,True
mp-2713988,Na3Hf2Zn2P3(SO8)3,1.8754890447715509,0.4674541394775343,[6.0],4.0,4.0,4.0,Octahedron,1a,1,6.0,Hf,0.0,True
mp-2714016,NaHf3NbSi3(SO8)3,1.936088494552802,0.3321701266985297,[6.0],4.0,4.0,4.0,Octahedron,1a,1,6.0,Hf,0.0,True
mp-2714017,NaHf3Nb(PO4)6,1.9914475271905363,0.1771605503354753,[6.0],4.0,4.0,4.0,Octahedron,"1b, 1c, 1a",1,6.0,Hf,0.0,True
mp-2714030,Na2HfZn3(SO4)6,1.737259894073592,0.8029667268235079,[6.0],4.0,4.0,4.0,Octahedron,"1b, 1a",1,6.0,Hf,0.0,True
mp-2714036,Na2HfMg3(SO4)6,1.7044780612277637,0.8866355909516489,[6.0],4.0,4.0,4.0,Octahedron,"1b, 1a",1,6.0,Hf,0.0,True
mp-2714051,Na14Ca5Hf3(PO4)12,1.893862172985568,0.5131449729089704,[6.0],4.0,4.0,4.0,Octahedron,1a,1,6.0,Hf,0.0,True
mp-2714052,Na5Hf4Si3(PO8)3,1.8626700875572388,0.5167797562425008,[6.0],4.0,4.0,4.0,Octahedron,1a,1,6.0,Hf,0.0,True
mp-2714057,NaCa2Hf2PS5O24,1.868217428981278,0.5531338749931738,[6.0],4.0,4.0,4.0,Octahedron,1a,1,6.0,Hf,0.0,True
mp-2714085,Na2Hf4Zn4SiS11O48,1.9066662844700983,0.3907507025730347,[6.0],4.0,4.0,4.0,Octahedron,1a,1,6.0,Hf,0.0,True
mp-2714171,Na2Ca3Hf(SO4)6,1.6387589343191458,1.1241788525797063,[6.0],4.0,4.0,4.0,Octahedron,"1b, 1a",1,6.0,Hf,0.0,True
mp-2714180,Na14Hf3Mg5(PO4)12,1.6732946765555166,0.9795167095123852,[6.0],4.0,4.0,4.0,Octahedron,1a,1,6.0,Hf,0.0,True
mp-2714197,NaHf2Zn2PS5O24,1.8988803271188168,0.4131221420709433,[6.0],4.0,4.0,4.0,no_data,no_data,1,6.0,Hf,0.0,True
mp-2714204,Na5Y2Hf2SiP5O24,1.8464129962638285,0.6075212174061286,[6.0],4.0,4.0,4.0,Octahedron,1a,1,6.0,Hf,0.0,True
mp-2714218,Na5Hf2Zr2Si3(PO8)3,1.8634785092526367,0.5209079856575975,[6.0],4.0,4.0,4.0,Octahedron,1a,1,6.0,Hf,0.0,True
mp-2714219,Na2Hf4Mg4SiS11O48,1.901961593730062,0.4047684867839082,[6.0],4.0,4.0,4.0,Octahedron,1a,1,6.0,Hf,0.0,True
mp-2714236,NaHf2Mg2PS5O24,1.878152230539993,0.456039802614185,[6.0],4.0,4.0,4.0,Octahedron,1a,1,6.0,Hf,0.0,True
mp-2714277,Na2Ca4Hf4SiS11O48,1.900959658194963,0.4317315216225014,[6.0],4.0,4.0,4.0,Octahedron,1a,1,6.0,Hf,0.0,True
mp-2714287,Na5Hf2Ti2Si3(PO8)3,1.8795942386328215,0.4634338787775922,[6.0],4.0,4.0,4.0,Octahedron,1a,1,6.0,Hf,0.0,True
mp-2714289,Na5Hf2Si3Sn2(PO8)3,1.8786020958199117,0.4638451106204427,[6.0],4.0,4.0,4.0,Octahedron,1a,1,6.0,Hf,0.0,True
mp-2714300,Na5Hf2Sc2SiP5O24,1.841964040365341,0.581910750754425,[6.0],4.0,4.0,4.0,Octahedron,1a,1,6.0,Hf,0.0,True
mp-2714304,Na14Hf3Zn5(PO4)12,1.6866177134125508,0.9557912867134868,[6.0],4.0,4.0,4.0,Octahedron,1a,1,6.0,Hf,0.0,True
mp-2714342,Na14Hf4Zr4Si11SO48,1.7468786679751789,0.8332927270771686,[6.0],4.0,4.0,4.0,Octahedron,1a,1,6.0,Hf,0.0,True
mp-2714353,Na2Ca2Hf2SiS5O24,1.9026969486936545,0.4758713822503481,[6.0],4.0,4.0,4.0,Octahedron,1a,1,6.0,Hf,0.0,True
mp-2714397,Na7Hf2Si5Sn2PO24,1.7137727275818566,0.8824585375475114,[6.0],4.0,4.0,4.0,Octahedron,1a,1,6.0,Hf,0.0,True
mp-2714403,Na7Hf4Si5PO24,1.7433928379375057,0.8266808098188785,[6.0],4.0,4.0,4.0,Octahedron,1a,1,6.0,Hf,0.0,True
mp-2714456,Na14Hf4Ti4Si11SO48,1.8051045573974236,0.6693065370280731,[6.0],4.0,4.0,4.0,no_data,no_data,1,6.0,Hf,0.0,True
mp-2714479,Na7Hf2Ti2Si5PO24,1.7100773532628075,0.8983734136832741,[6.0],4.0,4.0,4.0,Octahedron,1a,1,6.0,Hf,0.0,True
mp-2714495,NaHfMgP(SO6)2,1.9066805283594603,0.4088022054432524,[6.0],4.0,4.0,4.0,Octahedron,2a,1,6.0,Hf,0.0,True
mp-2714502,Na14Hf8Si11SO48,1.7696746448980505,0.765847931441367,[6.0],4.0,4.0,4.0,Octahedron,1a,1,6.0,Hf,0.0,True
mp-2714508,Na7Hf2Zr2Si5PO24,1.6781515618028664,0.9856347770119572,[6.0],4.0,4.0,4.0,no_data,no_data,1,6.0,Hf,0.0,True
mp-2714515,Na7Hf2Si5Ge2PO24,1.7365273889676458,0.8148610906580191,[6.0],4.0,4.0,4.0,Octahedron,1a,1,6.0,Hf,0.0,True
mp-2714572,Na14Hf4Si11Sn4SO48,1.7531109706860015,0.7893998741948854,[6.0],4.0,4.0,4.0,Octahedron,1a,1,6.0,Hf,0.0,True
mp-2714586,NaHfZnP(SO6)2,1.9222408404486135,0.3757079637127182,[6.0],4.0,4.0,4.0,Octahedron,2a,1,6.0,Hf,0.0,True
mp-2714592,Na4HfMgSi(PO6)2,1.6917477639144274,0.9538932374675544,[6.0],4.0,4.0,4.0,Octahedron,2a,1,6.0,Hf,0.0,True
mp-2714601,Na4HfZnSi(PO6)2,1.7044377016925814,0.936305894157057,[6.0],4.0,4.0,4.0,Octahedron,2a,1,6.0,Hf,0.0,True
mp-2714627,Na7Hf3ZnSi3(PO8)3,1.7322696408113842,0.8536333203964748,[6.0],4.0,4.0,4.0,Octahedron,1a,1,6.0,Hf,0.0,True
mp-2714639,Na7Hf2Sc2Si3(PO8)3,1.7776324467134086,0.7314506675126001,[6.0],4.0,4.0,4.0,Octahedron,1a,1,6.0,Hf,0.0,True
mp-2714645,Na5HfMg3P3(SO8)3,1.829261444212936,0.5852454126991171,[6.0],4.0,4.0,4.0,Octahedron,1a,1,6.0,Hf,0.0,True
mp-2714655,Na3YHf3(PO4)6,1.904336640604397,0.4159653738351598,[6.0],4.0,4.0,4.0,Octahedron,1a,1,6.0,Hf,0.0,True
mp-2714665,Na3LaHf3(PO4)6,1.9127043428681911,0.4089430009607345,[6.0],4.0,4.0,4.0,Octahedron,1a,1,6.0,Hf,0.0,True
mp-2714679,Na7Hf3MgSi3(PO8)3,1.7389811058875733,0.8295285220888404,[6.0],4.0,4.0,4.0,Octahedron,1a,1,6.0,Hf,0.0,True
mp-2714684,Na7Hf2Ga2Si3(PO8)3,1.789595169458852,0.6791602575446446,[6.0],4.0,4.0,4.0,Octahedron,1a,1,6.0,Hf,0.0,True
mp-2714716,Na2Hf3Mg5(SO4)12,1.870598515934836,0.4748536104469926,[6.0],4.0,4.0,4.0,no_data,no_data,1,6.0,Hf,0.0,True
mp-2714752,Na3Hf3In(PO4)6,1.9170807143940745,0.3748099602394694,[6.0],4.0,4.0,4.0,Octahedron,1a,1,6.0,Hf,0.0,True
mp-2714841,Na2Hf3Zn5(SO4)12,1.874852353628888,0.4609628227628882,[6.0],4.0,4.0,4.0,Octahedron,1a,1,6.0,Hf,0.0,True
mp-2714863,Na6CaHf7(PO4)12,1.9080750149957024,0.4016060266370466,[6.0],4.0,4.0,4.0,Octahedron,1a,1,6.0,Hf,0.0,True
mp-2714868,Na3Hf3Al(PO4)6,1.9043279805404605,0.3790724634536982,[6.0],4.0,4.0,4.0,Octahedron,1a,1,6.0,Hf,0.0,True
mp-2714876,Na7Hf2In2Si3(PO8)3,1.8185336572163788,0.6235412970334774,[6.0],4.0,4.0,4.0,Octahedron,1a,1,6.0,Hf,0.0,True
mp-2714915,Na2Ca5Hf3(SO4)12,1.7807608790861658,0.7420966386979091,[6.0],4.0,4.0,4.0,Octahedron,1a,1,6.0,Hf,0.0,True
mp-2714938,Na2HfNbSi2PO12,1.891239243760515,0.4075155869291469,[6.0],4.0,4.0,4.0,Octahedron,6a,1,6.0,Hf,0.0,True
mp-2714940,Na7CaHf3Si3(PO8)3,1.7818793704225833,0.7356334618967474,[6.0],4.0,4.0,4.0,Octahedron,1a,1,6.0,Hf,0.0,True
mp-2714945,Na2HfTaSi2PO12,1.888612665857732,0.4207983288345841,[6.0],4.0,4.0,4.0,Octahedron,6a,1,6.0,Hf,0.0,True
mp-2714951,Na8HfZn3(PO4)6,1.5946519093884075,1.172248237156254,[6.0],4.0,4.0,4.0,Octahedron,"1c, 1a",1,6.0,Hf,0.0,True
mp-2714953,Na8Ca3Hf(PO4)6,1.9471655318905547,0.3416486959441712,[6.0],4.0,4.0,4.0,Octahedron,"1c, 1a",1,6.0,Hf,0.0,True
mp-2714958,Na5Hf2Mg2P5SO24,1.804913168388484,0.6538064309055114,[6.0],4.0,4.0,4.0,Octahedron,1a,1,6.0,Hf,0.0,True
mp-2715021,Na5Ca2Hf2P5SO24,1.816225970489063,0.6839264425095426,[6.0],4.0,4.0,4.0,Octahedron,1a,1,6.0,Hf,0.0,True
mp-2715047,Na6Ca7Hf(SO4)12,1.7519210987124685,0.814789732294072,[6.0],4.0,4.0,4.0,Octahedron,1a,1,6.0,Hf,0.0,True
mp-2715166,Na6HfMg7(SO4)12,1.7523601791769128,0.7547570340835581,[6.0],4.0,4.0,4.0,Octahedron,1a,1,6.0,Hf,0.0,True
mp-2715171,Na7Hf2Al2Si3(PO8)3,1.769689284221765,0.7195413713363182,[6.0],4.0,4.0,4.0,Octahedron,1a,1,6.0,Hf,0.0,True
mp-2715178,Na4Hf2Ta2Si5SO24,1.904809222369252,0.4265655642428349,[6.0],4.0,4.0,4.0,Octahedron,1a,1,6.0,Hf,0.0,True
mp-2715180,Na7Y2Hf2Si3(PO8)3,1.8434702952021695,0.5772118871168104,[6.0],4.0,4.0,4.0,Octahedron,1a,1,6.0,Hf,0.0,True
mp-2715210,Na8HfMg3(PO4)6,1.620034844116698,1.0997858304971904,[6.0],4.0,4.0,4.0,Octahedron,"1c, 1a",1,6.0,Hf,0.0,True
mp-2715217,Na6HfZn7(SO4)12,1.76935828473158,0.721377920662021,[6.0],4.0,4.0,4.0,Octahedron,1a,1,6.0,Hf,0.0,True
mp-2715222,Na3HfNb(SiO4)3,1.726531907172354,0.8428996628483338,[6.0],4.0,4.0,4.0,Octahedron,2a,1,6.0,Hf,0.0,True
mp-2715224,Na3YHfSi(PO6)2,1.8263982637748877,0.6889438901334409,[6.0],4.0,4.0,4.0,Octahedron,2a,1,6.0,Hf,0.0,True
mp-2715231,Na3HfSi2SnPO12,1.84899154745726,0.5633259500222829,[6.0],4.0,4.0,4.0,Octahedron,1a,1,6.0,Hf,0.0,True
mp-2715238,Na3HfInSi(PO6)2,1.8340609920781756,0.6218187416368057,[6.0],4.0,4.0,4.0,Octahedron,2a,1,6.0,Hf,0.0,True
mp-2715245,Na3HfInSi(PO6)2,1.7967201738856804,0.7136550937732448,[6.0],4.0,4.0,4.0,Octahedron,4a,1,6.0,Hf,0.0,True
mp-2715287,Na3HfTa(SiO4)3,1.744110246999584,0.7857125289584828,[6.0],4.0,4.0,4.0,Octahedron,2a,1,6.0,Hf,0.0,True
mp-2715297,Na3HfTa(SiO4)3,1.7688711361061962,0.7383484994796043,[6.0],4.0,4.0,4.0,Octahedron,4a,1,6.0,Hf,0.0,True
mp-2715300,Na3HfZrSi2PO12,1.7677432119971237,0.7725625002107315,[6.0],4.0,4.0,4.0,Octahedron,1a,1,6.0,Hf,0.0,True
mp-2715305,Na3YHfSi(PO6)2,1.8678863666764056,0.5820714069617207,[6.0],4.0,4.0,4.0,Octahedron,4a,1,6.0,Hf,0.0,True
mp-2715307,Na6CaHf3Si2(PO6)4,1.845818424052144,0.5797806184181882,[6.0],4.0,4.0,4.0,Octahedron,1a,1,6.0,Hf,0.0,True
mp-2715319,Na3HfTiSi2PO12,1.7808227224462214,0.7289804105402451,[6.0],4.0,4.0,4.0,Octahedron,1a,1,6.0,Hf,0.0,True
mp-2715320,Na6Hf3ZnSi2(PO6)4,1.8098243595750716,0.6573475735994649,[6.0],4.0,4.0,4.0,Octahedron,1a,1,6.0,Hf,0.0,True
mp-2715374,Na3HfMg(PO4)3,1.7393841042582503,0.8399118026387387,[6.0],4.0,4.0,4.0,Octahedron,4a,1,6.0,Hf,0.0,True
mp-2715377,Na3HfScSi(PO6)2,1.851425651546852,0.5750159542496343,[6.0],4.0,4.0,4.0,Octahedron,4a,1,6.0,Hf,0.0,True
mp-2715379,Na6Hf3MgSi2(PO6)4,1.827227445262426,0.6224490965107975,[6.0],4.0,4.0,4.0,Octahedron,2a,1,6.0,Hf,0.0,True
mp-2715395,Na3HfZn(PO4)3,1.8082527619401616,0.675777125838796,[6.0],4.0,4.0,4.0,Octahedron,4a,1,6.0,Hf,0.0,True
mp-2715399,Na3CaHf(PO4)3,1.815553868257826,0.7300151447380896,[6.0],4.0,4.0,4.0,Octahedron,4a,1,6.0,Hf,0.0,True
mp-2715402,Na3HfGaSi(PO6)2,1.8120503414030669,0.6003044778038749,[6.0],4.0,4.0,4.0,Octahedron,2a,1,6.0,Hf,0.0,True
mp-2715404,Na3HfMg(PO4)3,1.7258574063879577,0.8651050074105242,[6.0],4.0,4.0,4.0,Octahedron,2a,1,6.0,Hf,0.0,True
mp-2715407,Na6Hf3MgSi2(PO6)4,1.8015482466696675,0.671103833858246,[6.0],4.0,4.0,4.0,Octahedron,1a,1,6.0,Hf,0.0,True
mp-2715409,Na3HfScSi(PO6)2,1.8219403637949516,0.6372534340769953,[6.0],4.0,4.0,4.0,Octahedron,2a,1,6.0,Hf,0.0,True
mp-2715443,Na3HfZn(PO4)3,1.7329694506300155,0.8623485735280483,[6.0],4.0,4.0,4.0,Octahedron,2a,1,6.0,Hf,0.0,True
mp-2715462,Na6CaHf3Si2(PO6)4,1.812140234960555,0.670502256649474,[6.0],4.0,4.0,4.0,Octahedron,2a,1,6.0,Hf,0.0,True
mp-2715468,Na3HfZrSi2PO12,1.8158615664303777,0.6569289551608989,[6.0],4.0,4.0,4.0,Octahedron,1a,1,6.0,Hf,0.0,True
mp-2715481,Na3HfNb(SiO4)3,1.912841766276583,0.3818542545233259,[6.0],4.0,4.0,4.0,Octahedron,4a,1,6.0,Hf,0.0,True
mp-2715485,Na3HfSi2SnPO12,1.785055170382703,0.7018768721890402,[6.0],4.0,4.0,4.0,Octahedron,1a,1,6.0,Hf,0.0,True
mp-2715493,Na3CaHf(PO4)3,1.7712266306960225,0.8409330564966723,[6.0],4.0,4.0,4.0,Octahedron,2a,1,6.0,Hf,0.0,True
mp-2715502,Na3HfTiSi2PO12,1.839795059976113,0.5725434794052279,[6.0],4.0,4.0,4.0,Octahedron,1a,1,6.0,Hf,0.0,True
mp-2715506,Na6Hf3ZnSi2(PO6)4,1.8278194353560584,0.6144290174370187,[6.0],4.0,4.0,4.0,Octahedron,2a,1,6.0,Hf,0.0,True
mp-2715521,Na4HfScSi2PO12,1.7430354932637115,0.8351526611774844,[6.0],4.0,4.0,4.0,Octahedron,6a,1,6.0,Hf,0.0,True
mp-2715550,Na8Hf3ZnSi4(PO12)2,1.691586381830342,0.9520104341169596,[6.0],4.0,4.0,4.0,Octahedron,1a,1,6.0,Hf,0.0,True
mp-2715556,Na7Hf2Mg2SiP5O24,1.6646003321414775,1.0193303265298046,[6.0],4.0,4.0,4.0,Octahedron,1a,1,6.0,Hf,0.0,True
mp-2715558,Na2Hf2Mg2SiS5O24,1.8961452460129935,0.435408785020266,[6.0],4.0,4.0,4.0,Octahedron,1a,1,6.0,Hf,0.0,True
mp-2715569,Na2Hf2Zn2SiS5O24,1.8995111753747032,0.4185899961984421,[6.0],4.0,4.0,4.0,Octahedron,1a,1,6.0,Hf,0.0,True
mp-2715596,Na8Hf3MgSi4(PO12)2,1.7338473131078973,0.8433513030811802,[6.0],4.0,4.0,4.0,no_data,no_data,1,6.0,Hf,0.0,True
mp-2715614,Na2Hf4Nb4Si7S5O48,1.962994080556568,0.2443828211453322,[6.0],4.0,4.0,4.0,Octahedron,1a,1,6.0,Hf,0.0,True
mp-2715628,NaHfNbSi(PO6)2,1.907467426473938,0.3502836316167961,[6.0],4.0,4.0,4.0,Octahedron,2a,1,6.0,Hf,0.0,True
mp-2715640,Na7Ca2Hf2SiP5O24,1.6503255981885452,1.1357650824738292,[6.0],4.0,4.0,4.0,Octahedron,1a,1,6.0,Hf,0.0,True
mp-2715642,NaHf2Ta2SiP5O24,1.933591823898108,0.3056090522610642,[6.0],4.0,4.0,4.0,Octahedron,1a,1,6.0,Hf,0.0,True
mp-2715650,NaHfTaSi2SO12,1.875888907016372,0.4502552702316434,[6.0],4.0,4.0,4.0,Octahedron,6a,1,6.0,Hf,0.0,True
mp-2715651,Na8Hf2Sc2Si5SO24,1.7103603551739794,0.911238669326512,[6.0],4.0,4.0,4.0,no_data,no_data,1,6.0,Hf,0.0,True
mp-2715674,Na2Hf4Ta4Si7S5O48,1.9593067106256443,0.256971793772595,[6.0],4.0,4.0,4.0,Octahedron,1a,1,6.0,Hf,0.0,True
mp-2715675,NaHfTaSi(PO6)2,1.9029669208444864,0.3559508388967765,[6.0],4.0,4.0,4.0,Octahedron,2a,1,6.0,Hf,0.0,True
mp-2715718,Na8CaHf3Si4(PO12)2,1.7308830594486135,0.8608277710197475,[6.0],4.0,4.0,4.0,Octahedron,1a,1,6.0,Hf,0.0,True
mp-2715722,NaHfNbSi2SO12,1.887296685847648,0.4319044524030596,[6.0],4.0,4.0,4.0,Octahedron,6a,1,6.0,Hf,0.0,True
mp-2715741,Na7Hf2Zn2SiP5O24,1.6870148006281347,0.9754571212970904,[6.0],4.0,4.0,4.0,Octahedron,1a,1,6.0,Hf,0.0,True
mp-2715748,NaHf2Nb2SiP5O24,1.9382395912864063,0.3033989763752367,[6.0],4.0,4.0,4.0,Octahedron,1a,1,6.0,Hf,0.0,True
mp-2715833,Na5Hf3ZnSiP5O24,1.8171762093799135,0.6352661990952598,[6.0],4.0,4.0,4.0,Octahedron,1a,1,6.0,Hf,0.0,True
mp-2715867,Na3Hf2Al2P5SO24,1.9025335773478809,0.3730232140520712,[6.0],4.0,4.0,4.0,Octahedron,1a,1,6.0,Hf,0.0,True
mp-2715887,Na5Hf3MgSiP5O24,1.8134193417756,0.6398295147020929,[6.0],4.0,4.0,4.0,Octahedron,1a,1,6.0,Hf,0.0,True
mp-2715904,Na5Hf2Al2SiP5O24,1.8224026395143027,0.5655568889573928,[6.0],4.0,4.0,4.0,Octahedron,1a,1,6.0,Hf,0.0,True
mp-2715907,Na5Hf2In2SiP5O24,1.8366777146968232,0.5885741300682439,[6.0],4.0,4.0,4.0,Octahedron,1a,1,6.0,Hf,0.0,True
mp-2715950,Na3CaHf3P5SO24,1.8803929064747045,0.4822499929069462,[6.0],4.0,4.0,4.0,Octahedron,1a,1,6.0,Hf,0.0,True
mp-2715993,Na3Hf2Sc2P5SO24,1.8759014772204383,0.4757405546425426,[6.0],4.0,4.0,4.0,Octahedron,1a,1,6.0,Hf,0.0,True
mp-2716005,Na3Y2Hf2P5SO24,1.867262347951972,0.5159669021174788,[6.0],4.0,4.0,4.0,no_data,no_data,1,6.0,Hf,0.0,True
mp-2716009,Na3Hf3MgP5SO24,1.8768450793154896,0.4682434004868067,[6.0],4.0,4.0,4.0,Octahedron,1a,1,6.0,Hf,0.0,True
mp-2716021,Na3Hf2Ga2P5SO24,1.901715068255789,0.3807461896949697,[6.0],4.0,4.0,4.0,Octahedron,1a,1,6.0,Hf,0.0,True
mp-2716053,Na5Hf2Ga2SiP5O24,1.82889103618739,0.5609635061211536,[6.0],4.0,4.0,4.0,Octahedron,1a,1,6.0,Hf,0.0,True
mp-2716075,Na7Ca3HfP5SO24,1.8903145553674472,0.4867216317424768,[6.0],4.0,4.0,4.0,Octahedron,1a,1,6.0,Hf,0.0,True
mp-2716078,Na3Hf3ZnP5SO24,1.887465700821803,0.4481916047427662,[6.0],4.0,4.0,4.0,Octahedron,1a,1,6.0,Hf,0.0,True
mp-2716116,Na3Hf2In2P5SO24,1.8866131791921283,0.4483199881519696,[6.0],4.0,4.0,4.0,Octahedron,1a,1,6.0,Hf,0.0,True
mp-2716117,Na5CaHf3SiP5O24,1.834076313913868,0.6006172811634866,[6.0],4.0,4.0,4.0,Octahedron,1a,1,6.0,Hf,0.0,True
mp-2716132,Na4YHfSi2PO12,1.7890081229755506,0.7837567593120478,[6.0],4.0,4.0,4.0,Octahedron,6a,1,6.0,Hf,0.0,True
mp-2716151,Na2Hf8Si5S7O48,1.925430751974642,0.3721067777890742,[6.0],4.0,4.0,4.0,Octahedron,1a,1,6.0,Hf,0.0,True
mp-2716186,NaHf2Zr2P5SO24,1.9221835088813464,0.3626989933769456,[6.0],4.0,4.0,4.0,Octahedron,1a,1,6.0,Hf,0.0,True
mp-2716217,NaHf4P5SO24,1.927091595445732,0.3371569293579312,[6.0],4.0,4.0,4.0,Octahedron,1a,1,6.0,Hf,0.0,True
mp-2716220,NaHf2Sn2P5SO24,1.914027211046448,0.346207839045848,[6.0],4.0,4.0,4.0,Octahedron,1a,1,6.0,Hf,0.0,True
mp-2716226,Na8Hf3MgSi5SO24,1.712250217160544,0.9139118079096962,[6.0],4.0,4.0,4.0,no_data,no_data,1,6.0,Hf,0.0,True
mp-2716231,NaHf2Ti2P5SO24,1.931754916457781,0.2903687088954282,[6.0],4.0,4.0,4.0,Octahedron,1a,1,6.0,Hf,0.0,True
mp-2716234,Na2Hf4Ti4Si5S7O48,1.9503963706226504,0.2707920806679225,[6.0],4.0,4.0,4.0,Octahedron,1a,1,6.0,Hf,0.0,True
mp-2716235,Na4HfInSi2PO12,1.8034641613064797,0.6964770064884139,[6.0],4.0,4.0,4.0,Octahedron,6a,1,6.0,Hf,0.0,True
mp-2716252,Na8Hf2In2Si5SO24,1.7250043694582256,0.8699282653427239,[6.0],4.0,4.0,4.0,Octahedron,1a,1,6.0,Hf,0.0,True
mp-2716258,Na4HfGaSi2PO12,1.8231348874995024,0.5840745113751519,[6.0],4.0,4.0,4.0,Octahedron,6a,1,6.0,Hf,0.0,True
mp-2716265,Na2Hf4Zr4Si5S7O48,1.9400200445545168,0.3346457296489661,[6.0],4.0,4.0,4.0,Octahedron,1a,1,6.0,Hf,0.0,True
mp-2716289,NaHf2In2P3(SO8)3,1.9218183109013256,0.3577083781208772,[6.0],4.0,4.0,4.0,Octahedron,1a,1,6.0,Hf,0.0,True
mp-2716292,Na2Hf6Mg2Si3(S3O16)3,1.9190340588443624,0.3714494928047396,[6.0],4.0,4.0,4.0,Octahedron,1a,1,6.0,Hf,0.0,True
mp-2716297,NaHf2Al2P3(SO8)3,1.9284189634407372,0.3088494086592779,[6.0],4.0,4.0,4.0,no_data,no_data,1,6.0,Hf,0.0,True
mp-2716299,Na10Hf4Nb4Si11SO48,1.87026359709796,0.5086988775708638,[6.0],4.0,4.0,4.0,no_data,no_data,1,6.0,Hf,0.0,True
mp-2716333,Na5HfGa3(PO4)6,1.8490058268531937,0.5069933860388174,[6.0],4.0,4.0,4.0,Octahedron,1a,1,6.0,Hf,0.0,True
mp-2716338,Na2Ca2Hf6Si3(S3O16)3,1.9281950714553695,0.3704728313992426,[6.0],4.0,4.0,4.0,Octahedron,1a,1,6.0,Hf,0.0,True
mp-2716347,Na4HfZr(SiO4)3,1.4916671027813904,1.462130902246502,[6.0],4.0,4.0,4.0,Octahedron,"1b, 1c, 1a",1,6.0,Hf,0.0,True
mp-2716357,NaHf3MgP3(SO8)3,1.914295728154864,0.3692994018139138,[6.0],4.0,4.0,4.0,Octahedron,1a,1,6.0,Hf,0.0,True
mp-2716365,K3NaHf2(SiO4)3,0.6335415080797844,3.614643628441742,[6.0],4.0,4.0,4.0,Octahedron,12c,1,6.0,Hf,0.0,True
mp-2716379,Na5Hf2Nb2Si5PO24,1.786550710569718,0.7047791207633903,[6.0],4.0,4.0,4.0,Octahedron,1a,1,6.0,Hf,0.0,True
mp-2716386,Na2Hf4Sc4Si3(S3O16)3,1.9182827302191068,0.3838498430740973,[6.0],4.0,4.0,4.0,Octahedron,1a,1,6.0,Hf,0.0,True
mp-2716416,NaHf2Ga2P3(SO8)3,1.9368158579986208,0.2980299974034827,[6.0],4.0,4.0,4.0,Octahedron,1a,1,6.0,Hf,0.0,True
mp-2716421,Na5HfAl3(PO4)6,1.8423733399282192,0.4839124553493623,[6.0],4.0,4.0,4.0,Octahedron,1a,1,6.0,Hf,0.0,True
mp-2716424,Na2Hf6Zn2Si3(S3O16)3,1.9249085236737755,0.3541617232009731,[6.0],4.0,4.0,4.0,Octahedron,1a,1,6.0,Hf,0.0,True
mp-2716425,NaCaHf3P3(SO8)3,1.9252309198353452,0.354198549216196,[6.0],4.0,4.0,4.0,Octahedron,1a,1,6.0,Hf,0.0,True
mp-2716426,Na5Hf2Ta2Si5PO24,1.77832639490464,0.7204054409270042,[6.0],4.0,4.0,4.0,Octahedron,1a,1,6.0,Hf,0.0,True
mp-2716435,Na2Hf4In4Si3(S3O16)3,1.9218215455953953,0.3805120624508015,[6.0],4.0,4.0,4.0,Octahedron,1a,1,6.0,Hf,0.0,True
mp-2716438,Na3Hf3Sc(PO4)6,1.9189975495906129,0.3714781180767376,[6.0],4.0,4.0,4.0,Octahedron,1a,1,6.0,Hf,0.0,True
mp-2716458,Na6Hf7Zn(PO4)12,1.9035977258353107,0.407769975664308,[6.0],4.0,4.0,4.0,Octahedron,1a,1,6.0,Hf,0.0,True
mp-2716478,Na4Hf2(SiO4)3,1.5234913018495706,1.3682992671566594,[6.0],4.0,4.0,4.0,Octahedron,12c,1,6.0,Hf,0.0,True
mp-2716480,NaHf2Sc2P3(SO8)3,1.9257240542842111,0.3519727252803813,[6.0],4.0,4.0,4.0,Octahedron,1a,1,6.0,Hf,0.0,True
mp-2716509,Na4HfSi3GeO12,1.5704372985279182,1.2156696945014336,[6.0],4.0,4.0,4.0,Octahedron,"1b, 1c, 1a",1,6.0,Hf,0.0,True
mp-2716520,NaHf3ZnP3(SO8)3,1.9286558746397984,0.3331890692514329,[6.0],4.0,4.0,4.0,Octahedron,1a,1,6.0,Hf,0.0,True
mp-2716526,Na4HfTi(SiO4)3,1.5093765010250364,1.392376906907378,[6.0],4.0,4.0,4.0,Octahedron,"1b, 1c, 1a",1,6.0,Hf,0.0,True
mp-2716531,Na10Hf4Ta4Si11SO48,1.873065852370948,0.5016674775474057,[6.0],4.0,4.0,4.0,no_data,no_data,1,6.0,Hf,0.0,True
mp-2716537,Na6Hf7Mg(PO4)12,1.8837326622797328,0.447272302800303,[6.0],4.0,4.0,4.0,Octahedron,1a,1,6.0,Hf,0.0,True
mp-2716540,Na10Hf5Zn3(PO4)12,1.8118032634834211,0.6457915407307653,[6.0],4.0,4.0,4.0,Octahedron,1a,1,6.0,Hf,0.0,True
mp-2716546,NaY2Hf2P3(SO8)3,1.9169123233841432,0.3819681826748652,[6.0],4.0,4.0,4.0,no_data,no_data,1,6.0,Hf,0.0,True
mp-2716555,Na2Hf4Ga4Si3(S3O16)3,1.91698103688261,0.3411882435545109,[6.0],4.0,4.0,4.0,Octahedron,1a,1,6.0,Hf,0.0,True
mp-2716566,Na3Hf3Ga(PO4)6,1.9092568970831731,0.3708272423761207,[6.0],4.0,4.0,4.0,Octahedron,1a,1,6.0,Hf,0.0,True
mp-2716570,Na4HfSi3SnO12,1.537569186039029,1.313714494628977,[6.0],4.0,4.0,4.0,Octahedron,"1b, 1c, 1a",1,6.0,Hf,0.0,True
mp-27221,Ca2Hf7O16,1.8171871421310375,0.5980928295743111,"[6.0, 7.0]",4.0,4.0,4.0,"Square-face capped trigonal prism, Octahedron","6f, 1a",2,6.0,Hf,0.0,True
mp-27221,Ca2Hf7O16,1.8171871421310375,0.5980928295743111,"[6.0, 7.0]",4.0,4.0,4.0,"Square-face capped trigonal prism, Octahedron","6f, 1a",2,7.0,Hf,0.0,True
mp-2724101,Li2HfO3,2.111551418499306,-0.0343462213294382,[6.0],4.0,4.0,4.0,Octahedron,1a,1,6.0,Hf,0.0,True
mp-2755143,Ba4Hf3O10,1.9961399416864216,0.2284977695249734,[6.0],4.0,4.0,4.0,Octahedron,"2a, 4d",1,6.0,Hf,0.0,True
mp-3378,SrHfO3,2.0606968868785756,0.0329981839619146,[6.0],4.0,4.0,4.0,Octahedron,4b,1,6.0,Hf,0.0,True
mp-352,HfO2,1.9691887057644872,0.3871429078933692,[7.0],4.0,4.0,4.0,Square-face capped trigonal prism,4e,1,7.0,Hf,0.0,True
mp-35799,Hf2Bi2O7,2.0250131002946103,0.1177241786512692,[6.0],4.0,4.0,4.0,Octahedron,2c,1,6.0,Hf,0.0,True
mp-3721,SrHfO3,2.0709235011252227,-0.0087242830016235,[6.0],4.0,4.0,4.0,Octahedron,2c,1,6.0,Hf,0.0,True
mp-40161,NaHf2(PO4)3,1.9078509260136471,0.3909765137462035,[6.0],4.0,4.0,4.0,Octahedron,4c,1,6.0,Hf,0.0,True
mp-4673,SrHfO3,2.060568015456152,0.0223681145703911,[6.0],4.0,4.0,4.0,Octahedron,4d,1,6.0,Hf,0.0,True
mp-531956,Hf3Sc4O12,1.8122094249680891,0.6466595001569705,"[6.0, 7.0]",4.0,4.0,4.0,"Square-face capped trigonal prism, Octahedron",1a,2,6.0,Hf,0.0,True
mp-531956,Hf3Sc4O12,1.8122094249680891,0.6466595001569705,"[6.0, 7.0]",4.0,4.0,4.0,"Square-face capped trigonal prism, Octahedron",1a,2,7.0,Hf,0.0,True
mp-532704,K2YHf(PO4)3,2.0310786729712116,0.1033926027254456,[6.0],4.0,4.0,4.0,no_data,no_data,1,6.0,Hf,0.0,True
mp-545548,BaHf(PO4)2,1.8297893842410011,0.5830718496807423,[6.0],4.0,4.0,4.0,Octahedron,1a,1,6.0,Hf,0.0,True
mp-550908,SrHfO3,2.064087203199501,0.0073599184461985,[6.0],4.0,4.0,4.0,Octahedron,2b,1,6.0,Hf,0.0,True
mp-555344,Hf2P2O9,1.915909581715605,0.3744497617205621,"[6.0, 7.0]",4.0,4.0,4.0,"Pentagonal bipyramid, Octahedron",2i,2,6.0,Hf,0.0,True
mp-555344,Hf2P2O9,1.915909581715605,0.3744497617205621,"[6.0, 7.0]",4.0,4.0,4.0,"Pentagonal bipyramid, Octahedron",2i,2,7.0,Hf,0.0,True
mp-555607,K8Hf(MoO4)6,1.8403587371872263,0.607710699841159,[6.0],4.0,4.0,4.0,Octahedron,2a,1,6.0,Hf,0.0,True
mp-555720,Dy2Hf2(MoO4)7,1.9164744097789503,0.4026848915330071,[6.0],4.0,4.0,4.0,Octahedron,4f,1,6.0,Hf,0.0,True
mp-558067,Na8Hf(MoO4)6,2.142003837619307,-0.1490578849038177,[6.0],4.0,4.0,4.0,Octahedron,2a,1,6.0,Hf,0.0,True
mp-558164,CaHf4O9,1.8910065041945232,0.4920101006942404,"[6.0, 7.0, 8.0]",4.0,4.0,4.0,"Cube, Square-face capped trigonal prism, Octahedron","4f, 2e",3,6.0,Hf,0.0,True
mp-558164,CaHf4O9,1.8910065041945232,0.4920101006942404,"[6.0, 7.0, 8.0]",4.0,4.0,4.0,"Cube, Square-face capped trigonal prism, Octahedron","4f, 2e",3,7.0,Hf,0.0,True
mp-558164,CaHf4O9,1.8910065041945232,0.4920101006942404,"[6.0, 7.0, 8.0]",4.0,4.0,4.0,"Cube, Square-face capped trigonal prism, Octahedron","4f, 2e",3,8.0,Hf,0.0,True
mp-558489,Ca6Hf19O44,1.7509901303677378,0.7913995662232202,"[6.0, 7.0, 8.0]",4.0,4.0,4.0,"Cube, Pentagonal bipyramid, Square-face capped trigonal prism, Octahedron","6e, 2a, 12f",4,6.0,Hf,0.0,True
mp-558489,Ca6Hf19O44,1.7509901303677378,0.7913995662232202,"[6.0, 7.0, 8.0]",4.0,4.0,4.0,"Cube, Pentagonal bipyramid, Square-face capped trigonal prism, Octahedron","6e, 2a, 12f",4,7.0,Hf,0.0,True
mp-558489,Ca6Hf19O44,1.7509901303677378,0.7913995662232202,"[6.0, 7.0, 8.0]",4.0,4.0,4.0,"Cube, Pentagonal bipyramid, Square-face capped trigonal prism, Octahedron","6e, 2a, 12f",4,8.0,Hf,0.0,True
mp-558963,HfNi5(BO5)2,1.9240648814568055,0.4020264369400913,[6.0],4.0,4.0,4.0,Octahedron,4c,1,6.0,Hf,0.0,True
mp-559188,Hf(MoO4)2,2.177564413206168,0.02195031828683,[8.0],4.0,4.0,4.0,Dodecahedron with triangular faces - p2345 plane normalized,2e,1,8.0,Hf,0.0,True
mp-559617,HfB2O5,1.9210033882906523,0.4350556508462525,[8.0],4.0,4.0,4.0,Square antiprism,4e,1,8.0,Hf,0.0,True
mp-647350,Rb5HfFe(MoO4)6,1.9178601169755436,0.3891979164738952,[6.0],4.0,4.0,4.0,Octahedron,2b,1,6.0,Hf,0.0,True
mp-669414,HfPbO3,1.992442596722671,0.2963218458998832,[6.0],4.0,4.0,4.0,Octahedron,4c,1,6.0,Hf,0.0,True
mp-675093,Hf2N2O,1.839176821303734,0.5162788213502851,"[2.0, 1.0, 3.0]",4.0,4.0,4.0,"Trigonal prism, Octahedron",1a,2,2.0,Hf,0.0,True
mp-675093,Hf2N2O,1.839176821303734,0.5162788213502851,"[2.0, 1.0, 3.0]",4.0,4.0,4.0,"Trigonal prism, Octahedron",1a,2,1.0,Hf,0.0,True
mp-675093,Hf2N2O,1.839176821303734,0.5162788213502851,"[2.0, 1.0, 3.0]",4.0,4.0,4.0,"Trigonal prism, Octahedron",1a,2,3.0,Hf,0.0,True
mp-676653,Lu4Hf3O12,1.87395348868459,0.5384682935201213,"[6.0, 7.0]",4.0,4.0,4.0,"Square-face capped trigonal prism, Octahedron",2i,2,6.0,Hf,0.0,True
mp-676653,Lu4Hf3O12,1.87395348868459,0.5384682935201213,"[6.0, 7.0]",4.0,4.0,4.0,"Square-face capped trigonal prism, Octahedron",2i,2,7.0,Hf,0.0,True
mp-685097,HfO2,2.0025144135103985,0.32394227681866,[7.0],4.0,4.0,4.0,Square-face capped trigonal prism,4a,1,7.0,Hf,0.0,True
mp-685490,Hf3Sc4O12,1.852994064079057,0.5766006294494621,"[6.0, 7.0]",4.0,4.0,4.0,"Square-face capped trigonal prism, Octahedron",1a,2,6.0,Hf,0.0,True
mp-685490,Hf3Sc4O12,1.852994064079057,0.5766006294494621,"[6.0, 7.0]",4.0,4.0,4.0,"Square-face capped trigonal prism, Octahedron",1a,2,7.0,Hf,0.0,True
mp-693284,Ca3Hf2Fe2SiO12,1.8692992256263217,0.5426283823938829,[6.0],4.0,4.0,4.0,Octahedron,8c,1,6.0,Hf,0.0,True
mp-697304,K4Hf3Mn(PO4)6,1.9457221582508928,0.2547211662609759,[6.0],4.0,4.0,4.0,no_data,no_data,1,6.0,Hf,0.0,True
mp-697913,HfP2(H3O5)2,1.9999704515787144,0.1642541134395084,[6.0],4.0,4.0,4.0,Octahedron,2a,1,6.0,Hf,0.0,True
mp-705900,Hf3Tl10Mo12PbO48,1.471568007267936,1.4517960823955096,[6.0],4.0,4.0,4.0,Octahedron,"2c, 1a",1,6.0,Hf,0.0,True
mp-720802,Na6HfH8S5O24,2.0623824062797813,0.2076440585369832,[8.0],4.0,4.0,4.0,Dodecahedron with triangular faces - p2345 plane normalized,2a,1,8.0,Hf,0.0,True
mp-752396,Ca2HfO4,2.062405122292435,0.0923138119815832,[6.0],4.0,4.0,4.0,Octahedron,4a,1,6.0,Hf,0.0,True
mp-752413,Ca2HfO4,1.8489173236697616,0.6180073955290405,[6.0],4.0,4.0,4.0,Octahedron,2a,1,6.0,Hf,0.0,True
mp-752537,Sr2HfO4,1.7608278577236665,0.9264403493749022,[6.0],4.0,4.0,4.0,Octahedron,2a,1,6.0,Hf,0.0,True
mp-752581,Sr2HfO4,2.2483064242223865,-0.4533489389770442,[6.0],4.0,4.0,4.0,Octahedron,4a,1,6.0,Hf,0.0,True
mp-752691,Sr3Hf2O7,2.05282674861392,0.0515877842631239,[6.0],4.0,4.0,4.0,Octahedron,4f,1,6.0,Hf,0.0,True
mp-753794,Hf2P2O9,1.9083894629337892,0.4086318757343669,[7.0],4.0,4.0,4.0,Pentagonal bipyramid,4f,1,7.0,Hf,0.0,True
mp-753917,Y2HfO5,2.035500407296117,0.1780810007383556,[6.0],4.0,4.0,4.0,Octahedron,2a,1,6.0,Hf,0.0,True
mp-754041,Gd2HfO5,1.915068559391841,0.5022087067585439,[6.0],4.0,4.0,4.0,Octahedron,2c,1,6.0,Hf,0.0,True
mp-754128,Ba3Hf2O7,2.006132379581916,0.2123340396497831,[6.0],4.0,4.0,4.0,Octahedron,2e,1,6.0,Hf,0.0,True
mp-754363,Ba2HfO4,2.141485910497127,-0.137603968127226,[6.0],4.0,4.0,4.0,Octahedron,1a,1,6.0,Hf,0.0,True
mp-754668,Hf3N2O3,1.8476765656289311,0.5909880267369161,"[3.0, 4.0]",4.0,4.0,4.0,Octahedron,1a,1,3.0,Hf,0.0,True
mp-754668,Hf3N2O3,1.8476765656289311,0.5909880267369161,"[3.0, 4.0]",4.0,4.0,4.0,Octahedron,1a,1,4.0,Hf,0.0,True
mp-754761,Sr2HfO4,2.145777037857452,-0.1904414279174607,[6.0],4.0,4.0,4.0,Octahedron,4c,1,6.0,Hf,0.0,True
mp-754853,CaHfO3,2.0698927174744455,0.0152845695011352,[6.0],4.0,4.0,4.0,Octahedron,4b,1,6.0,Hf,0.0,True
mp-755537,Y2HfO5,1.8942618410579464,0.5051523304237547,[6.0],4.0,4.0,4.0,Octahedron,2c,1,6.0,Hf,0.0,True
mp-756180,Ba2Hf7O16,1.7954332005948768,0.7484940803694695,"[6.0, 7.0]",4.0,4.0,4.0,"Square-face capped trigonal prism, Octahedron","6f, 1a",2,6.0,Hf,0.0,True
mp-756180,Ba2Hf7O16,1.7954332005948768,0.7484940803694695,"[6.0, 7.0]",4.0,4.0,4.0,"Square-face capped trigonal prism, Octahedron","6f, 1a",2,7.0,Hf,0.0,True
mp-757149,Sr2Hf7O16,1.798784135070806,0.6681393086693862,"[6.0, 7.0]",4.0,4.0,4.0,"Square-face capped trigonal prism, Octahedron","6f, 1a",2,6.0,Hf,0.0,True
mp-757149,Sr2Hf7O16,1.798784135070806,0.6681393086693862,"[6.0, 7.0]",4.0,4.0,4.0,"Square-face capped trigonal prism, Octahedron","6f, 1a",2,7.0,Hf,0.0,True
mp-757336,Hf2N2O,1.814559964228408,0.5517076855389571,"[2.0, 1.0, 3.0]",4.0,4.0,4.0,"Trigonal prism, Octahedron",1a,2,2.0,Hf,0.0,True
mp-757336,Hf2N2O,1.814559964228408,0.5517076855389571,"[2.0, 1.0, 3.0]",4.0,4.0,4.0,"Trigonal prism, Octahedron",1a,2,1.0,Hf,0.0,True
mp-757336,Hf2N2O,1.814559964228408,0.5517076855389571,"[2.0, 1.0, 3.0]",4.0,4.0,4.0,"Trigonal prism, Octahedron",1a,2,3.0,Hf,0.0,True
mp-760007,Hf3N2O3,1.9188518678734623,0.4215208845513715,"[3.0, 4.0]",4.0,4.0,4.0,Octahedron,"4f, 2c",1,3.0,Hf,0.0,True
mp-760007,Hf3N2O3,1.9188518678734623,0.4215208845513715,"[3.0, 4.0]",4.0,4.0,4.0,Octahedron,"4f, 2c",1,4.0,Hf,0.0,True
mp-761033,Hf3N2O3,1.9125705257103345,0.4206101665146569,"[2.0, 3.0, 4.0]",4.0,4.0,4.0,Octahedron,1a,1,2.0,Hf,0.0,True
mp-761033,Hf3N2O3,1.9125705257103345,0.4206101665146569,"[2.0, 3.0, 4.0]",4.0,4.0,4.0,Octahedron,1a,1,3.0,Hf,0.0,True
mp-761033,Hf3N2O3,1.9125705257103345,0.4206101665146569,"[2.0, 3.0, 4.0]",4.0,4.0,4.0,Octahedron,1a,1,4.0,Hf,0.0,True
mp-766090,Hf3Sc4O12,1.6268603419764245,1.0173582670095622,"[6.0, 7.0]",4.0,4.0,4.0,"Square-face capped trigonal prism, Octahedron",2i,2,6.0,Hf,0.0,True
mp-766090,Hf3Sc4O12,1.6268603419764245,1.0173582670095622,"[6.0, 7.0]",4.0,4.0,4.0,"Square-face capped trigonal prism, Octahedron",2i,2,7.0,Hf,0.0,True
mp-768234,La2HfO5,1.9238756205241665,0.4798214065497911,[5.0],4.0,4.0,4.0,Square pyramid,4c,1,5.0,Hf,0.0,True
mp-768237,Gd2HfO5,1.9357681922893677,0.3666275025567999,[5.0],4.0,4.0,4.0,Square pyramid,4c,1,5.0,Hf,0.0,True
mp-768305,Sr2HfO4,2.224519047526606,-0.4165784928053885,[6.0],4.0,4.0,4.0,Octahedron,1a,1,6.0,Hf,0.0,True
mp-770372,CeHfO4,1.973210898108152,0.3314703020491104,[6.0],4.0,4.0,4.0,Octahedron,4e,1,6.0,Hf,0.0,True
mp-770805,Li6Hf2O7,1.8040350782982764,0.6922224461618995,[6.0],4.0,4.0,4.0,Octahedron,4e,1,6.0,Hf,0.0,True
mp-770997,Li2HfO3,2.236161767750283,-0.3832813119989258,[6.0],4.0,4.0,4.0,Octahedron,1a,1,6.0,Hf,0.0,True
mp-771121,La2HfO5,2.0260694700096225,0.326358015399104,[6.0],4.0,4.0,4.0,Octahedron,4c,1,6.0,Hf,0.0,True
mp-771139,Cs4HfO4,1.9580990446082116,0.0949791417297681,[4.0],4.0,4.0,4.0,Tetrahedron,4e,1,4.0,Hf,0.0,True
mp-772185,Li6Hf2O7,1.8181178150686232,0.6477861166930607,[6.0],4.0,4.0,4.0,Octahedron,4f,1,6.0,Hf,0.0,True
mp-772778,KHfPCO7,1.877254436117872,0.5015384762948611,[6.0],4.0,4.0,4.0,Octahedron,2a,1,6.0,Hf,0.0,True
mp-772823,Y2HfO5,2.4356178659651864,-0.76721303026156,[6.0],4.0,4.0,4.0,Octahedron,4c,1,6.0,Hf,0.0,True
mp-772833,Y2HfO5,1.945197285290852,0.3120780463390882,[5.0],4.0,4.0,4.0,Square pyramid,4c,1,5.0,Hf,0.0,True
mp-772850,La2Hf2O7,1.8806250240033704,0.5437027312998868,[6.0],4.0,4.0,4.0,Octahedron,2a,1,6.0,Hf,0.0,True
mp-775757,HfO2,1.9555912124900572,0.3823292588982932,[7.0],4.0,4.0,4.0,Square-face capped trigonal prism,8c,1,7.0,Hf,0.0,True
mp-775783,Hf2N2O,1.8971026780609463,0.4336190571829018,"[2.0, 1.0, 3.0, 4.0]",4.0,4.0,4.0,"Trigonal prism, Octahedron",1a,2,2.0,Hf,0.0,True
mp-775783,Hf2N2O,1.8971026780609463,0.4336190571829018,"[2.0, 1.0, 3.0, 4.0]",4.0,4.0,4.0,"Trigonal prism, Octahedron",1a,2,1.0,Hf,0.0,True
mp-775783,Hf2N2O,1.8971026780609463,0.4336190571829018,"[2.0, 1.0, 3.0, 4.0]",4.0,4.0,4.0,"Trigonal prism, Octahedron",1a,2,3.0,Hf,0.0,True
mp-775783,Hf2N2O,1.8971026780609463,0.4336190571829018,"[2.0, 1.0, 3.0, 4.0]",4.0,4.0,4.0,"Trigonal prism, Octahedron",1a,2,4.0,Hf,0.0,True
mp-775784,Hf2N2O,1.8549098511265456,0.5012784937918359,"[2.0, 1.0, 3.0]",4.0,4.0,4.0,"Trigonal prism, Octahedron",1a,2,2.0,Hf,0.0,True
mp-775784,Hf2N2O,1.8549098511265456,0.5012784937918359,"[2.0, 1.0, 3.0]",4.0,4.0,4.0,"Trigonal prism, Octahedron",1a,2,1.0,Hf,0.0,True
mp-775784,Hf2N2O,1.8549098511265456,0.5012784937918359,"[2.0, 1.0, 3.0]",4.0,4.0,4.0,"Trigonal prism, Octahedron",1a,2,3.0,Hf,0.0,True
mp-775785,Hf2N2O,1.975484899357022,0.3305775125891612,"[2.0, 1.0, 0, 3.0, 4.0]",4.0,4.0,4.0,"Trigonal prism, Octahedron",1a,2,2.0,Hf,0.0,True
mp-775785,Hf2N2O,1.975484899357022,0.3305775125891612,"[2.0, 1.0, 0, 3.0, 4.0]",4.0,4.0,4.0,"Trigonal prism, Octahedron",1a,2,1.0,Hf,0.0,True
mp-775785,Hf2N2O,1.975484899357022,0.3305775125891612,"[2.0, 1.0, 0, 3.0, 4.0]",4.0,4.0,4.0,"Trigonal prism, Octahedron",1a,2,0.0,Hf,0.0,True
mp-775785,Hf2N2O,1.975484899357022,0.3305775125891612,"[2.0, 1.0, 0, 3.0, 4.0]",4.0,4.0,4.0,"Trigonal prism, Octahedron",1a,2,3.0,Hf,0.0,True
mp-775785,Hf2N2O,1.975484899357022,0.3305775125891612,"[2.0, 1.0, 0, 3.0, 4.0]",4.0,4.0,4.0,"Trigonal prism, Octahedron",1a,2,4.0,Hf,0.0,True
mp-775786,Hf2N2O,1.8047983348632672,0.5694446449581688,"[2.0, 1.0, 3.0]",4.0,4.0,4.0,"Trigonal prism, Octahedron",1a,2,2.0,Hf,0.0,True
mp-775786,Hf2N2O,1.8047983348632672,0.5694446449581688,"[2.0, 1.0, 3.0]",4.0,4.0,4.0,"Trigonal prism, Octahedron",1a,2,1.0,Hf,0.0,True
mp-775786,Hf2N2O,1.8047983348632672,0.5694446449581688,"[2.0, 1.0, 3.0]",4.0,4.0,4.0,"Trigonal prism, Octahedron",1a,2,3.0,Hf,0.0,True
mp-775799,Hf2N2O,1.954286393301085,0.3631280793349655,"[2.0, 1.0, 3.0]",4.0,4.0,4.0,"Trigonal prism, Octahedron",1a,2,2.0,Hf,0.0,True
mp-775799,Hf2N2O,1.954286393301085,0.3631280793349655,"[2.0, 1.0, 3.0]",4.0,4.0,4.0,"Trigonal prism, Octahedron",1a,2,1.0,Hf,0.0,True
mp-775799,Hf2N2O,1.954286393301085,0.3631280793349655,"[2.0, 1.0, 3.0]",4.0,4.0,4.0,"Trigonal prism, Octahedron",1a,2,3.0,Hf,0.0,True
mp-776212,Hf2N2O,1.8851594412490664,0.4570681234185995,"[2.0, 1.0, 0, 3.0]",4.0,4.0,4.0,"Trigonal prism, Octahedron",1a,2,2.0,Hf,0.0,True
mp-776212,Hf2N2O,1.8851594412490664,0.4570681234185995,"[2.0, 1.0, 0, 3.0]",4.0,4.0,4.0,"Trigonal prism, Octahedron",1a,2,1.0,Hf,0.0,True
mp-776212,Hf2N2O,1.8851594412490664,0.4570681234185995,"[2.0, 1.0, 0, 3.0]",4.0,4.0,4.0,"Trigonal prism, Octahedron",1a,2,0.0,Hf,0.0,True
mp-776212,Hf2N2O,1.8851594412490664,0.4570681234185995,"[2.0, 1.0, 0, 3.0]",4.0,4.0,4.0,"Trigonal prism, Octahedron",1a,2,3.0,Hf,0.0,True
mp-776213,Hf2N2O,1.888552029375438,0.4508661804827484,"[2.0, 1.0, 3.0]",4.0,4.0,4.0,"Trigonal prism, Octahedron",1a,2,2.0,Hf,0.0,True
mp-776213,Hf2N2O,1.888552029375438,0.4508661804827484,"[2.0, 1.0, 3.0]",4.0,4.0,4.0,"Trigonal prism, Octahedron",1a,2,1.0,Hf,0.0,True
mp-776213,Hf2N2O,1.888552029375438,0.4508661804827484,"[2.0, 1.0, 3.0]",4.0,4.0,4.0,"Trigonal prism, Octahedron",1a,2,3.0,Hf,0.0,True
mp-776214,Hf2N2O,1.8756329594303751,0.4644307397207342,"[2.0, 1.0, 3.0]",4.0,4.0,4.0,"Trigonal prism, Octahedron",1a,2,2.0,Hf,0.0,True
mp-776214,Hf2N2O,1.8756329594303751,0.4644307397207342,"[2.0, 1.0, 3.0]",4.0,4.0,4.0,"Trigonal prism, Octahedron",1a,2,1.0,Hf,0.0,True
mp-776214,Hf2N2O,1.8756329594303751,0.4644307397207342,"[2.0, 1.0, 3.0]",4.0,4.0,4.0,"Trigonal prism, Octahedron",1a,2,3.0,Hf,0.0,True
mp-776225,Hf2N2O,1.8527658903521949,0.5077431855642132,"[2.0, 1.0, 3.0]",4.0,4.0,4.0,"Trigonal prism, Octahedron",1a,2,2.0,Hf,0.0,True
mp-776225,Hf2N2O,1.8527658903521949,0.5077431855642132,"[2.0, 1.0, 3.0]",4.0,4.0,4.0,"Trigonal prism, Octahedron",1a,2,1.0,Hf,0.0,True
mp-776225,Hf2N2O,1.8527658903521949,0.5077431855642132,"[2.0, 1.0, 3.0]",4.0,4.0,4.0,"Trigonal prism, Octahedron",1a,2,3.0,Hf,0.0,True
mp-776226,Hf2N2O,2.0374240936927075,0.22738808591917,"[2.0, 1.0, 3.0]",4.0,4.0,4.0,"Trigonal prism, Octahedron",1a,2,2.0,Hf,0.0,True
mp-776226,Hf2N2O,2.0374240936927075,0.22738808591917,"[2.0, 1.0, 3.0]",4.0,4.0,4.0,"Trigonal prism, Octahedron",1a,2,1.0,Hf,0.0,True
mp-776226,Hf2N2O,2.0374240936927075,0.22738808591917,"[2.0, 1.0, 3.0]",4.0,4.0,4.0,"Trigonal prism, Octahedron",1a,2,3.0,Hf,0.0,True
mp-776259,Hf2N2O,1.9832225659051457,0.3081044399174428,"[2.0, 1.0, 3.0, 4.0]",4.0,4.0,4.0,"Trigonal prism, Octahedron",1a,2,2.0,Hf,0.0,True
mp-776259,Hf2N2O,1.9832225659051457,0.3081044399174428,"[2.0, 1.0, 3.0, 4.0]",4.0,4.0,4.0,"Trigonal prism, Octahedron",1a,2,1.0,Hf,0.0,True
mp-776259,Hf2N2O,1.9832225659051457,0.3081044399174428,"[2.0, 1.0, 3.0, 4.0]",4.0,4.0,4.0,"Trigonal prism, Octahedron",1a,2,3.0,Hf,0.0,True
mp-776259,Hf2N2O,1.9832225659051457,0.3081044399174428,"[2.0, 1.0, 3.0, 4.0]",4.0,4.0,4.0,"Trigonal prism, Octahedron",1a,2,4.0,Hf,0.0,True
mp-779001,Sr4Hf3O10,2.0529111673494693,0.0425823976177234,[6.0],4.0,4.0,4.0,Octahedron,"2a, 4d",1,6.0,Hf,0.0,True
mp-779517,Sr3Hf2O7,2.0825517121800123,-0.0103371486730753,[6.0],4.0,4.0,4.0,Octahedron,2e,1,6.0,Hf,0.0,True
mp-779519,Ba4Hf3O10,1.9990523178094937,0.2730253838054249,[6.0],4.0,4.0,4.0,Octahedron,"2a, 4d",1,6.0,Hf,0.0,True
mp-779738,Hf2N2O,1.881471457244976,0.4565422384829586,"[2.0, 1.0, 0, 3.0]",4.0,4.0,4.0,"Trigonal prism, Octahedron",1a,2,2.0,Hf,0.0,True
mp-779738,Hf2N2O,1.881471457244976,0.4565422384829586,"[2.0, 1.0, 0, 3.0]",4.0,4.0,4.0,"Trigonal prism, Octahedron",1a,2,1.0,Hf,0.0,True
mp-779738,Hf2N2O,1.881471457244976,0.4565422384829586,"[2.0, 1.0, 0, 3.0]",4.0,4.0,4.0,"Trigonal prism, Octahedron",1a,2,0.0,Hf,0.0,True
mp-779738,Hf2N2O,1.881471457244976,0.4565422384829586,"[2.0, 1.0, 0, 3.0]",4.0,4.0,4.0,"Trigonal prism, Octahedron",1a,2,3.0,Hf,0.0,True
mp-779739,Hf2N2O,1.978384633077443,0.3194357359259722,"[2.0, 1.0, 3.0]",4.0,4.0,4.0,"Trigonal prism, Octahedron",1a,2,2.0,Hf,0.0,True
mp-779739,Hf2N2O,1.978384633077443,0.3194357359259722,"[2.0, 1.0, 3.0]",4.0,4.0,4.0,"Trigonal prism, Octahedron",1a,2,1.0,Hf,0.0,True
mp-779739,Hf2N2O,1.978384633077443,0.3194357359259722,"[2.0, 1.0, 3.0]",4.0,4.0,4.0,"Trigonal prism, Octahedron",1a,2,3.0,Hf,0.0,True
mp-779833,Hf2N2O,1.826627300824447,0.5375613222568106,"[2.0, 1.0, 0, 3.0]",4.0,4.0,4.0,"Trigonal prism, Octahedron",1a,2,2.0,Hf,0.0,True
mp-779833,Hf2N2O,1.826627300824447,0.5375613222568106,"[2.0, 1.0, 0, 3.0]",4.0,4.0,4.0,"Trigonal prism, Octahedron",1a,2,1.0,Hf,0.0,True
mp-779833,Hf2N2O,1.826627300824447,0.5375613222568106,"[2.0, 1.0, 0, 3.0]",4.0,4.0,4.0,"Trigonal prism, Octahedron",1a,2,0.0,Hf,0.0,True
mp-779833,Hf2N2O,1.826627300824447,0.5375613222568106,"[2.0, 1.0, 0, 3.0]",4.0,4.0,4.0,"Trigonal prism, Octahedron",1a,2,3.0,Hf,0.0,True
mp-779837,Hf2N2O,1.8843845131600696,0.4542019665231749,"[2.0, 1.0, 3.0]",4.0,4.0,4.0,"Trigonal prism, Octahedron",1a,2,2.0,Hf,0.0,True
mp-779837,Hf2N2O,1.8843845131600696,0.4542019665231749,"[2.0, 1.0, 3.0]",4.0,4.0,4.0,"Trigonal prism, Octahedron",1a,2,1.0,Hf,0.0,True
mp-779837,Hf2N2O,1.8843845131600696,0.4542019665231749,"[2.0, 1.0, 3.0]",4.0,4.0,4.0,"Trigonal prism, Octahedron",1a,2,3.0,Hf,0.0,True
mp-779863,Hf2N2O,1.854399065228145,0.502587963214568,"[2.0, 1.0, 0, 3.0, 4.0]",4.0,4.0,4.0,"Trigonal prism, Octahedron",1a,2,2.0,Hf,0.0,True
mp-779863,Hf2N2O,1.854399065228145,0.502587963214568,"[2.0, 1.0, 0, 3.0, 4.0]",4.0,4.0,4.0,"Trigonal prism, Octahedron",1a,2,1.0,Hf,0.0,True
mp-779863,Hf2N2O,1.854399065228145,0.502587963214568,"[2.0, 1.0, 0, 3.0, 4.0]",4.0,4.0,4.0,"Trigonal prism, Octahedron",1a,2,0.0,Hf,0.0,True
mp-779863,Hf2N2O,1.854399065228145,0.502587963214568,"[2.0, 1.0, 0, 3.0, 4.0]",4.0,4.0,4.0,"Trigonal prism, Octahedron",1a,2,3.0,Hf,0.0,True
mp-779863,Hf2N2O,1.854399065228145,0.502587963214568,"[2.0, 1.0, 0, 3.0, 4.0]",4.0,4.0,4.0,"Trigonal prism, Octahedron",1a,2,4.0,Hf,0.0,True
mp-779864,Hf2N2O,1.9615255539224492,0.3314146227026305,"[2.0, 1.0, 3.0]",4.0,4.0,4.0,"Trigonal prism, Octahedron",1a,2,2.0,Hf,0.0,True
mp-779864,Hf2N2O,1.9615255539224492,0.3314146227026305,"[2.0, 1.0, 3.0]",4.0,4.0,4.0,"Trigonal prism, Octahedron",1a,2,1.0,Hf,0.0,True
mp-779864,Hf2N2O,1.9615255539224492,0.3314146227026305,"[2.0, 1.0, 3.0]",4.0,4.0,4.0,"Trigonal prism, Octahedron",1a,2,3.0,Hf,0.0,True
mp-779973,Hf2N2O,1.7570672524808082,0.6421891584630026,"[2.0, 1.0, 0, 3.0]",4.0,4.0,4.0,"Trigonal prism, Octahedron",1a,2,2.0,Hf,0.0,True
mp-779973,Hf2N2O,1.7570672524808082,0.6421891584630026,"[2.0, 1.0, 0, 3.0]",4.0,4.0,4.0,"Trigonal prism, Octahedron",1a,2,1.0,Hf,0.0,True
mp-779973,Hf2N2O,1.7570672524808082,0.6421891584630026,"[2.0, 1.0, 0, 3.0]",4.0,4.0,4.0,"Trigonal prism, Octahedron",1a,2,0.0,Hf,0.0,True
mp-779973,Hf2N2O,1.7570672524808082,0.6421891584630026,"[2.0, 1.0, 0, 3.0]",4.0,4.0,4.0,"Trigonal prism, Octahedron",1a,2,3.0,Hf,0.0,True
mp-779974,Hf2N2O,1.7712739025548268,0.6231184558594274,"[2.0, 1.0, 0, 3.0]",4.0,4.0,4.0,"Trigonal prism, Octahedron",1a,2,2.0,Hf,0.0,True
mp-779974,Hf2N2O,1.7712739025548268,0.6231184558594274,"[2.0, 1.0, 0, 3.0]",4.0,4.0,4.0,"Trigonal prism, Octahedron",1a,2,1.0,Hf,0.0,True
mp-779974,Hf2N2O,1.7712739025548268,0.6231184558594274,"[2.0, 1.0, 0, 3.0]",4.0,4.0,4.0,"Trigonal prism, Octahedron",1a,2,0.0,Hf,0.0,True
mp-779974,Hf2N2O,1.7712739025548268,0.6231184558594274,"[2.0, 1.0, 0, 3.0]",4.0,4.0,4.0,"Trigonal prism, Octahedron",1a,2,3.0,Hf,0.0,True
mp-779975,Hf2N2O,2.0120526009097817,0.2673398930209544,"[2.0, 1.0, 3.0]",4.0,4.0,4.0,"Trigonal prism, Octahedron",1a,2,2.0,Hf,0.0,True
mp-779975,Hf2N2O,2.0120526009097817,0.2673398930209544,"[2.0, 1.0, 3.0]",4.0,4.0,4.0,"Trigonal prism, Octahedron",1a,2,1.0,Hf,0.0,True
mp-779975,Hf2N2O,2.0120526009097817,0.2673398930209544,"[2.0, 1.0, 3.0]",4.0,4.0,4.0,"Trigonal prism, Octahedron",1a,2,3.0,Hf,0.0,True
mp-779979,Hf2N2O,2.0630310705801365,0.1987878880372607,"[2.0, 1.0, 0, 3.0]",4.0,4.0,4.0,"Trigonal prism, Octahedron",1a,2,2.0,Hf,0.0,True
mp-779979,Hf2N2O,2.0630310705801365,0.1987878880372607,"[2.0, 1.0, 0, 3.0]",4.0,4.0,4.0,"Trigonal prism, Octahedron",1a,2,1.0,Hf,0.0,True
mp-779979,Hf2N2O,2.0630310705801365,0.1987878880372607,"[2.0, 1.0, 0, 3.0]",4.0,4.0,4.0,"Trigonal prism, Octahedron",1a,2,0.0,Hf,0.0,True
mp-779979,Hf2N2O,2.0630310705801365,0.1987878880372607,"[2.0, 1.0, 0, 3.0]",4.0,4.0,4.0,"Trigonal prism, Octahedron",1a,2,3.0,Hf,0.0,True
mp-779980,Hf2N2O,1.8842234070533737,0.4579303923342893,"[2.0, 1.0, 0, 3.0, 4.0]",4.0,4.0,4.0,"Trigonal prism, Octahedron",1a,2,2.0,Hf,0.0,True
mp-779980,Hf2N2O,1.8842234070533737,0.4579303923342893,"[2.0, 1.0, 0, 3.0, 4.0]",4.0,4.0,4.0,"Trigonal prism, Octahedron",1a,2,1.0,Hf,0.0,True
mp-779980,Hf2N2O,1.8842234070533737,0.4579303923342893,"[2.0, 1.0, 0, 3.0, 4.0]",4.0,4.0,4.0,"Trigonal prism, Octahedron",1a,2,0.0,Hf,0.0,True
mp-779980,Hf2N2O,1.8842234070533737,0.4579303923342893,"[2.0, 1.0, 0, 3.0, 4.0]",4.0,4.0,4.0,"Trigonal prism, Octahedron",1a,2,3.0,Hf,0.0,True
mp-779980,Hf2N2O,1.8842234070533737,0.4579303923342893,"[2.0, 1.0, 0, 3.0, 4.0]",4.0,4.0,4.0,"Trigonal prism, Octahedron",1a,2,4.0,Hf,0.0,True
mp-779982,Hf2N2O,1.9873675708948937,0.2964464401936872,"[2.0, 1.0, 0, 3.0]",4.0,4.0,4.0,"Trigonal prism, Octahedron",1a,2,2.0,Hf,0.0,True
mp-779982,Hf2N2O,1.9873675708948937,0.2964464401936872,"[2.0, 1.0, 0, 3.0]",4.0,4.0,4.0,"Trigonal prism, Octahedron",1a,2,1.0,Hf,0.0,True
mp-779982,Hf2N2O,1.9873675708948937,0.2964464401936872,"[2.0, 1.0, 0, 3.0]",4.0,4.0,4.0,"Trigonal prism, Octahedron",1a,2,0.0,Hf,0.0,True
mp-779982,Hf2N2O,1.9873675708948937,0.2964464401936872,"[2.0, 1.0, 0, 3.0]",4.0,4.0,4.0,"Trigonal prism, Octahedron",1a,2,3.0,Hf,0.0,True
mp-780060,Hf2N2O,1.7460430375770524,0.6637568615621326,"[2.0, 1.0, 0, 3.0]",4.0,4.0,4.0,"Trigonal prism, Octahedron",1a,2,2.0,Hf,0.0,True
mp-780060,Hf2N2O,1.7460430375770524,0.6637568615621326,"[2.0, 1.0, 0, 3.0]",4.0,4.0,4.0,"Trigonal prism, Octahedron",1a,2,1.0,Hf,0.0,True
mp-780060,Hf2N2O,1.7460430375770524,0.6637568615621326,"[2.0, 1.0, 0, 3.0]",4.0,4.0,4.0,"Trigonal prism, Octahedron",1a,2,0.0,Hf,0.0,True
mp-780060,Hf2N2O,1.7460430375770524,0.6637568615621326,"[2.0, 1.0, 0, 3.0]",4.0,4.0,4.0,"Trigonal prism, Octahedron",1a,2,3.0,Hf,0.0,True
mp-780061,Hf2N2O,1.9187913305705124,0.381990132843334,"[2.0, 1.0, 3.0, 4.0]",4.0,4.0,4.0,"Trigonal prism, Octahedron",1a,2,2.0,Hf,0.0,True
mp-780061,Hf2N2O,1.9187913305705124,0.381990132843334,"[2.0, 1.0, 3.0, 4.0]",4.0,4.0,4.0,"Trigonal prism, Octahedron",1a,2,1.0,Hf,0.0,True
mp-780061,Hf2N2O,1.9187913305705124,0.381990132843334,"[2.0, 1.0, 3.0, 4.0]",4.0,4.0,4.0,"Trigonal prism, Octahedron",1a,2,3.0,Hf,0.0,True
mp-780061,Hf2N2O,1.9187913305705124,0.381990132843334,"[2.0, 1.0, 3.0, 4.0]",4.0,4.0,4.0,"Trigonal prism, Octahedron",1a,2,4.0,Hf,0.0,True
mp-780075,Hf2N2O,2.105992565047277,0.1465572283703664,"[2.0, 1.0, 3.0]",4.0,4.0,4.0,"Trigonal prism, Octahedron",1a,2,2.0,Hf,0.0,True
mp-780075,Hf2N2O,2.105992565047277,0.1465572283703664,"[2.0, 1.0, 3.0]",4.0,4.0,4.0,"Trigonal prism, Octahedron",1a,2,1.0,Hf,0.0,True
mp-780075,Hf2N2O,2.105992565047277,0.1465572283703664,"[2.0, 1.0, 3.0]",4.0,4.0,4.0,"Trigonal prism, Octahedron",1a,2,3.0,Hf,0.0,True
mp-780230,Hf2N2O,1.8412978045179815,0.5279227663710027,"[2.0, 1.0, 0, 3.0, 4.0]",4.0,4.0,4.0,"Trigonal prism, Octahedron",1a,2,2.0,Hf,0.0,True
mp-780230,Hf2N2O,1.8412978045179815,0.5279227663710027,"[2.0, 1.0, 0, 3.0, 4.0]",4.0,4.0,4.0,"Trigonal prism, Octahedron",1a,2,1.0,Hf,0.0,True
mp-780230,Hf2N2O,1.8412978045179815,0.5279227663710027,"[2.0, 1.0, 0, 3.0, 4.0]",4.0,4.0,4.0,"Trigonal prism, Octahedron",1a,2,0.0,Hf,0.0,True
mp-780230,Hf2N2O,1.8412978045179815,0.5279227663710027,"[2.0, 1.0, 0, 3.0, 4.0]",4.0,4.0,4.0,"Trigonal prism, Octahedron",1a,2,3.0,Hf,0.0,True
mp-780230,Hf2N2O,1.8412978045179815,0.5279227663710027,"[2.0, 1.0, 0, 3.0, 4.0]",4.0,4.0,4.0,"Trigonal prism, Octahedron",1a,2,4.0,Hf,0.0,True
mp-780231,Hf2N2O,1.9898643476557492,0.3039146396165596,"[2.0, 1.0, 0, 3.0, 4.0]",4.0,4.0,4.0,"Trigonal prism, Octahedron",1a,2,2.0,Hf,0.0,True
mp-780231,Hf2N2O,1.9898643476557492,0.3039146396165596,"[2.0, 1.0, 0, 3.0, 4.0]",4.0,4.0,4.0,"Trigonal prism, Octahedron",1a,2,1.0,Hf,0.0,True
mp-780231,Hf2N2O,1.9898643476557492,0.3039146396165596,"[2.0, 1.0, 0, 3.0, 4.0]",4.0,4.0,4.0,"Trigonal prism, Octahedron",1a,2,0.0,Hf,0.0,True
mp-780231,Hf2N2O,1.9898643476557492,0.3039146396165596,"[2.0, 1.0, 0, 3.0, 4.0]",4.0,4.0,4.0,"Trigonal prism, Octahedron",1a,2,3.0,Hf,0.0,True
mp-780231,Hf2N2O,1.9898643476557492,0.3039146396165596,"[2.0, 1.0, 0, 3.0, 4.0]",4.0,4.0,4.0,"Trigonal prism, Octahedron",1a,2,4.0,Hf,0.0,True
mp-780232,Hf2N2O,1.8453351483760063,0.5153855464369292,"[2.0, 1.0, 0, 3.0]",4.0,4.0,4.0,"Trigonal prism, Octahedron",1a,2,2.0,Hf,0.0,True
mp-780232,Hf2N2O,1.8453351483760063,0.5153855464369292,"[2.0, 1.0, 0, 3.0]",4.0,4.0,4.0,"Trigonal prism, Octahedron",1a,2,1.0,Hf,0.0,True
mp-780232,Hf2N2O,1.8453351483760063,0.5153855464369292,"[2.0, 1.0, 0, 3.0]",4.0,4.0,4.0,"Trigonal prism, Octahedron",1a,2,0.0,Hf,0.0,True
mp-780232,Hf2N2O,1.8453351483760063,0.5153855464369292,"[2.0, 1.0, 0, 3.0]",4.0,4.0,4.0,"Trigonal prism, Octahedron",1a,2,3.0,Hf,0.0,True
mp-780234,Hf2N2O,1.8338821579861744,0.5341395883984812,"[2.0, 1.0, 0, 3.0, 4.0]",4.0,4.0,4.0,"Trigonal prism, Octahedron",1a,2,2.0,Hf,0.0,True
mp-780234,Hf2N2O,1.8338821579861744,0.5341395883984812,"[2.0, 1.0, 0, 3.0, 4.0]",4.0,4.0,4.0,"Trigonal prism, Octahedron",1a,2,1.0,Hf,0.0,True
mp-780234,Hf2N2O,1.8338821579861744,0.5341395883984812,"[2.0, 1.0, 0, 3.0, 4.0]",4.0,4.0,4.0,"Trigonal prism, Octahedron",1a,2,0.0,Hf,0.0,True
mp-780234,Hf2N2O,1.8338821579861744,0.5341395883984812,"[2.0, 1.0, 0, 3.0, 4.0]",4.0,4.0,4.0,"Trigonal prism, Octahedron",1a,2,3.0,Hf,0.0,True
mp-780234,Hf2N2O,1.8338821579861744,0.5341395883984812,"[2.0, 1.0, 0, 3.0, 4.0]",4.0,4.0,4.0,"Trigonal prism, Octahedron",1a,2,4.0,Hf,0.0,True
mp-780274,Hf2N2O,1.9661754947814196,0.3303355456354124,"[2.0, 1.0, 3.0, 4.0]",4.0,4.0,4.0,"Trigonal prism, Octahedron",1a,2,2.0,Hf,0.0,True
mp-780274,Hf2N2O,1.9661754947814196,0.3303355456354124,"[2.0, 1.0, 3.0, 4.0]",4.0,4.0,4.0,"Trigonal prism, Octahedron",1a,2,1.0,Hf,0.0,True
mp-780274,Hf2N2O,1.9661754947814196,0.3303355456354124,"[2.0, 1.0, 3.0, 4.0]",4.0,4.0,4.0,"Trigonal prism, Octahedron",1a,2,3.0,Hf,0.0,True
mp-780274,Hf2N2O,1.9661754947814196,0.3303355456354124,"[2.0, 1.0, 3.0, 4.0]",4.0,4.0,4.0,"Trigonal prism, Octahedron",1a,2,4.0,Hf,0.0,True
mp-863749,Rb2Hf2O5,1.2322818930463408,3.620560104833237,[5.0],4.0,4.0,4.0,Square pyramid,2h,1,5.0,Hf,0.0,True
mp-865500,Na2Hf2O5,2.0284390378656,-0.0784242250061161,[5.0],4.0,4.0,4.0,Square pyramid,2h,1,5.0,Hf,0.0,True
mp-974482,K4Hf5O12,1.5475040634936226,1.3975719235400437,[6.0],4.0,4.0,4.0,"Trigonal prism, Octahedron","2d, 1a",2,6.0,Hf,0.0,True
