material_id,chem_formula,R0,B,CN_raw,mean_charge,min_charge,max_charge,chemenv,Ge_wyckoff,num_Ge_chemenvs,CN,element,charge_range,is_single_charge
mp-10080,PrGeBO5,1.7479217273897507,0.2526667300297363,[4.0],4.0,4.0,4.0,Tetrahedron,3a,1,4.0,Ge,0.0,True
mp-1019548,BaGe(S2O7)3,1.87842776366918,0.005414111513511,[6.0],4.0,4.0,4.0,Octahedron,4a,1,6.0,Ge,0.0,True
mp-1019566,Ca3ZnGe5O14,1.7914430770140384,0.3133640009791813,[4.0],4.0,4.0,4.0,Tetrahedron,"2c, 1b",1,4.0,Ge,0.0,True
mp-1019739,Eu2Ge(BO4)2,1.7736447904048669,0.5209854615736875,[4.0],4.0,4.0,4.0,Tetrahedron,4c,1,4.0,Ge,0.0,True
mp-1020012,Li2Ge4O9,1.7848878805817818,0.3001800861784729,"[4.0, 6.0]",4.0,4.0,4.0,"Octahedron, Tetrahedron",4a,2,4.0,Ge,0.0,True
mp-1020012,Li2Ge4O9,1.7848878805817818,0.3001800861784729,"[4.0, 6.0]",4.0,4.0,4.0,"Octahedron, Tetrahedron",4a,2,6.0,Ge,0.0,True
mp-1020030,LiAl(GeO3)2,1.7286150118722894,0.932175162778968,"[4.0, 5.0]",4.0,4.0,4.0,"Tetrahedron, Trigonal bipyramid",4e,2,4.0,Ge,0.0,True
mp-1020030,LiAl(GeO3)2,1.7286150118722894,0.932175162778968,"[4.0, 5.0]",4.0,4.0,4.0,"Tetrahedron, Trigonal bipyramid",4e,2,5.0,Ge,0.0,True
mp-1020596,NaGa(GeO3)2,1.7762689215003842,0.2643388433766034,[4.0],4.0,4.0,4.0,Tetrahedron,4f,1,4.0,Ge,0.0,True
mp-1020628,SrGe(PO4)2,1.6475730960168171,0.5462654613212766,[6.0],4.0,4.0,4.0,Octahedron,2c,1,6.0,Ge,0.0,True
mp-1020650,Sr3Ge2(B3O8)2,1.7681398796209322,0.1614143972943415,[4.0],4.0,4.0,4.0,Tetrahedron,2i,1,4.0,Ge,0.0,True
mp-1020704,Sr2Ge(S2O7)4,1.6752038227844674,0.5027173973109105,[6.0],4.0,4.0,4.0,Octahedron,2d,1,6.0,Ge,0.0,True
mp-1020707,Rb2GeB4O9,1.7722529012983417,0.3223029599226182,[4.0],4.0,4.0,4.0,Tetrahedron,2a,1,4.0,Ge,0.0,True
mp-1020896,Rb4Ge3B6O17,1.7733070755119826,0.4173931748783094,[4.0],4.0,4.0,4.0,Tetrahedron,2a,1,4.0,Ge,0.0,True
mp-1021510,LiGe2(PO4)3,1.752060513844858,0.3288057044234502,[6.0],4.0,4.0,4.0,Octahedron,2c,1,6.0,Ge,0.0,True
mp-1021514,NaGe2(PO4)3,1.774803615141045,0.2745410680573466,[6.0],4.0,4.0,4.0,Octahedron,4c,1,6.0,Ge,0.0,True
mp-1042864,Ti(GeO3)2,1.7689498168875233,0.0608514367117558,[4.0],4.0,4.0,4.0,Tetrahedron,4f,1,4.0,Ge,0.0,True
mp-1042873,Sn(GeO3)2,1.7720342421005413,0.2786038830887209,[4.0],4.0,4.0,4.0,Tetrahedron,4f,1,4.0,Ge,0.0,True
mp-1042982,CaTi(GeO3)2,1.9708567099548189,-0.0208328683930851,"[3.0, 5.0]",4.0,4.0,4.0,"Trigonal bipyramid, Triangular non-coplanar",4e,2,3.0,Ge,0.0,True
mp-1042982,CaTi(GeO3)2,1.9708567099548189,-0.0208328683930851,"[3.0, 5.0]",4.0,4.0,4.0,"Trigonal bipyramid, Triangular non-coplanar",4e,2,5.0,Ge,0.0,True
mp-1043032,Ti(GeO3)2,1.7692953343731346,0.0479639862181809,[4.0],4.0,4.0,4.0,Tetrahedron,4e,1,4.0,Ge,0.0,True
mp-1043139,CaNi(GeO3)2,1.7828450358548724,0.7734394105579371,"[4.0, 5.0]",4.0,4.0,4.0,"Trigonal bipyramid, Tetrahedron",4e,2,4.0,Ge,0.0,True
mp-1043139,CaNi(GeO3)2,1.7828450358548724,0.7734394105579371,"[4.0, 5.0]",4.0,4.0,4.0,"Trigonal bipyramid, Tetrahedron",4e,2,5.0,Ge,0.0,True
mp-1043149,MgCo(GeO3)2,1.7860131552669531,0.3630826381536762,[4.0],4.0,4.0,4.0,Tetrahedron,4e,1,4.0,Ge,0.0,True
mp-1043162,MgNi(GeO3)2,1.7863787482598816,0.4108287299635549,[4.0],4.0,4.0,4.0,Tetrahedron,8f,1,4.0,Ge,0.0,True
mp-1043165,CaNi(GeO3)2,1.7855377037978597,0.360947142512087,[4.0],4.0,4.0,4.0,Tetrahedron,8f,1,4.0,Ge,0.0,True
mp-1043166,ZnNi(GeO3)2,1.7834223820814523,0.3004325957390463,[4.0],4.0,4.0,4.0,Tetrahedron,4f,1,4.0,Ge,0.0,True
mp-1043170,CaCo(GeO3)2,1.788203576612506,0.8072929609945436,"[4.0, 5.0]",4.0,4.0,4.0,"Trigonal bipyramid, Tetrahedron",4e,2,4.0,Ge,0.0,True
mp-1043170,CaCo(GeO3)2,1.788203576612506,0.8072929609945436,"[4.0, 5.0]",4.0,4.0,4.0,"Trigonal bipyramid, Tetrahedron",4e,2,5.0,Ge,0.0,True
mp-1043189,MgCo(GeO3)2,1.7873297253266884,0.4222789518959962,[4.0],4.0,4.0,4.0,Tetrahedron,4f,1,4.0,Ge,0.0,True
mp-1043196,ZnCo(GeO3)2,1.7784306553264764,0.261463390880659,[4.0],4.0,4.0,4.0,Tetrahedron,4i,1,4.0,Ge,0.0,True
mp-1043203,CaCo(GeO3)2,1.782819722749012,0.3303839190250064,[4.0],4.0,4.0,4.0,Tetrahedron,1a,1,4.0,Ge,0.0,True
mp-1043213,MgV(GeO3)2,1.7919551436715924,0.4429241463675725,[4.0],4.0,4.0,4.0,Tetrahedron,4f,1,4.0,Ge,0.0,True
mp-1043243,MgNi(GeO3)2,1.7822525976668058,0.3901235988678005,[4.0],4.0,4.0,4.0,Tetrahedron,4e,1,4.0,Ge,0.0,True
mp-1043305,ZnNi(GeO3)2,1.7774300610260254,0.2409190585703171,[4.0],4.0,4.0,4.0,Tetrahedron,4e,1,4.0,Ge,0.0,True
mp-1043317,ZnCo(GeO3)2,1.7768191415014036,0.230058759598652,[4.0],4.0,4.0,4.0,Tetrahedron,4e,1,4.0,Ge,0.0,True
mp-1043355,CaV(GeO3)2,1.792130055324709,0.4129180084375175,[4.0],4.0,4.0,4.0,Tetrahedron,4e,1,4.0,Ge,0.0,True
mp-1043433,CaV(GeO3)2,1.7921299290250725,0.4129238630008464,[4.0],4.0,4.0,4.0,Tetrahedron,4e,1,4.0,Ge,0.0,True
mp-1043445,MnZn(GeO3)2,1.7775553555010766,0.2439443349070519,[4.0],4.0,4.0,4.0,Tetrahedron,2i,1,4.0,Ge,0.0,True
mp-1043454,MgMn(GeO3)2,1.7897336924661715,0.4627890655487201,[4.0],4.0,4.0,4.0,Tetrahedron,4f,1,4.0,Ge,0.0,True
mp-1043484,CaMn(GeO3)2,1.788379806121382,0.3992130672697898,[4.0],4.0,4.0,4.0,Tetrahedron,4f,1,4.0,Ge,0.0,True
mp-1043493,MgFe(GeO3)2,1.7880114005088372,0.4368754893385411,[4.0],4.0,4.0,4.0,Tetrahedron,8f,1,4.0,Ge,0.0,True
mp-1043513,CaFe(GeO3)2,1.7856645285984876,0.382404119430161,[4.0],4.0,4.0,4.0,Tetrahedron,8f,1,4.0,Ge,0.0,True
mp-1043530,MgFe(GeO3)2,1.7826681343468114,0.402502931165886,[4.0],4.0,4.0,4.0,Tetrahedron,4e,1,4.0,Ge,0.0,True
mp-1043588,ZnFe(GeO3)2,1.781068126763603,0.1921645334518384,[4.0],4.0,4.0,4.0,Tetrahedron,4f,1,4.0,Ge,0.0,True
mp-1043811,ZnFe(GeO3)2,1.78273003914268,0.276218947952873,[4.0],4.0,4.0,4.0,Tetrahedron,4e,1,4.0,Ge,0.0,True
mp-1043877,CaFe(GeO3)2,1.792301536959147,0.8851542568060988,"[4.0, 5.0]",4.0,4.0,4.0,"Trigonal bipyramid, Tetrahedron",4e,2,4.0,Ge,0.0,True
mp-1043877,CaFe(GeO3)2,1.792301536959147,0.8851542568060988,"[4.0, 5.0]",4.0,4.0,4.0,"Trigonal bipyramid, Tetrahedron",4e,2,5.0,Ge,0.0,True
mp-1043952,CaMn(GeO3)2,1.79410988285365,1.1084369403255825,"[4.0, 5.0]",4.0,4.0,4.0,"Trigonal bipyramid, Tetrahedron",4e,2,4.0,Ge,0.0,True
mp-1043952,CaMn(GeO3)2,1.79410988285365,1.1084369403255825,"[4.0, 5.0]",4.0,4.0,4.0,"Trigonal bipyramid, Tetrahedron",4e,2,5.0,Ge,0.0,True
mp-1044245,MnZn(GeO3)2,1.776872844073215,0.2325043109170341,[4.0],4.0,4.0,4.0,Tetrahedron,4e,1,4.0,Ge,0.0,True
mp-1044891,MgMn(GeO3)2,1.7841269581819543,0.4073064973616369,[4.0],4.0,4.0,4.0,Tetrahedron,4e,1,4.0,Ge,0.0,True
mp-1095485,BaGe(PO4)2,1.72267834533683,0.4210690370840219,[6.0],4.0,4.0,4.0,Octahedron,1a,1,6.0,Ge,0.0,True
mp-10966,Tb2Cu(GeO3)4,1.775053811346461,0.3014053957289345,[4.0],4.0,4.0,4.0,Tetrahedron,2i,1,4.0,Ge,0.0,True
mp-1097997,KEu(GeO3)2,1.7814475964273448,0.5145005810659318,[4.0],4.0,4.0,4.0,Tetrahedron,8f,1,4.0,Ge,0.0,True
mp-1101981,SrGe(PO4)2,1.625989961293855,0.5982819894601772,[6.0],4.0,4.0,4.0,Octahedron,1a,1,6.0,Ge,0.0,True
mp-1105143,NaIn(GeO3)2,1.7783276431010848,0.3404143015774463,[4.0],4.0,4.0,4.0,Tetrahedron,8f,1,4.0,Ge,0.0,True
mp-1105411,LiCr(GeO3)2,1.7550144235583125,0.319026787506489,[4.0],4.0,4.0,4.0,Tetrahedron,4f,1,4.0,Ge,0.0,True
mp-1105628,NaMn(GeO3)2,1.7747607651444146,0.2198721957450858,[4.0],4.0,4.0,4.0,Tetrahedron,4f,1,4.0,Ge,0.0,True
mp-1106201,MnGeO3,1.7705043905799542,0.371179999110096,[4.0],4.0,4.0,4.0,Tetrahedron,4f,1,4.0,Ge,0.0,True
mp-1173783,NaCa2GeO4F,1.7846708248455756,0.528587475594821,[4.0],4.0,4.0,4.0,Tetrahedron,1a,1,4.0,Ge,0.0,True
mp-1178450,Cs6Ge2O7,1.7782856700265637,0.4964092637950748,[4.0],4.0,4.0,4.0,Tetrahedron,4e,1,4.0,Ge,0.0,True
mp-1186921,Rb2Ga2Ge3O10,1.7763938043345149,0.3918395729642789,[4.0],4.0,4.0,4.0,Tetrahedron,"1a, 2c, 1b",1,4.0,Ge,0.0,True
mp-1188169,LiFe(GeO3)2,1.7549339379027036,0.2725216273357883,[4.0],4.0,4.0,4.0,Tetrahedron,4f,1,4.0,Ge,0.0,True
mp-1190545,Ba2MgGe2O7,1.761919179485807,0.3463461041628631,[4.0],4.0,4.0,4.0,Tetrahedron,4e,1,4.0,Ge,0.0,True
mp-1190820,Ba2FeGe2O7,1.7630997400381112,0.3637759328184624,[4.0],4.0,4.0,4.0,Tetrahedron,8e,1,4.0,Ge,0.0,True
mp-1190827,Ba2CoGe2O7,1.7850849380015668,0.3992713619613862,[4.0],4.0,4.0,4.0,Tetrahedron,1a,1,4.0,Ge,0.0,True
mp-1190949,Ba2ZnGe2O7,1.7784833519120515,0.3984288680729917,[4.0],4.0,4.0,4.0,Tetrahedron,4e,1,4.0,Ge,0.0,True
mp-1191317,Sr2CoGe2O7,1.7778325038059832,0.3944066944315501,[4.0],4.0,4.0,4.0,Tetrahedron,4e,1,4.0,Ge,0.0,True
mp-1191402,GdMnGe2O7,1.7928462935191227,0.1566429295874689,[4.0],4.0,4.0,4.0,Tetrahedron,4l,1,4.0,Ge,0.0,True
mp-1191974,CaGe(PO4)2,1.592254808228327,0.7668033446567695,[6.0],4.0,4.0,4.0,Octahedron,2d,1,6.0,Ge,0.0,True
mp-1192147,Ba2MnGe2O7,1.7809534057360807,0.4037431222900528,[4.0],4.0,4.0,4.0,Tetrahedron,8e,1,4.0,Ge,0.0,True
mp-1192417,BaGePbO4,1.7673541553348286,0.1570945622039141,[4.0],4.0,4.0,4.0,Tetrahedron,4a,1,4.0,Ge,0.0,True
mp-1192433,Na5Pr4Ge4O16F,1.7770878372607768,-0.0809182953022433,[4.0],4.0,4.0,4.0,Tetrahedron,4g,1,4.0,Ge,0.0,True
mp-1192544,Na5Nd4Ge4O16F,1.7759905738740085,0.0161669138048497,[4.0],4.0,4.0,4.0,Tetrahedron,4g,1,4.0,Ge,0.0,True
mp-1192743,SrGePbO4,1.7810272538567689,0.1131597178412185,[4.0],4.0,4.0,4.0,Tetrahedron,4a,1,4.0,Ge,0.0,True
mp-1194165,Ba3Ge2(B3O8)2,1.750255451718564,0.1437202683465477,[4.0],4.0,4.0,4.0,Tetrahedron,2i,1,4.0,Ge,0.0,True
mp-1194519,K4Eu2U(GeO4)4,1.7754388979308338,0.2184515554783219,[4.0],4.0,4.0,4.0,Tetrahedron,2i,1,4.0,Ge,0.0,True
mp-1194658,Ba7GeB3ClO13,1.7761224020144002,0.6931147772481538,[4.0],4.0,4.0,4.0,Tetrahedron,4h,1,4.0,Ge,0.0,True
mp-1194662,K3TbGe3(HO5)2,1.7713411148699625,0.2006931590071597,[4.0],4.0,4.0,4.0,Tetrahedron,"4c, 8d",1,4.0,Ge,0.0,True
mp-1194740,LiSc(GeO3)2,1.7736624417363156,0.3233175738609396,[4.0],4.0,4.0,4.0,Tetrahedron,4e,1,4.0,Ge,0.0,True
mp-1194795,Ba7GeB3BrO13,1.7765973878792989,0.6794647393866877,[4.0],4.0,4.0,4.0,Tetrahedron,4h,1,4.0,Ge,0.0,True
mp-1195258,K3GdGe3(HO5)2,1.7739362207088405,0.3522415048637214,[4.0],4.0,4.0,4.0,Tetrahedron,"4c, 8d",1,4.0,Ge,0.0,True
mp-1195316,SmFeGe2O7,1.7771341547989028,0.3658192634044038,[4.0],4.0,4.0,4.0,Tetrahedron,4e,1,4.0,Ge,0.0,True
mp-1196124,BaGe4O9,1.7856509408505328,0.3084238746977834,"[4.0, 6.0]",4.0,4.0,4.0,"Octahedron, Tetrahedron","1c, 1a, 3d, 1b",2,4.0,Ge,0.0,True
mp-1196124,BaGe4O9,1.7856509408505328,0.3084238746977834,"[4.0, 6.0]",4.0,4.0,4.0,"Octahedron, Tetrahedron","1c, 1a, 3d, 1b",2,6.0,Ge,0.0,True
mp-1196136,Gd2Ge(BO4)2,1.7714596857974516,0.4857558792584441,[4.0],4.0,4.0,4.0,Tetrahedron,4c,1,4.0,Ge,0.0,True
mp-1196546,Ag2Ge(S2O7)3,1.72629124933136,0.4613943843053393,[6.0],4.0,4.0,4.0,Octahedron,"2c, 2d",1,6.0,Ge,0.0,True
mp-1197137,Nd2Ge(BO4)2,1.7560076717056134,0.5135559020801063,[4.0],4.0,4.0,4.0,Tetrahedron,4c,1,4.0,Ge,0.0,True
mp-1197686,GaGe2H5CNO6,1.7695188923848977,0.0144424597749591,[4.0],4.0,4.0,4.0,Tetrahedron,2i,1,4.0,Ge,0.0,True
mp-1197913,GePb(S2O7)3,1.802448937167444,0.2614045626707725,[6.0],4.0,4.0,4.0,Octahedron,2i,1,6.0,Ge,0.0,True
mp-1198094,Cs4U(Ge2O5)4,1.759272359269627,0.4050876208894979,"[4.0, 5.0]",4.0,4.0,4.0,"Tetrahedron, Trigonal bipyramid",4e,2,4.0,Ge,0.0,True
mp-1198094,Cs4U(Ge2O5)4,1.759272359269627,0.4050876208894979,"[4.0, 5.0]",4.0,4.0,4.0,"Tetrahedron, Trigonal bipyramid",4e,2,5.0,Ge,0.0,True
mp-1198509,GePb2(SeO3)4,1.8611633068390987,0.1835658322657246,[6.0],4.0,4.0,4.0,Octahedron,2c,1,6.0,Ge,0.0,True
mp-1199892,RbGeB3O7,1.7507427863864673,0.1467635843171939,[4.0],4.0,4.0,4.0,Tetrahedron,4a,1,4.0,Ge,0.0,True
mp-1199973,Co4GeP4(H6O11)2,2.0021918552316142,-0.2252603040323247,[6.0],4.0,4.0,4.0,Octahedron,2d,1,6.0,Ge,0.0,True
mp-1200513,BaCu2Ge3(HO5)2,1.794097137337819,0.292083652861414,"[4.0, 6.0]",4.0,4.0,4.0,"Octahedron, Tetrahedron","4f, 2b",2,4.0,Ge,0.0,True
mp-1200513,BaCu2Ge3(HO5)2,1.794097137337819,0.292083652861414,"[4.0, 6.0]",4.0,4.0,4.0,"Octahedron, Tetrahedron","4f, 2b",2,6.0,Ge,0.0,True
mp-1201485,Mn4GeP4(H6O11)2,1.9662115632352573,-0.1409740150437692,[6.0],4.0,4.0,4.0,Octahedron,2d,1,6.0,Ge,0.0,True
mp-1201655,CaCuGeH2O5,1.7875528460106067,0.2354515813850368,[4.0],4.0,4.0,4.0,Tetrahedron,4e,1,4.0,Ge,0.0,True
mp-1202152,Cu3Ge(PO5)2,1.7686349632962688,0.1675586141275317,[4.0],4.0,4.0,4.0,Tetrahedron,2e,1,4.0,Ge,0.0,True
mp-1202169,NaPr3Ge4O13,1.778512346547478,0.3447558609912337,[4.0],4.0,4.0,4.0,Tetrahedron,2i,1,4.0,Ge,0.0,True
mp-1202192,Na6Sn4Ge5O22,1.7792268338944277,0.2625905025981296,[4.0],4.0,4.0,4.0,Tetrahedron,2i,1,4.0,Ge,0.0,True
mp-1202492,Cs10Ge2O9,1.8091954754336208,-0.0383343616925078,[4.0],4.0,4.0,4.0,Tetrahedron,4e,1,4.0,Ge,0.0,True
mp-1202858,Hg2GeS6Cl2O21,1.8967363051675408,0.0503739920980249,[6.0],4.0,4.0,4.0,Octahedron,4e,1,6.0,Ge,0.0,True
mp-1203238,K4Ge2B8H2O19,1.7712682136573044,0.2485024761948301,[4.0],4.0,4.0,4.0,Tetrahedron,4f,1,4.0,Ge,0.0,True
mp-1203289,CsGeSbO5,1.7717903259896264,0.4306506330644567,[4.0],4.0,4.0,4.0,Tetrahedron,8g,1,4.0,Ge,0.0,True
mp-1203325,Sm2Ge(BO4)2,1.7707122869646323,0.5651145849918092,[4.0],4.0,4.0,4.0,Tetrahedron,4c,1,4.0,Ge,0.0,True
mp-1204495,Tb2Ge(BO4)2,1.752196147441945,0.4699024924341685,[4.0],4.0,4.0,4.0,Tetrahedron,4c,1,4.0,Ge,0.0,True
mp-1204954,Cd12Ge17(B4O29)2,1.782507240658099,0.3063519742580525,"[4.0, 6.0]",4.0,4.0,4.0,"Octahedron, Tetrahedron","1a, 4h",2,4.0,Ge,0.0,True
mp-1204954,Cd12Ge17(B4O29)2,1.782507240658099,0.3063519742580525,"[4.0, 6.0]",4.0,4.0,4.0,"Octahedron, Tetrahedron","1a, 4h",2,6.0,Ge,0.0,True
mp-1205333,CaTiGeO5,1.7693766542178786,0.0553634552001266,[4.0],4.0,4.0,4.0,Tetrahedron,2e,1,4.0,Ge,0.0,True
mp-1205383,Nd2GeO5,1.7594492935484336,0.4270421060805235,[4.0],4.0,4.0,4.0,Tetrahedron,4e,1,4.0,Ge,0.0,True
mp-1205426,KNa3Al4(GeO4)4,1.762195055934221,0.0855231768986862,[4.0],4.0,4.0,4.0,Tetrahedron,2a,1,4.0,Ge,0.0,True
mp-1207680,YGeBiO5,1.7816976518456589,0.1350110506904003,[4.0],4.0,4.0,4.0,Tetrahedron,8c,1,4.0,Ge,0.0,True
mp-1207733,YCrGeO5,1.7049569467926673,0.7382871336508894,[5.0],4.0,4.0,4.0,Square pyramid,4g,1,5.0,Ge,0.0,True
mp-1208000,Tm2Cu(GeO3)4,1.7730476011998693,0.2525472350474601,[4.0],4.0,4.0,4.0,Tetrahedron,2i,1,4.0,Ge,0.0,True
mp-1208044,Tm2Cu(GeO4)2,1.7963326134797128,0.2669129325678783,"[4.0, 5.0]",4.0,4.0,4.0,"Trigonal bipyramid, Tetrahedron","1a, 2b",2,4.0,Ge,0.0,True
mp-1208044,Tm2Cu(GeO4)2,1.7963326134797128,0.2669129325678783,"[4.0, 5.0]",4.0,4.0,4.0,"Trigonal bipyramid, Tetrahedron","1a, 2b",2,5.0,Ge,0.0,True
mp-1208364,TbAlGe2O7,1.7726211531769325,0.3594763089401895,[4.0],4.0,4.0,4.0,Tetrahedron,4e,1,4.0,Ge,0.0,True
mp-1208375,TbGaGe2O7,1.7755277210102731,0.3426428222332985,[4.0],4.0,4.0,4.0,Tetrahedron,4e,1,4.0,Ge,0.0,True
mp-1208423,TbCrGeO5,1.7160550131934904,0.7045879617081707,[5.0],4.0,4.0,4.0,Square pyramid,4g,1,5.0,Ge,0.0,True
mp-1208539,Tb2Cu(GeO4)2,1.7964372913961753,0.2860593874324824,"[4.0, 5.0]",4.0,4.0,4.0,"Trigonal bipyramid, Tetrahedron","1a, 2b",2,4.0,Ge,0.0,True
mp-1208539,Tb2Cu(GeO4)2,1.7964372913961753,0.2860593874324824,"[4.0, 5.0]",4.0,4.0,4.0,"Trigonal bipyramid, Tetrahedron","1a, 2b",2,5.0,Ge,0.0,True
mp-1208672,SrCo(GeO3)2,1.788550811301156,0.3951522242562317,[4.0],4.0,4.0,4.0,Tetrahedron,8f,1,4.0,Ge,0.0,True
mp-1208678,SmGaGe2O7,1.7763990391667983,0.3808424799304969,[4.0],4.0,4.0,4.0,Tetrahedron,4e,1,4.0,Ge,0.0,True
mp-1208680,SrMn(GeO3)2,1.787381934981178,0.3830648664609211,[4.0],4.0,4.0,4.0,Tetrahedron,4i,1,4.0,Ge,0.0,True
mp-1208812,SmCrGeO5,1.72326109832043,0.675944940212613,[5.0],4.0,4.0,4.0,Square pyramid,4g,1,5.0,Ge,0.0,True
mp-1208916,Sm2Cu(GeO4)2,1.797662619031684,0.3061731225657647,"[4.0, 5.0]",4.0,4.0,4.0,"Trigonal bipyramid, Tetrahedron","1a, 2b",2,4.0,Ge,0.0,True
mp-1208916,Sm2Cu(GeO4)2,1.797662619031684,0.3061731225657647,"[4.0, 5.0]",4.0,4.0,4.0,"Trigonal bipyramid, Tetrahedron","1a, 2b",2,5.0,Ge,0.0,True
mp-1208925,SmAlGe2O7,1.775684318644028,0.3651825717543717,[4.0],4.0,4.0,4.0,Tetrahedron,4e,1,4.0,Ge,0.0,True
mp-1209262,Sm3VGeO9,1.7867988502004426,0.3976279251066344,[4.0],4.0,4.0,4.0,Tetrahedron,4e,1,4.0,Ge,0.0,True
mp-1209621,PrGaGe2O7,1.778851008674993,0.3870904304731954,[4.0],4.0,4.0,4.0,Tetrahedron,4e,1,4.0,Ge,0.0,True
mp-1209642,PrAlGe2O7,1.7590260496096284,0.3649370828370514,[4.0],4.0,4.0,4.0,Tetrahedron,4e,1,4.0,Ge,0.0,True
mp-1209712,Pr5Ge3O13,1.7228235777516212,0.4952666072360449,[4.0],3.66666667,3.66666667,3.66666667,Tetrahedron,6h,1,4.0,Ge,0.0,True
mp-1209738,Pr2Cu(GeO4)2,1.7982712446525884,0.3364014901815433,"[4.0, 5.0]",4.0,4.0,4.0,"Trigonal bipyramid, Tetrahedron","1a, 2b",2,4.0,Ge,0.0,True
mp-1209738,Pr2Cu(GeO4)2,1.7982712446525884,0.3364014901815433,"[4.0, 5.0]",4.0,4.0,4.0,"Trigonal bipyramid, Tetrahedron","1a, 2b",2,5.0,Ge,0.0,True
mp-1209800,Rb2ZnGeO4,1.7876826198474411,0.0719902598265683,[4.0],4.0,4.0,4.0,Tetrahedron,4a,1,4.0,Ge,0.0,True
mp-1209926,RbTaGeO5,1.762620543858192,0.5773116041475079,[4.0],4.0,4.0,4.0,Tetrahedron,4a,1,4.0,Ge,0.0,True
mp-1209985,Pr3VGeO9,1.7906820687139011,0.3703065879699088,[4.0],4.0,4.0,4.0,Tetrahedron,4e,1,4.0,Ge,0.0,True
mp-1210145,NdCrGeO5,1.7323173069587403,0.651852215675641,[5.0],4.0,4.0,4.0,Square pyramid,4g,1,5.0,Ge,0.0,True
mp-1210256,RbNbGeO5,1.7653342407374393,0.3342759593379905,[4.0],4.0,4.0,4.0,Tetrahedron,4a,1,4.0,Ge,0.0,True
mp-1210319,NdFeGe2O7,1.7763707388458785,0.3638556691899438,[4.0],4.0,4.0,4.0,Tetrahedron,4e,1,4.0,Ge,0.0,True
mp-1210369,Nd3VGeO9,1.788699378286929,0.3892848602378703,[4.0],4.0,4.0,4.0,Tetrahedron,4e,1,4.0,Ge,0.0,True
mp-1210405,Na4Sr(Ge2O5)3,1.7842455078712305,0.3873136951202944,"[4.0, 6.0]",4.0,4.0,4.0,"Octahedron, Tetrahedron","6g, 6h",2,4.0,Ge,0.0,True
mp-1210405,Na4Sr(Ge2O5)3,1.7842455078712305,0.3873136951202944,"[4.0, 6.0]",4.0,4.0,4.0,"Octahedron, Tetrahedron","6g, 6h",2,6.0,Ge,0.0,True
mp-1210469,Rb2Ba(Ge4O9)2,1.7875951402564976,0.3254231279873731,"[4.0, 6.0]",4.0,4.0,4.0,"Octahedron, Tetrahedron","12g, 2a, 4d, 2b",2,4.0,Ge,0.0,True
mp-1210469,Rb2Ba(Ge4O9)2,1.7875951402564976,0.3254231279873731,"[4.0, 6.0]",4.0,4.0,4.0,"Octahedron, Tetrahedron","12g, 2a, 4d, 2b",2,6.0,Ge,0.0,True
mp-1210845,NaGaGeO4,1.773352643319312,0.0609394440236317,[4.0],4.0,4.0,4.0,Tetrahedron,4e,1,4.0,Ge,0.0,True
mp-1210874,Lu2Cu(GeO3)4,1.770733677773885,0.1829793456632474,[4.0],4.0,4.0,4.0,Tetrahedron,2i,1,4.0,Ge,0.0,True
mp-1211012,LiYGeO4,1.7798997292656242,0.6149768052779021,[4.0],4.0,4.0,4.0,Tetrahedron,4c,1,4.0,Ge,0.0,True
mp-1211560,KRbGeO3,1.791195457942904,0.8584261013311757,[4.0],4.0,4.0,4.0,Tetrahedron,4c,1,4.0,Ge,0.0,True
mp-1211716,K2TiGe(PO5)2,1.6688324618610535,0.6430154012189371,[6.0],4.0,4.0,4.0,Octahedron,4a,1,6.0,Ge,0.0,True
mp-1211859,Na3Mn5(Ge3O10)2,1.7818956232114496,0.3007709220263397,[4.0],4.0,4.0,4.0,Tetrahedron,2i,1,4.0,Ge,0.0,True
mp-1211910,LaAlGe2O7,1.7802537653062274,0.3856326008682098,[4.0],4.0,4.0,4.0,Tetrahedron,4e,1,4.0,Ge,0.0,True
mp-1211987,La4GeO8,1.773038198214607,-0.297547821942067,[4.0],4.0,4.0,4.0,Tetrahedron,4c,1,4.0,Ge,0.0,True
mp-1212053,K2MgGeO4,1.7809694236839868,0.0053399809008261,[4.0],4.0,4.0,4.0,Tetrahedron,4a,1,4.0,Ge,0.0,True
mp-1212069,Na2Sr(Ge4O9)2,1.7852776855976746,0.3144866447369575,"[4.0, 6.0]",4.0,4.0,4.0,"Octahedron, Tetrahedron","12g, 2a, 4d, 2b",2,4.0,Ge,0.0,True
mp-1212069,Na2Sr(Ge4O9)2,1.7852776855976746,0.3144866447369575,"[4.0, 6.0]",4.0,4.0,4.0,"Octahedron, Tetrahedron","12g, 2a, 4d, 2b",2,6.0,Ge,0.0,True
mp-1212155,HoCrGeO5,1.7030373089882986,0.748049461964007,[5.0],4.0,4.0,4.0,Square pyramid,4g,1,5.0,Ge,0.0,True
mp-1212281,NaGaGeO4,1.772424542526662,0.0359229418323517,[4.0],4.0,4.0,4.0,Tetrahedron,4e,1,4.0,Ge,0.0,True
mp-1212393,Ho2Cu(GeO4)2,1.7965862000846755,0.2759969015235001,"[4.0, 5.0]",4.0,4.0,4.0,"Trigonal bipyramid, Tetrahedron","1a, 2b",2,4.0,Ge,0.0,True
mp-1212393,Ho2Cu(GeO4)2,1.7965862000846755,0.2759969015235001,"[4.0, 5.0]",4.0,4.0,4.0,"Trigonal bipyramid, Tetrahedron","1a, 2b",2,5.0,Ge,0.0,True
mp-1212488,GdCrGeO5,1.724516291776628,0.6800116781842396,[5.0],4.0,4.0,4.0,Square pyramid,4g,1,5.0,Ge,0.0,True
mp-1212505,K2Sr(Ge4O9)2,1.7821458207041605,0.3234837720973817,"[4.0, 6.0]",4.0,4.0,4.0,"Octahedron, Tetrahedron","12g, 2a, 4d, 2b",2,4.0,Ge,0.0,True
mp-1212505,K2Sr(Ge4O9)2,1.7821458207041605,0.3234837720973817,"[4.0, 6.0]",4.0,4.0,4.0,"Octahedron, Tetrahedron","12g, 2a, 4d, 2b",2,6.0,Ge,0.0,True
mp-1212574,GdAlGe2O7,1.7729015597134914,0.3351415918036396,[4.0],4.0,4.0,4.0,Tetrahedron,4e,1,4.0,Ge,0.0,True
mp-1212633,LaGaGe2O7,1.7813772019029266,0.3568176608701262,[4.0],4.0,4.0,4.0,Tetrahedron,4e,1,4.0,Ge,0.0,True
mp-1212638,Gd2Cu(GeO3)4,1.776841540838524,0.2701280718100744,[4.0],4.0,4.0,4.0,Tetrahedron,2i,1,4.0,Ge,0.0,True
mp-1212657,Gd2Cu(GeO4)2,1.7989039776712226,0.2866127506599243,"[4.0, 5.0]",4.0,4.0,4.0,"Trigonal bipyramid, Tetrahedron","1a, 2b",2,4.0,Ge,0.0,True
mp-1212657,Gd2Cu(GeO4)2,1.7989039776712226,0.2866127506599243,"[4.0, 5.0]",4.0,4.0,4.0,"Trigonal bipyramid, Tetrahedron","1a, 2b",2,5.0,Ge,0.0,True
mp-1212732,K2CdGeO4,1.7877988633033677,-0.0113388114239743,[4.0],4.0,4.0,4.0,Tetrahedron,4a,1,4.0,Ge,0.0,True
mp-1212996,Gd3VGeO9,1.785006949890422,0.4003284930208425,[4.0],4.0,4.0,4.0,Tetrahedron,4e,1,4.0,Ge,0.0,True
mp-1213026,DyCrGeO5,1.7164452672429895,0.7112054742291791,[5.0],4.0,4.0,4.0,Square pyramid,4g,1,5.0,Ge,0.0,True
mp-1213038,Er2Cu(GeO4)2,1.7966314964465144,0.2705221103298205,"[4.0, 5.0]",4.0,4.0,4.0,"Trigonal bipyramid, Tetrahedron","1a, 2b",2,4.0,Ge,0.0,True
mp-1213038,Er2Cu(GeO4)2,1.7966314964465144,0.2705221103298205,"[4.0, 5.0]",4.0,4.0,4.0,"Trigonal bipyramid, Tetrahedron","1a, 2b",2,5.0,Ge,0.0,True
mp-1213060,DyAlGe2O7,1.7737468774187846,0.3468664328486842,[4.0],4.0,4.0,4.0,Tetrahedron,4e,1,4.0,Ge,0.0,True
mp-1213112,ErAlGeO5,1.7152713230946497,0.6693519060723574,[5.0],4.0,4.0,4.0,Square pyramid,4g,1,5.0,Ge,0.0,True
mp-1213126,DyGaGe2O7,1.775054921750569,0.3394801552708725,[4.0],4.0,4.0,4.0,Tetrahedron,4e,1,4.0,Ge,0.0,True
mp-1213218,Dy2Cu(GeO4)2,1.796168896820798,0.2815841500200866,"[4.0, 5.0]",4.0,4.0,4.0,"Trigonal bipyramid, Tetrahedron","1a, 2b",2,4.0,Ge,0.0,True
mp-1213218,Dy2Cu(GeO4)2,1.796168896820798,0.2815841500200866,"[4.0, 5.0]",4.0,4.0,4.0,"Trigonal bipyramid, Tetrahedron","1a, 2b",2,5.0,Ge,0.0,True
mp-1213301,ErCrGeO5,1.7076605535506817,0.7325200078682095,[5.0],4.0,4.0,4.0,Square pyramid,4g,1,5.0,Ge,0.0,True
mp-1213396,KGaGeO4,1.7709552145312322,0.2006076104104729,[4.0],4.0,4.0,4.0,Tetrahedron,6c,1,4.0,Ge,0.0,True
mp-1213525,ErFeGe2O7,1.7335561843549692,0.8352368057651297,"[4.0, 5.0]",4.0,4.0,4.0,"Tetrahedron, Trigonal bipyramid",2i,2,4.0,Ge,0.0,True
mp-1213525,ErFeGe2O7,1.7335561843549692,0.8352368057651297,"[4.0, 5.0]",4.0,4.0,4.0,"Tetrahedron, Trigonal bipyramid",2i,2,5.0,Ge,0.0,True
mp-1214433,BaGe(AsO4)2,1.7066221762266864,0.493259022236206,[6.0],4.0,4.0,4.0,Octahedron,1a,1,6.0,Ge,0.0,True
mp-1214603,Ba3Cd(GeO4)2,1.7593895080130395,0.569679583676327,[4.0],4.0,4.0,4.0,Tetrahedron,2d,1,4.0,Ge,0.0,True
mp-1214739,Ba2CdGe2O7,1.7600590885189895,0.3406364227571075,[4.0],4.0,4.0,4.0,Tetrahedron,4e,1,4.0,Ge,0.0,True
mp-1214741,Ba3FeGe5O14,1.7885114040504138,0.4184685543159501,[4.0],4.0,4.0,4.0,Tetrahedron,"1c, 3d, 1b",1,4.0,Ge,0.0,True
mp-1215058,BaNa2(Ge4O9)2,1.782792930452984,0.315637295123726,"[4.0, 6.0]",4.0,4.0,4.0,"Octahedron, Tetrahedron","12g, 2a, 4d, 2b",2,4.0,Ge,0.0,True
mp-1215058,BaNa2(Ge4O9)2,1.782792930452984,0.315637295123726,"[4.0, 6.0]",4.0,4.0,4.0,"Octahedron, Tetrahedron","12g, 2a, 4d, 2b",2,6.0,Ge,0.0,True
mp-1216291,Y3HoFe4(Ge2O7)4,1.7623635770638262,0.7409170408888663,"[4.0, 5.0]",4.0,4.0,4.0,"Trigonal bipyramid, Tetrahedron",1a,2,4.0,Ge,0.0,True
mp-1216291,Y3HoFe4(Ge2O7)4,1.7623635770638262,0.7409170408888663,"[4.0, 5.0]",4.0,4.0,4.0,"Trigonal bipyramid, Tetrahedron",1a,2,5.0,Ge,0.0,True
mp-1216309,Y2Mg3(GeO4)3,1.780210578723583,0.6433221734494897,[4.0],4.0,4.0,4.0,Tetrahedron,"8e, 4a",1,4.0,Ge,0.0,True
mp-1216376,Y2Mn(GeO3)4,1.7845486073681414,0.3440332671322726,[4.0],4.0,4.0,4.0,Tetrahedron,8o,1,4.0,Ge,0.0,True
mp-1216872,Tm2Mn(GeO3)4,1.7857413802730424,0.3491439263654966,[4.0],4.0,4.0,4.0,Tetrahedron,8o,1,4.0,Ge,0.0,True
mp-1218292,SrGe12Pb2O27,1.7855404732560576,0.2930587203945787,"[4.0, 6.0]",4.0,4.0,4.0,"Octahedron, Tetrahedron","1a, 2c, 1b",2,4.0,Ge,0.0,True
mp-1218292,SrGe12Pb2O27,1.7855404732560576,0.2930587203945787,"[4.0, 6.0]",4.0,4.0,4.0,"Octahedron, Tetrahedron","1a, 2c, 1b",2,6.0,Ge,0.0,True
mp-1218580,SrCaTi2(GeO5)2,1.7789971297154268,-0.0218561464583348,[4.0],4.0,4.0,4.0,Tetrahedron,2a,1,4.0,Ge,0.0,True
mp-1220900,NaLa9(Ge3O13)2,1.772884804410554,0.366407805586279,[4.0],4.0,4.0,4.0,Tetrahedron,3d,1,4.0,Ge,0.0,True
mp-1221029,NaPr9(Ge3O13)2,1.7719759995952422,0.3250010076959354,[4.0],4.0,4.0,4.0,Tetrahedron,3d,1,4.0,Ge,0.0,True
mp-1221045,NaNd9(Ge3O13)2,1.769352056437158,0.3392100563483532,[4.0],4.0,4.0,4.0,Tetrahedron,3d,1,4.0,Ge,0.0,True
mp-1221239,Na4Al3Ge3O13,1.7656904807506144,0.1280092200093888,[4.0],4.0,4.0,4.0,Tetrahedron,6b,1,4.0,Ge,0.0,True
mp-1221459,Na2Ca(Ge3O7)2,1.7838780479951986,0.3560561043454445,"[4.0, 6.0]",4.0,4.0,4.0,"Octahedron, Tetrahedron","1a, 2c, 1b",2,4.0,Ge,0.0,True
mp-1221459,Na2Ca(Ge3O7)2,1.7838780479951986,0.3560561043454445,"[4.0, 6.0]",4.0,4.0,4.0,"Octahedron, Tetrahedron","1a, 2c, 1b",2,6.0,Ge,0.0,True
mp-1222349,LiGeRhO4,1.563728399486376,0.9637673421471068,[6.0],4.0,4.0,4.0,Octahedron,2c,1,6.0,Ge,0.0,True
mp-1222561,Li5Ga(GeO4)2,1.7863723749372025,0.6166295012300159,[4.0],4.0,4.0,4.0,Tetrahedron,2a,1,4.0,Ge,0.0,True
mp-1222837,Lu2Mn(GeO3)4,1.786294955405999,0.3496105728824299,[4.0],4.0,4.0,4.0,Tetrahedron,8o,1,4.0,Ge,0.0,True
mp-1223527,KMg3AlGe3(O5F)2,1.7704822923893366,0.2819693979354875,[4.0],4.0,4.0,4.0,Tetrahedron,1a,1,4.0,Ge,0.0,True
mp-1223555,KGaGe3O8,1.7461445937476892,0.4106502714305414,[4.0],4.0,4.0,4.0,Tetrahedron,2i,1,4.0,Ge,0.0,True
mp-1223590,KMgMn2AlGe3(O5F)2,1.7753259833852788,0.283434862219466,[4.0],4.0,4.0,4.0,Tetrahedron,1a,1,4.0,Ge,0.0,True
mp-1224234,Ho2Mn(GeO3)4,1.784389099876865,0.3367454707578767,[4.0],4.0,4.0,4.0,Tetrahedron,8o,1,4.0,Ge,0.0,True
mp-1224906,Ge2Pb5SO12,1.7861484828298937,0.1459320767570511,[4.0],4.0,4.0,4.0,Tetrahedron,"1a, 1b",1,4.0,Ge,0.0,True
mp-1225644,Dy2Mn(GeO3)4,1.783976641002308,0.3454680400786989,[4.0],4.0,4.0,4.0,Tetrahedron,8o,1,4.0,Ge,0.0,True
mp-1225782,Er2Mn(GeO3)4,1.7844889030927256,0.3412545988502716,[4.0],4.0,4.0,4.0,Tetrahedron,8o,1,4.0,Ge,0.0,True
mp-1225903,Gd2Mn(GeO3)4,1.7846460599336704,0.3390809263947656,[4.0],4.0,4.0,4.0,Tetrahedron,8o,1,4.0,Ge,0.0,True
mp-1226301,Eu2Mn(GeO3)4,1.7861379709479213,0.2418944498934435,[4.0],4.0,4.0,4.0,Tetrahedron,8o,1,4.0,Ge,0.0,True
mp-1226455,Cs2GeB4O9,1.7714029372752336,0.3915958675833831,[4.0],4.0,4.0,4.0,Tetrahedron,1a,1,4.0,Ge,0.0,True
mp-1227190,Ca4ZrTi3(GeO5)4,1.773965032687969,0.041441782653234,[4.0],4.0,4.0,4.0,Tetrahedron,2i,1,4.0,Ge,0.0,True
mp-1227196,Cd5Ge(PO6)2,1.780525674815279,-2.323513071207054,[4.0],4.0,4.0,4.0,Tetrahedron,4a,1,4.0,Ge,0.0,True
mp-1227205,Ca8Zn4Si3Ge5O28,1.778334985935885,0.3857968124221297,[4.0],4.0,4.0,4.0,Tetrahedron,1a,1,4.0,Ge,0.0,True
mp-1227314,CaGd2(GeO3)4,1.7824493477075225,0.3365659964234649,[4.0],4.0,4.0,4.0,Tetrahedron,8o,1,4.0,Ge,0.0,True
mp-1227317,Ca4Ti4Si3GeO20,1.7691846272292548,0.0290244475888358,[4.0],4.0,4.0,4.0,Tetrahedron,1a,1,4.0,Ge,0.0,True
mp-1227370,Ca2Ti2SiGeO10,1.768410112094266,-0.0335743050362788,[4.0],4.0,4.0,4.0,Tetrahedron,1a,1,4.0,Ge,0.0,True
mp-1227514,Ca2Ga2GeO7,1.7730395837001314,0.4121053400212252,[4.0],4.0,4.0,4.0,Tetrahedron,2a,1,4.0,Ge,0.0,True
mp-1227515,CaHo2(GeO3)4,1.7811839859747802,0.3651615781337864,[4.0],4.0,4.0,4.0,Tetrahedron,8o,1,4.0,Ge,0.0,True
mp-1227561,CaEr2(GeO3)4,1.780455424562712,0.3806872628504206,[4.0],4.0,4.0,4.0,Tetrahedron,8o,1,4.0,Ge,0.0,True
mp-1227583,CaLu2(GeO3)4,1.781393430749646,0.3754872841718506,[4.0],4.0,4.0,4.0,Tetrahedron,8o,1,4.0,Ge,0.0,True
mp-1227668,Ca5Zr4Ti(GeO5)5,1.7755556212881871,0.0108782654674912,[4.0],4.0,4.0,4.0,Tetrahedron,2i,1,4.0,Ge,0.0,True
mp-1227716,Ca3Ga2(Ge2O7)2,1.7638942192814668,0.3523812488310199,"[4.0, 6.0]",4.0,4.0,4.0,"Octahedron, Tetrahedron","1a, 2c, 1b",2,4.0,Ge,0.0,True
mp-1227716,Ca3Ga2(Ge2O7)2,1.7638942192814668,0.3523812488310199,"[4.0, 6.0]",4.0,4.0,4.0,"Octahedron, Tetrahedron","1a, 2c, 1b",2,6.0,Ge,0.0,True
mp-1227737,Ca2ZrTi(GeO5)2,1.7753592198735593,0.1047972187002673,[4.0],4.0,4.0,4.0,Tetrahedron,2i,1,4.0,Ge,0.0,True
mp-1227800,Ca3Si2GeO9,1.7600704472225197,0.3077408963399816,[4.0],4.0,4.0,4.0,Tetrahedron,2i,1,4.0,Ge,0.0,True
mp-1227805,CaDy2(GeO3)4,1.7837981980920776,0.3562500819912146,[4.0],4.0,4.0,4.0,Tetrahedron,8o,1,4.0,Ge,0.0,True
mp-1227808,Ca3Er3Ge2BO13,1.787537995115947,0.4286806458952569,[4.0],4.0,4.0,4.0,Tetrahedron,1b,1,4.0,Ge,0.0,True
mp-1227935,Ca20Si3Ge9O44,1.7798341076035769,0.282571539487526,[4.0],4.0,4.0,4.0,Tetrahedron,1a,1,4.0,Ge,0.0,True
mp-1228564,Ba2Si3GeO10,1.7618020837350408,0.4097631650945444,[4.0],4.0,4.0,4.0,Tetrahedron,2a,1,4.0,Ge,0.0,True
mp-1228626,Ba2Si3Ge5O18,1.776333949676048,0.3174685099907597,"[4.0, 6.0]",4.0,4.0,4.0,"Octahedron, Tetrahedron","2g, 3k",2,4.0,Ge,0.0,True
mp-1228626,Ba2Si3Ge5O18,1.776333949676048,0.3174685099907597,"[4.0, 6.0]",4.0,4.0,4.0,"Octahedron, Tetrahedron","2g, 3k",2,6.0,Ge,0.0,True
mp-1228826,Ba3Fe2(Ge2O7)2,1.7878113618799738,0.3852017028909079,[4.0],4.0,4.0,4.0,Tetrahedron,2c,1,4.0,Ge,0.0,True
mp-1229182,Ag9Ge2NO11,1.7870554807966066,0.1253841592401748,[4.0],4.0,4.0,4.0,Tetrahedron,1a,1,4.0,Ge,0.0,True
mp-1229240,Ca3Ti3Si2GeO15,1.7678490677303418,0.0427505081336025,[4.0],4.0,4.0,4.0,Tetrahedron,1a,1,4.0,Ge,0.0,True
mp-12326,CaZn(GeO3)2,1.7873574660281126,0.3756777952655997,[4.0],4.0,4.0,4.0,Tetrahedron,8f,1,4.0,Ge,0.0,True
mp-1274129,Sr2CoGe2O7,1.780503625235129,0.3909134602110375,[4.0],4.0,4.0,4.0,Tetrahedron,1a,1,4.0,Ge,0.0,True
mp-1277255,CaFe(GeO3)2,1.7834039998643412,0.3502673159007173,[4.0],4.0,4.0,4.0,Tetrahedron,2i,1,4.0,Ge,0.0,True
mp-13546,Y2Ge2O7,1.7601285146816672,0.350520244589165,[4.0],4.0,4.0,4.0,Tetrahedron,8b,1,4.0,Ge,0.0,True
mp-13643,Er2Ge2O7,1.7588416337306525,0.3463471790972659,[4.0],4.0,4.0,4.0,Tetrahedron,8b,1,4.0,Ge,0.0,True
mp-13863,BaGeO3,1.7684324682240338,0.4418997563091508,[4.0],4.0,4.0,4.0,Tetrahedron,4a,1,4.0,Ge,0.0,True
mp-14065,Na2TiZn2GeO7,1.779057511007462,0.2901386514424716,[4.0],4.0,4.0,4.0,Tetrahedron,8c,1,4.0,Ge,0.0,True
mp-14328,Pr3GePO9,1.780210291945102,0.3545378014995616,[4.0],4.0,4.0,4.0,Tetrahedron,4e,1,4.0,Ge,0.0,True
mp-14352,KGeSbO5,1.7721243957873678,-0.036897950344762,[4.0],4.0,4.0,4.0,Tetrahedron,4a,1,4.0,Ge,0.0,True
mp-14353,BaNaNd(GeO3)3,1.7809287718229636,0.4934819216616103,[4.0],4.0,4.0,4.0,Tetrahedron,4a,1,4.0,Ge,0.0,True
mp-14377,KTaGeO5,1.7667758343188296,0.0690851515507823,[4.0],4.0,4.0,4.0,Tetrahedron,4a,1,4.0,Ge,0.0,True
mp-14383,KGePO5,1.6789002912337914,0.6195325803730449,[6.0],4.0,4.0,4.0,Octahedron,4a,1,6.0,Ge,0.0,True
mp-14411,K4GeO4,1.7834109977580477,-0.2751718280500398,[4.0],4.0,4.0,4.0,Tetrahedron,2i,1,4.0,Ge,0.0,True
mp-14511,NaAlGeO4,1.768521281683506,0.0763686972278439,[4.0],4.0,4.0,4.0,Tetrahedron,4e,1,4.0,Ge,0.0,True
mp-14526,Na4Hf2(GeO4)3,1.747338511035549,0.0445243585512763,[4.0],4.0,4.0,4.0,Tetrahedron,6e,1,4.0,Ge,0.0,True
mp-14649,Tb2Ge2O7,1.7603409699739618,0.3549966810057689,[4.0],4.0,4.0,4.0,Tetrahedron,8b,1,4.0,Ge,0.0,True
mp-14708,Tm2Ge2O7,1.7579348119307632,0.3470422624597642,[4.0],4.0,4.0,4.0,Tetrahedron,8b,1,4.0,Ge,0.0,True
mp-15349,Li2GeO3,1.7680711085572505,0.5293112981946941,[4.0],4.0,4.0,4.0,Tetrahedron,2a,1,4.0,Ge,0.0,True
mp-15487,Ag6Ge2O7,1.7883753096992574,0.1788170717425819,[4.0],4.0,4.0,4.0,Tetrahedron,2a,1,4.0,Ge,0.0,True
mp-16056,Ho2Cu(GeO3)4,1.774531480861152,0.2921670701082915,[4.0],4.0,4.0,4.0,Tetrahedron,2i,1,4.0,Ge,0.0,True
mp-16057,Er2Cu(GeO3)4,1.7743276467031428,0.2887322185353926,[4.0],4.0,4.0,4.0,Tetrahedron,2i,1,4.0,Ge,0.0,True
mp-1642632,SrCo(GeO3)2,1.7858085172622933,0.330315979204241,[4.0],4.0,4.0,4.0,Tetrahedron,1a,1,4.0,Ge,0.0,True
mp-16805,Cs2Ti(GeO3)3,1.78032964879873,0.8430978594124017,[4.0],4.0,4.0,4.0,Tetrahedron,6h,1,4.0,Ge,0.0,True
mp-16871,K2ZrGe2O7,1.7722031979246438,0.4188417714315031,[4.0],4.0,4.0,4.0,Tetrahedron,4f,1,4.0,Ge,0.0,True
mp-16927,NaTbGeO4,1.782703647433615,0.6096947483385657,[4.0],4.0,4.0,4.0,Tetrahedron,4c,1,4.0,Ge,0.0,True
mp-16947,LiAlGeO4,1.781685655208183,0.4916557814075148,[4.0],4.0,4.0,4.0,Tetrahedron,6f,1,4.0,Ge,0.0,True
mp-17015,K4GeO4,1.7802028162957668,0.2793303555011431,[4.0],4.0,4.0,4.0,Tetrahedron,4e,1,4.0,Ge,0.0,True
mp-17020,TiTl2(GeO3)3,1.7579901166875045,0.6221627969700887,[4.0],4.0,4.0,4.0,Tetrahedron,6h,1,4.0,Ge,0.0,True
mp-17164,NaNbGeO5,1.7715500359164398,0.1392339568607891,[4.0],4.0,4.0,4.0,Tetrahedron,4e,1,4.0,Ge,0.0,True
mp-17392,Sr2ZnGe2O7,1.7767324934499429,0.4065823980567072,[4.0],4.0,4.0,4.0,Tetrahedron,4e,1,4.0,Ge,0.0,True
mp-17394,NaYGeO4,1.7827313790771395,0.6077056443628834,[4.0],4.0,4.0,4.0,Tetrahedron,4c,1,4.0,Ge,0.0,True
mp-17464,SrGeO3,1.7587542836530865,0.4352987825174484,[4.0],4.0,4.0,4.0,Tetrahedron,"4f, 2e",1,4.0,Ge,0.0,True
mp-17487,NaErGeO4,1.7637538545475604,0.5757441936503596,[4.0],4.0,4.0,4.0,Tetrahedron,4c,1,4.0,Ge,0.0,True
mp-17685,Li3GaGeO5,1.7852398251822248,0.5658552254116525,[4.0],4.0,4.0,4.0,Tetrahedron,4a,1,4.0,Ge,0.0,True
mp-17761,CaGeO3,1.7537548734952069,0.2942017531407576,[4.0],4.0,4.0,4.0,Tetrahedron,2i,1,4.0,Ge,0.0,True
mp-17784,CaTiGeO5,1.7730479359521478,0.0542546104309932,[4.0],4.0,4.0,4.0,Tetrahedron,4e,1,4.0,Ge,0.0,True
mp-17854,LiInGeO4,1.783703815156099,0.6072187516503427,[4.0],4.0,4.0,4.0,Tetrahedron,4c,1,4.0,Ge,0.0,True
mp-18049,Ge5P6O25,1.7242914570736267,0.3429334266520054,"[4.0, 6.0]",4.0,4.0,4.0,"Octahedron, Tetrahedron","1a, 2c",2,4.0,Ge,0.0,True
mp-18049,Ge5P6O25,1.7242914570736267,0.3429334266520054,"[4.0, 6.0]",4.0,4.0,4.0,"Octahedron, Tetrahedron","1a, 2c",2,6.0,Ge,0.0,True
mp-18197,Na2BeGeO4,1.7784714987187895,0.3388414061973455,[4.0],4.0,4.0,4.0,Tetrahedron,4e,1,4.0,Ge,0.0,True
mp-18224,Rb6Ge2O7,1.77211437748188,0.3909523386277054,[4.0],4.0,4.0,4.0,Tetrahedron,4e,1,4.0,Ge,0.0,True
mp-18334,NaHoGeO4,1.7823101212530503,0.6139447685327996,[4.0],4.0,4.0,4.0,Tetrahedron,4c,1,4.0,Ge,0.0,True
mp-18460,K2Si6GeO15,1.8188799539058305,0.2290272906422298,[6.0],4.0,4.0,4.0,Octahedron,2a,1,6.0,Ge,0.0,True
mp-18464,Rb4GeO4,1.7841922129061818,0.3631986006809533,[4.0],4.0,4.0,4.0,Tetrahedron,4e,1,4.0,Ge,0.0,True
mp-18547,NaGdGeO4,1.783684774566381,0.5947536107046957,[4.0],4.0,4.0,4.0,Tetrahedron,4c,1,4.0,Ge,0.0,True
mp-18596,Ca2ZnGe2O7,1.7740065639925184,0.4265965453828296,[4.0],4.0,4.0,4.0,Tetrahedron,4e,1,4.0,Ge,0.0,True
mp-18629,NaTmGeO4,1.7819111574407358,0.6185756298779893,[4.0],4.0,4.0,4.0,Tetrahedron,4c,1,4.0,Ge,0.0,True
mp-18637,Na2Cu3(GeO3)4,1.780917272107875,0.3607647338118788,[4.0],4.0,4.0,4.0,Tetrahedron,2i,1,4.0,Ge,0.0,True
mp-19483,TmFeGe2O7,1.7450014153245057,0.6944249161669498,"[4.0, 5.0]",4.0,4.0,4.0,"Trigonal bipyramid, Tetrahedron",2i,2,4.0,Ge,0.0,True
mp-19483,TmFeGe2O7,1.7450014153245057,0.6944249161669498,"[4.0, 5.0]",4.0,4.0,4.0,"Trigonal bipyramid, Tetrahedron",2i,2,5.0,Ge,0.0,True
mp-19957,LaGeBO5,1.768343343985078,0.2686403059193035,[4.0],4.0,4.0,4.0,Tetrahedron,3a,1,4.0,Ge,0.0,True
mp-19980,LaFeGe2O7,1.778984755627846,0.3493082503082616,[4.0],4.0,4.0,4.0,Tetrahedron,4e,1,4.0,Ge,0.0,True
mp-21213,NaCr(GeO3)2,1.775940871302075,0.277242372325737,[4.0],4.0,4.0,4.0,Tetrahedron,4f,1,4.0,Ge,0.0,True
mp-21270,LiFe(GeO3)2,1.7740306694685628,0.3312668811569291,[4.0],4.0,4.0,4.0,Tetrahedron,4e,1,4.0,Ge,0.0,True
mp-21532,La2Ge2O7,1.762785302505731,0.2796253676066843,[4.0],4.0,4.0,4.0,Tetrahedron,2i,1,4.0,Ge,0.0,True
mp-21549,LiCr(GeO3)2,1.7777729731626024,0.3842166439026639,[4.0],4.0,4.0,4.0,Tetrahedron,4e,1,4.0,Ge,0.0,True
mp-21635,CeMn2(GeO3)4,1.783824682833756,0.3011103969512824,[4.0],4.0,4.0,4.0,Tetrahedron,8k,1,4.0,Ge,0.0,True
mp-21650,Li2NiGe3O8,1.7718870535868554,0.3701221404344359,[6.0],4.0,4.0,4.0,Octahedron,12d,1,6.0,Ge,0.0,True
mp-22067,Ba2CuGe2O7,1.7799573452504087,0.4584737530799942,[4.0],4.0,4.0,4.0,Tetrahedron,4e,1,4.0,Ge,0.0,True
mp-22136,CoGeO3,1.7699300905308657,0.3167803253348221,[4.0],4.0,4.0,4.0,Tetrahedron,4f,1,4.0,Ge,0.0,True
mp-22173,LiFe(GeO3)2,1.7797858007572906,0.3494766579486374,[4.0],4.0,4.0,4.0,Tetrahedron,4f,1,4.0,Ge,0.0,True
mp-22196,Dy2Cu(GeO3)4,1.7748338812109772,0.2931493984886878,[4.0],4.0,4.0,4.0,Tetrahedron,2i,1,4.0,Ge,0.0,True
mp-22208,PrFeGe2O7,1.7782665463713847,0.3760216085291601,[4.0],4.0,4.0,4.0,Tetrahedron,4e,1,4.0,Ge,0.0,True
mp-2229749,Pr2MgMn2(GeO5)2,1.7784379348240928,0.310031414317016,[4.0],4.0,4.0,4.0,Tetrahedron,1a,1,4.0,Ge,0.0,True
mp-22334,FeGeO3,1.7705130900576556,0.3012918240392369,[4.0],4.0,4.0,4.0,Tetrahedron,4f,1,4.0,Ge,0.0,True
mp-22458,Sr2MnGe2O7,1.7760253699223267,0.3845451360368634,[4.0],4.0,4.0,4.0,Tetrahedron,8e,1,4.0,Ge,0.0,True
mp-22614,NaFe(GeO3)2,1.7755308924298523,0.2504982077803394,[4.0],4.0,4.0,4.0,Tetrahedron,8f,1,4.0,Ge,0.0,True
mp-22781,Mn2GeO4,1.802400325562025,0.4797564128909666,[4.0],4.0,4.0,4.0,Tetrahedron,4h,1,4.0,Ge,0.0,True
mp-23446,GeBi2O5,1.7649874585052516,0.2370033687080457,[4.0],4.0,4.0,4.0,Tetrahedron,2a,1,4.0,Ge,0.0,True
mp-23553,GeBi2O5,1.6661582831220578,0.9407154202053296,[5.0],4.0,4.0,4.0,Trigonal bipyramid,4c,1,5.0,Ge,0.0,True
mp-24405,LiCd4Ge5HO15,1.776789561269048,0.2277607438862415,[4.0],4.0,4.0,4.0,Tetrahedron,2i,1,4.0,Ge,0.0,True
mp-2712618,NaAlGeP2SO12,1.7628982880027024,0.3414125468577544,[6.0],4.0,4.0,4.0,Octahedron,6a,1,6.0,Ge,0.0,True
mp-2712676,Na2MgGe3P4(SO12)2,1.6971493976041416,0.5138593994372648,[6.0],4.0,4.0,4.0,Octahedron,1a,1,6.0,Ge,0.0,True
mp-2712854,AlGeP(SO6)2,1.7572956450041135,0.3300388302069589,[6.0],4.0,4.0,4.0,Octahedron,2a,1,6.0,Ge,0.0,True
mp-2712874,ZnGe3P2(SO6)4,1.7423533681501682,0.3948476586511714,[6.0],4.0,4.0,4.0,Octahedron,1a,1,6.0,Ge,0.0,True
mp-2712962,MgGe3P2(SO6)4,1.739781425327919,0.3992854703061161,[6.0],4.0,4.0,4.0,Octahedron,1a,1,6.0,Ge,0.0,True
mp-2712986,Na3SiGe4P5O24,1.70367066664361,0.4655715528310752,[6.0],4.0,4.0,4.0,Octahedron,1a,1,6.0,Ge,0.0,True
mp-2713069,GaGeP(SO6)2,1.772415153860323,0.3444003444939975,[6.0],4.0,4.0,4.0,Octahedron,2a,1,6.0,Ge,0.0,True
mp-2713112,Na3Ti2SiGe2P5O24,1.7166360440571136,0.466911962822763,[6.0],4.0,4.0,4.0,Octahedron,1a,1,6.0,Ge,0.0,True
mp-2713163,NaHfGe(PO4)3,1.786472585838747,0.3044910329115923,[6.0],4.0,4.0,4.0,Octahedron,"1c, 1a, 1b",1,6.0,Ge,0.0,True
mp-2713174,Na5Nb3Si6GeO24,1.6987417467749342,0.5759031000097373,[6.0],4.0,4.0,4.0,Octahedron,1a,1,6.0,Ge,0.0,True
mp-2713175,TiGeP2SO12,1.779162480416378,0.2781402049961964,[6.0],4.0,4.0,4.0,Octahedron,1a,1,6.0,Ge,0.0,True
mp-2713183,HfGeP2SO12,1.7180924511499511,0.465379862978168,[6.0],4.0,4.0,4.0,Octahedron,1a,1,6.0,Ge,0.0,True
mp-2713191,Na5Al3Ge(PO4)6,1.6781710816479165,0.5667784997902247,[6.0],4.0,4.0,4.0,Octahedron,1a,1,6.0,Ge,0.0,True
mp-2713281,Na3Mg3GePS5O24,1.6915515037302988,0.6379021897443076,[6.0],4.0,4.0,4.0,Octahedron,1a,1,6.0,Ge,0.0,True
mp-2713331,Na3HfTa(GeO4)3,1.7647550792361062,0.1566940599591963,[4.0],4.0,4.0,4.0,Tetrahedron,4a,1,4.0,Ge,0.0,True
mp-2713361,NaTiGe(PO4)3,1.7861980479739614,0.2901007892392354,[6.0],4.0,4.0,4.0,Octahedron,"1c, 1a, 1b",1,6.0,Ge,0.0,True
mp-2713383,NaZrGe(PO4)3,1.7870496420334132,0.324940451785879,[6.0],4.0,4.0,4.0,Octahedron,"1c, 1a, 1b",1,6.0,Ge,0.0,True
mp-2713392,Na5Ta3Si6GeO24,1.692393907641027,0.596766545653073,[6.0],4.0,4.0,4.0,Octahedron,1a,1,6.0,Ge,0.0,True
mp-2713402,HfSiGe(SO6)2,1.7518579852379332,0.4167400109748445,[6.0],4.0,4.0,4.0,Octahedron,1a,1,6.0,Ge,0.0,True
mp-2713457,NaSnGe(PO4)3,1.8071295591064511,0.2506705398487096,[6.0],4.0,4.0,4.0,Octahedron,"1c, 1a, 1b",1,6.0,Ge,0.0,True
mp-2713462,SnGeP2SO12,1.7717451740574166,0.3164625843124504,[6.0],4.0,4.0,4.0,Octahedron,1a,1,6.0,Ge,0.0,True
mp-2713497,ZrGeP2SO12,1.7685006519461717,0.3293309599586621,[6.0],4.0,4.0,4.0,Octahedron,1a,1,6.0,Ge,0.0,True
mp-2713503,Ge2P2SO12,1.7560335923055708,0.3027993287085265,[6.0],4.0,4.0,4.0,Octahedron,6a,1,6.0,Ge,0.0,True
mp-2713511,Na5Ga3Ge(PO4)6,1.707175544294096,0.5293216670192453,[6.0],4.0,4.0,4.0,Octahedron,1a,1,6.0,Ge,0.0,True
mp-2713577,Na6Hf3MgGe2(PO6)4,1.7511073108990791,0.2571722578991183,[4.0],4.0,4.0,4.0,Tetrahedron,1a,1,4.0,Ge,0.0,True
mp-2713579,Na3HfTa(GeO4)3,1.7636378775632735,0.3032702149449434,[4.0],4.0,4.0,4.0,Tetrahedron,2a,1,4.0,Ge,0.0,True
mp-2713635,Na6Hf3MgGe2(PO6)4,1.7620286689299165,0.3417326972211796,[4.0],4.0,4.0,4.0,Tetrahedron,2a,1,4.0,Ge,0.0,True
mp-2713680,Na2AlGe(PO4)3,1.6750962938247522,0.5794672754598305,[6.0],4.0,4.0,4.0,Octahedron,6a,1,6.0,Ge,0.0,True
mp-2713726,NaTaGe3(PO4)6,1.764499911016283,0.3206227434511083,[6.0],4.0,4.0,4.0,Octahedron,"1c, 1a, 1b",1,6.0,Ge,0.0,True
mp-2713737,Na3Mg2Ge2P3(SO8)3,1.6808294493833351,0.5708454182745561,[6.0],4.0,4.0,4.0,Octahedron,1a,1,6.0,Ge,0.0,True
mp-2713906,NaNbGe3(PO4)6,1.7502870641111865,0.3417851974652742,[6.0],4.0,4.0,4.0,Octahedron,"1c, 1a, 1b",1,6.0,Ge,0.0,True
mp-2714082,NaZn2Ge2PS5O24,1.7259794443748586,0.4926510320749893,[6.0],4.0,4.0,4.0,Octahedron,1a,1,6.0,Ge,0.0,True
mp-2714148,Na2Mg3Ge(SO4)6,1.451124110279798,1.230981012896855,[6.0],4.0,4.0,4.0,Octahedron,"1a, 1b",1,6.0,Ge,0.0,True
mp-2714154,Na14Mg5Ge3(PO4)12,1.523096181837391,1.0606310215700394,[6.0],4.0,4.0,4.0,Octahedron,1a,1,6.0,Ge,0.0,True
mp-2714302,Na2Zn3Ge(SO4)6,1.4465056360468007,1.2647001606934818,[6.0],4.0,4.0,4.0,Octahedron,"1a, 1b",1,6.0,Ge,0.0,True
mp-2714515,Na7Hf2Si5Ge2PO24,1.5141497253913905,1.009323013971374,[6.0],4.0,4.0,4.0,Octahedron,1a,1,6.0,Ge,0.0,True
mp-2714636,Na2Mg5Ge3(SO4)12,1.6471773304219908,0.7185182218849713,[6.0],4.0,4.0,4.0,Octahedron,1a,1,6.0,Ge,0.0,True
mp-2714683,Na3AlGe3(PO4)6,1.7462870626489724,0.3712585171688454,[6.0],4.0,4.0,4.0,Octahedron,1a,1,6.0,Ge,0.0,True
mp-2714725,Na6CaGe7(PO4)12,1.7482368788829583,0.3831279639797857,[6.0],4.0,4.0,4.0,Octahedron,1a,1,6.0,Ge,0.0,True
mp-2714774,Na3InGe3(PO4)6,1.751508551642435,0.3893965559618461,[6.0],4.0,4.0,4.0,Octahedron,1a,1,6.0,Ge,0.0,True
mp-2714818,Na3GaGe3(PO4)6,1.7507906919583605,0.3680621903870672,[6.0],4.0,4.0,4.0,Octahedron,1a,1,6.0,Ge,0.0,True
mp-2714847,Na2Zn5Ge3(SO4)12,1.63680131187852,0.7480122821659456,[6.0],4.0,4.0,4.0,Octahedron,1a,1,6.0,Ge,0.0,True
mp-2714897,Na6MgGe7(PO4)12,1.752943168590538,0.3583136873793437,[6.0],4.0,4.0,4.0,Octahedron,1a,1,6.0,Ge,0.0,True
mp-2714979,Na6Mg7Ge(SO4)12,1.459792509318007,1.168935958319689,[6.0],4.0,4.0,4.0,Octahedron,1a,1,6.0,Ge,0.0,True
mp-2714981,Na6Ca7Ge(SO4)12,1.2246597203062548,1.8267307993726167,[6.0],4.0,4.0,4.0,Octahedron,1a,1,6.0,Ge,0.0,True
mp-2715123,Na6Zn7Ge(SO4)12,1.4141694437482286,1.3059824131396796,[6.0],4.0,4.0,4.0,Octahedron,1a,1,6.0,Ge,0.0,True
mp-2715132,Na8Mg3Ge(PO4)6,1.2288069634972802,1.791229318180133,[6.0],4.0,4.0,4.0,Octahedron,"1c, 1a",1,6.0,Ge,0.0,True
mp-2715458,Na3TaSi3GeO12,1.6761536581343788,0.6321364030153297,[6.0],4.0,4.0,4.0,Octahedron,4a,1,6.0,Ge,0.0,True
mp-2715671,NaTaSiGe(PO6)2,1.733403958689874,0.4467929976203362,[6.0],4.0,4.0,4.0,Octahedron,2a,1,6.0,Ge,0.0,True
mp-2715729,NaTa2SiGe2P5O24,1.7847270416939498,0.3057053140838378,[6.0],4.0,4.0,4.0,Octahedron,1a,1,6.0,Ge,0.0,True
mp-2715802,NaNb2SiGe2P5O24,1.7848634837815454,0.2985736942202565,[6.0],4.0,4.0,4.0,Octahedron,1a,1,6.0,Ge,0.0,True
mp-2715827,Na3Al2Ge2P5SO24,1.668647487193995,0.5766605210794274,[6.0],4.0,4.0,4.0,Octahedron,1a,1,6.0,Ge,0.0,True
mp-2715886,Na3Sc2Ge2P5SO24,1.6428938189673634,0.6925973718663205,[6.0],4.0,4.0,4.0,Octahedron,1a,1,6.0,Ge,0.0,True
mp-2716100,Na7Mg3GeP5SO24,1.549321114037736,0.9778265321579664,[6.0],4.0,4.0,4.0,Octahedron,1a,1,6.0,Ge,0.0,True
mp-2716128,NaTi2Ge2P5SO24,1.7558794865784964,0.3639464925953635,[6.0],4.0,4.0,4.0,Octahedron,1a,1,6.0,Ge,0.0,True
mp-2716157,NaSn2Ge2P5SO24,1.7308975891330232,0.4231451583664857,[6.0],4.0,4.0,4.0,Octahedron,1a,1,6.0,Ge,0.0,True
mp-2716181,NaZr2Ge2P5SO24,1.748044545536922,0.4318407634637031,[6.0],4.0,4.0,4.0,Octahedron,1a,1,6.0,Ge,0.0,True
mp-2716261,NaGe4P5SO24,1.7371119478872763,0.3637085732471744,[6.0],4.0,4.0,4.0,Octahedron,1a,1,6.0,Ge,0.0,True
mp-2716278,Na5In3Ge(PO4)6,1.7858273242746183,0.3878489896028845,[6.0],4.0,4.0,4.0,Octahedron,1a,1,6.0,Ge,0.0,True
mp-2716307,Na3ScGe3(PO4)6,1.7589419134320878,0.3830005206541126,[6.0],4.0,4.0,4.0,Octahedron,1a,1,6.0,Ge,0.0,True
mp-2716376,Na4Si3SnGeO12,1.37250081901193,1.3821033355087644,[6.0],4.0,4.0,4.0,Octahedron,"1c, 1a, 1b",1,6.0,Ge,0.0,True
mp-2716431,NaAl2Ge2P3(SO8)3,1.7325616036328118,0.3948008006186217,[6.0],4.0,4.0,4.0,Octahedron,1a,1,6.0,Ge,0.0,True
mp-2716456,Na5Sc3Ge(PO4)6,1.7569831596704255,0.4658680165795015,[6.0],4.0,4.0,4.0,Octahedron,1a,1,6.0,Ge,0.0,True
mp-2716461,Na4TiSi3GeO12,1.3035274953731797,1.542642867728332,[6.0],4.0,4.0,4.0,Octahedron,"1c, 1a, 1b",1,6.0,Ge,0.0,True
mp-2716509,Na4HfSi3GeO12,1.322224986343467,1.519755675218889,[6.0],4.0,4.0,4.0,Octahedron,"1c, 1a, 1b",1,6.0,Ge,0.0,True
mp-2716522,Na6ZnGe7(PO4)12,1.7407470434311136,0.3854479386189152,[6.0],4.0,4.0,4.0,Octahedron,1a,1,6.0,Ge,0.0,True
mp-2716573,Na4ZrSi3GeO12,1.297423282044168,1.5781997867059123,[6.0],4.0,4.0,4.0,Octahedron,"1c, 1a, 1b",1,6.0,Ge,0.0,True
mp-27295,Mg14Ge5O24,1.7690065961923658,0.3540686624462764,"[4.0, 6.0]",4.0,4.0,4.0,"Octahedron, Tetrahedron","2a, 4h, 4g",2,4.0,Ge,0.0,True
mp-27295,Mg14Ge5O24,1.7690065961923658,0.3540686624462764,"[4.0, 6.0]",4.0,4.0,4.0,"Octahedron, Tetrahedron","2a, 4h, 4g",2,6.0,Ge,0.0,True
mp-27843,Zn2Ge3O8,1.8519058827779555,0.2700607731153554,[6.0],4.0,4.0,4.0,Octahedron,12d,1,6.0,Ge,0.0,True
mp-27968,Li6Ge2O7,1.7882805134684123,0.4973382381273576,[4.0],4.0,4.0,4.0,Tetrahedron,4e,1,4.0,Ge,0.0,True
mp-28351,Dy2GeO5,1.7523999813156623,0.1960856633376397,[4.0],4.0,4.0,4.0,Tetrahedron,4f,1,4.0,Ge,0.0,True
mp-28499,Al10Ge2O19,1.7933320918221511,0.5149101596957443,"[4.0, 5.0]",4.0,4.0,4.0,"Trigonal bipyramid, Tetrahedron",2a,2,4.0,Ge,0.0,True
mp-28499,Al10Ge2O19,1.7933320918221511,0.5149101596957443,"[4.0, 5.0]",4.0,4.0,4.0,"Trigonal bipyramid, Tetrahedron",2a,2,5.0,Ge,0.0,True
mp-28548,Li8GeO6,1.764001507580104,0.5871716871099333,[4.0],4.0,4.0,4.0,Tetrahedron,2a,1,4.0,Ge,0.0,True
mp-28623,Li4Ge5O12,1.7531317249685272,0.397535498787943,"[4.0, 6.0]",4.0,4.0,4.0,"Octahedron, Tetrahedron",2i,2,4.0,Ge,0.0,True
mp-28623,Li4Ge5O12,1.7531317249685272,0.397535498787943,"[4.0, 6.0]",4.0,4.0,4.0,"Octahedron, Tetrahedron",2i,2,6.0,Ge,0.0,True
mp-28961,Co10Ge3O16,1.7876038919012447,0.2548669946508062,"[4.0, 6.0]",4.0,4.0,4.0,"Octahedron, Tetrahedron","1a, 2i",2,4.0,Ge,0.0,True
mp-28961,Co10Ge3O16,1.7876038919012447,0.2548669946508062,"[4.0, 6.0]",4.0,4.0,4.0,"Octahedron, Tetrahedron","1a, 2i",2,6.0,Ge,0.0,True
mp-29213,Cd2Ge7O16,1.7765995363396698,0.2742783113685595,"[4.0, 6.0]",4.0,4.0,4.0,"Octahedron, Tetrahedron","8i, 2d, 4g",2,4.0,Ge,0.0,True
mp-29213,Cd2Ge7O16,1.7765995363396698,0.2742783113685595,"[4.0, 6.0]",4.0,4.0,4.0,"Octahedron, Tetrahedron","8i, 2d, 4g",2,6.0,Ge,0.0,True
mp-29217,Ge3PbO7,1.7607566316096004,0.3895906525606637,"[4.0, 5.0]",4.0,4.0,4.0,"Trigonal bipyramid, Tetrahedron",8c,2,4.0,Ge,0.0,True
mp-29217,Ge3PbO7,1.7607566316096004,0.3895906525606637,"[4.0, 5.0]",4.0,4.0,4.0,"Trigonal bipyramid, Tetrahedron",8c,2,5.0,Ge,0.0,True
mp-29273,Ca2Ge7O16,1.7755604592470224,0.2876887254667484,"[4.0, 6.0]",4.0,4.0,4.0,"Octahedron, Tetrahedron","8i, 2c, 4h",2,4.0,Ge,0.0,True
mp-29273,Ca2Ge7O16,1.7755604592470224,0.2876887254667484,"[4.0, 6.0]",4.0,4.0,4.0,"Octahedron, Tetrahedron","8i, 2c, 4h",2,6.0,Ge,0.0,True
mp-29455,Ga4GeO8,1.68633456113769,0.5544830784905737,[6.0],4.0,4.0,4.0,Octahedron,1a,1,6.0,Ge,0.0,True
mp-2951,CdGeO3,1.768097478795711,0.3951444870169306,[4.0],4.0,4.0,4.0,Tetrahedron,4f,1,4.0,Ge,0.0,True
mp-2970,Na4GeO4,1.7743320340700317,0.2451950366144252,[4.0],4.0,4.0,4.0,Tetrahedron,2i,1,4.0,Ge,0.0,True
mp-30962,K4Ge9O20,1.7761731171105368,0.3583355044335071,"[4.0, 6.0]",4.0,4.0,4.0,"Octahedron, Tetrahedron","2a, 8f",2,4.0,Ge,0.0,True
mp-30962,K4Ge9O20,1.7761731171105368,0.3583355044335071,"[4.0, 6.0]",4.0,4.0,4.0,"Octahedron, Tetrahedron","2a, 8f",2,6.0,Ge,0.0,True
mp-3153,Na4Ge9O20,1.7789480855602822,0.3355705091105837,"[4.0, 6.0]",4.0,4.0,4.0,"Octahedron, Tetrahedron","2a, 8f",2,4.0,Ge,0.0,True
mp-3153,Na4Ge9O20,1.7789480855602822,0.3355705091105837,"[4.0, 6.0]",4.0,4.0,4.0,"Octahedron, Tetrahedron","2a, 8f",2,6.0,Ge,0.0,True
mp-3707,CaGe2O5,1.7563584045608274,0.3521979897939092,"[4.0, 6.0]",4.0,4.0,4.0,"Octahedron, Tetrahedron","2a, 2e",2,4.0,Ge,0.0,True
mp-3707,CaGe2O5,1.7563584045608274,0.3521979897939092,"[4.0, 6.0]",4.0,4.0,4.0,"Octahedron, Tetrahedron","2a, 2e",2,6.0,Ge,0.0,True
mp-3848,BaGe4O9,1.765756547170082,0.2871022256439604,"[4.0, 6.0]",4.0,4.0,4.0,"Octahedron, Tetrahedron","1a, 3f, 2d, 6g",2,4.0,Ge,0.0,True
mp-3848,BaGe4O9,1.765756547170082,0.2871022256439604,"[4.0, 6.0]",4.0,4.0,4.0,"Octahedron, Tetrahedron","1a, 3f, 2d, 6g",2,6.0,Ge,0.0,True
mp-41109,Ca3Er3Ge2BO13,1.7679804897581797,0.3851975476168388,[4.0],4.0,4.0,4.0,Tetrahedron,2a,1,4.0,Ge,0.0,True
mp-4279,CaGe2O5,1.7696949458690057,0.3335853778173074,"[5.0, 6.0]",4.0,4.0,4.0,"Octahedron, Square pyramid","4e, 4g",2,5.0,Ge,0.0,True
mp-4279,CaGe2O5,1.7696949458690057,0.3335853778173074,"[5.0, 6.0]",4.0,4.0,4.0,"Octahedron, Square pyramid","4e, 4g",2,6.0,Ge,0.0,True
mp-4575,MgGeO3,1.7626226562546563,0.3873864086279776,[4.0],4.0,4.0,4.0,Tetrahedron,8c,1,4.0,Ge,0.0,True
mp-4698,K2Ge8O17,1.787504170057158,0.1885248806621341,"[4.0, 5.0]",4.0,4.0,4.0,"Trigonal bipyramid, Tetrahedron",8d,2,4.0,Ge,0.0,True
mp-4698,K2Ge8O17,1.787504170057158,0.1885248806621341,"[4.0, 5.0]",4.0,4.0,4.0,"Trigonal bipyramid, Tetrahedron",8d,2,5.0,Ge,0.0,True
mp-4819,MgGeO3,1.7668004028080904,0.4156147398733022,[4.0],4.0,4.0,4.0,Tetrahedron,4f,1,4.0,Ge,0.0,True
mp-504827,Ga10GePb3O20,1.910856629228168,-0.0227368580447079,[6.0],4.0,4.0,4.0,Octahedron,1b,1,6.0,Ge,0.0,True
mp-504948,LiScGeO4,1.7794178112890306,0.5842236810898588,[4.0],4.0,4.0,4.0,Tetrahedron,4c,1,4.0,Ge,0.0,True
mp-5116,K6Ge2O7,1.788896042577047,0.4544202495600902,[4.0],4.0,4.0,4.0,Tetrahedron,2a,1,4.0,Ge,0.0,True
mp-540585,BaGa2(GeO4)2,1.7524475842295009,0.1344744620606933,[4.0],4.0,4.0,4.0,Tetrahedron,4e,1,4.0,Ge,0.0,True
mp-540621,SrGa2(GeO4)2,1.7722584015445115,0.1845328083753304,[4.0],4.0,4.0,4.0,Tetrahedron,4e,1,4.0,Ge,0.0,True
mp-540707,Cs2Sn(GeO3)3,1.7826474953928009,0.8127308456668733,[4.0],4.0,4.0,4.0,Tetrahedron,6h,1,4.0,Ge,0.0,True
mp-540905,YAlGeO5,1.7233632887549768,0.6394389609177953,[5.0],4.0,4.0,4.0,Square pyramid,4h,1,5.0,Ge,0.0,True
mp-540996,NdGeBO5,1.7735331006896644,0.3573541049444743,[4.0],4.0,4.0,4.0,Tetrahedron,4e,1,4.0,Ge,0.0,True
mp-541272,LiGe2(PO4)3,1.7532428621083695,0.3234283135389074,[6.0],4.0,4.0,4.0,Octahedron,4c,1,6.0,Ge,0.0,True
mp-541626,K3Nb3Ge2O13,1.7485095570345908,0.0916532773093108,[4.0],4.0,4.0,4.0,Tetrahedron,4h,1,4.0,Ge,0.0,True
mp-542085,Sr2GeO4,1.7624475228416412,0.4903970584912572,[4.0],4.0,4.0,4.0,Tetrahedron,4e,1,4.0,Ge,0.0,True
mp-542101,BaCu2Ge2O7,1.7928463141174764,0.2941694738425001,[4.0],4.0,4.0,4.0,Tetrahedron,8d,1,4.0,Ge,0.0,True
mp-542459,BaGa2(GeO4)2,1.7478004457816916,0.2379487686305519,[4.0],4.0,4.0,4.0,Tetrahedron,4f,1,4.0,Ge,0.0,True
mp-542919,NaGe2(PO4)3,1.7788654975401972,0.280588089416058,[6.0],4.0,4.0,4.0,Octahedron,2c,1,6.0,Ge,0.0,True
mp-550220,CoGeO3,1.7915367132347182,0.2843529290250929,[4.0],4.0,4.0,4.0,Tetrahedron,1a,1,4.0,Ge,0.0,True
mp-553898,GePbO3,1.7550474022992844,0.2608529189935505,[4.0],4.0,4.0,4.0,Tetrahedron,4g,1,4.0,Ge,0.0,True
mp-554107,K2Na4Ge2O7,1.7895657318115876,0.4725477427303499,[4.0],4.0,4.0,4.0,Tetrahedron,2a,1,4.0,Ge,0.0,True
mp-554139,Ba3Ga2(Ge2O7)2,1.7947842523658513,0.3599632957986801,"[4.0, 6.0]",4.0,4.0,4.0,"Octahedron, Tetrahedron","1a, 3f",2,4.0,Ge,0.0,True
mp-554139,Ba3Ga2(Ge2O7)2,1.7947842523658513,0.3599632957986801,"[4.0, 6.0]",4.0,4.0,4.0,"Octahedron, Tetrahedron","1a, 3f",2,6.0,Ge,0.0,True
mp-554549,CaGeO3,1.7712932864212232,0.3616386978787805,"[4.0, 6.0]",4.0,4.0,4.0,"Octahedron, Tetrahedron","2a, 4d, 8f, 2b",2,4.0,Ge,0.0,True
mp-554549,CaGeO3,1.7712932864212232,0.3616386978787805,"[4.0, 6.0]",4.0,4.0,4.0,"Octahedron, Tetrahedron","2a, 4d, 8f, 2b",2,6.0,Ge,0.0,True
mp-554678,CaGe2O5,1.7553611305798296,0.3604517765186071,"[4.0, 6.0]",4.0,4.0,4.0,"Octahedron, Tetrahedron","1a, 2i, 1b",2,4.0,Ge,0.0,True
mp-554678,CaGe2O5,1.7553611305798296,0.3604517765186071,"[4.0, 6.0]",4.0,4.0,4.0,"Octahedron, Tetrahedron","1a, 2i, 1b",2,6.0,Ge,0.0,True
mp-554699,GePbO3,1.7580955804502243,0.0198625461164996,[4.0],4.0,4.0,4.0,Tetrahedron,6f,1,4.0,Ge,0.0,True
mp-554740,CdGe(BiO3)2,1.7865369183966038,-0.0703102818497326,[4.0],4.0,4.0,4.0,Tetrahedron,4e,1,4.0,Ge,0.0,True
mp-554828,Na2Be(GeO3)2,1.7548954388233136,0.3951063606397772,[4.0],4.0,4.0,4.0,Tetrahedron,"2a, 4b",1,4.0,Ge,0.0,True
mp-554869,SrGeO3,1.7636620535624488,0.5654164620925096,[4.0],4.0,4.0,4.0,Tetrahedron,2i,1,4.0,Ge,0.0,True
mp-555027,CdGe(BiO3)2,1.786311939926454,-0.0544281868950797,[4.0],4.0,4.0,4.0,Tetrahedron,4c,1,4.0,Ge,0.0,True
mp-555252,Rb2Ti(GeO3)3,1.7773915418573023,0.673859604253292,[4.0],4.0,4.0,4.0,Tetrahedron,"12g, 6f",1,4.0,Ge,0.0,True
mp-555904,NaSmGeO4,1.7822434552697235,0.6002806597311657,[4.0],4.0,4.0,4.0,Tetrahedron,4c,1,4.0,Ge,0.0,True
mp-556051,Rb2GeO3,1.7702876281065376,0.5732263701139348,[4.0],4.0,4.0,4.0,Tetrahedron,4e,1,4.0,Ge,0.0,True
mp-556178,BaAl2(GeO4)2,1.7447485547310102,0.3101081948337865,[4.0],4.0,4.0,4.0,Tetrahedron,4f,1,4.0,Ge,0.0,True
mp-5563,Ag5GeO4,1.7347908239084255,0.1313161756872993,[4.0],3.0,3.0,3.0,Tetrahedron,4e,1,4.0,Ge,0.0,True
mp-556463,KGe2BO6,1.7713435544107845,0.5769214500053119,[4.0],4.0,4.0,4.0,Tetrahedron,4a,1,4.0,Ge,0.0,True
mp-556814,LiNdGeO4,1.7910466438177095,0.2254895597898847,[4.0],4.0,4.0,4.0,Tetrahedron,4c,1,4.0,Ge,0.0,True
mp-557109,Na4Zr2(GeO4)3,1.7664657173387748,0.0061928046906927,[4.0],4.0,4.0,4.0,Tetrahedron,6f,1,4.0,Ge,0.0,True
mp-557311,Sr2GeO4,1.7626396983882011,0.3728769658429021,[4.0],4.0,4.0,4.0,Tetrahedron,4a,1,4.0,Ge,0.0,True
mp-557340,Ge3Pb5O11,1.784733399207672,0.15794911011286,[4.0],4.0,4.0,4.0,Tetrahedron,3d,1,4.0,Ge,0.0,True
mp-557372,Rb2Ge4O9,1.762398060345618,0.3264040619031239,"[4.0, 6.0]",4.0,4.0,4.0,"Octahedron, Tetrahedron","12g, 2b, 4d, 6f",2,4.0,Ge,0.0,True
mp-557372,Rb2Ge4O9,1.762398060345618,0.3264040619031239,"[4.0, 6.0]",4.0,4.0,4.0,"Octahedron, Tetrahedron","12g, 2b, 4d, 6f",2,6.0,Ge,0.0,True
mp-557381,Rb3U3Ge2O13,1.7580951260165336,0.2232298544514324,[4.0],4.0,4.0,4.0,Tetrahedron,4f,1,4.0,Ge,0.0,True
mp-557473,K5LiGe2O7,1.796639642982785,0.7175608089757206,[4.0],4.0,4.0,4.0,Tetrahedron,4e,1,4.0,Ge,0.0,True
mp-557584,K4Ba(GeO3)3,1.784208010928494,0.6828696114402313,[4.0],4.0,4.0,4.0,Tetrahedron,2c,1,4.0,Ge,0.0,True
mp-557667,Ge3Pb5O11,1.7837792643264296,0.3843592689092605,[4.0],4.0,4.0,4.0,Tetrahedron,"6l, 3k",1,4.0,Ge,0.0,True
mp-557858,Cs3U2Ge2O11,1.7796050319969663,0.3584073518700202,[4.0],4.0,4.0,4.0,Tetrahedron,4e,1,4.0,Ge,0.0,True
mp-558048,NaV(GeO3)2,1.7734564778562376,0.2306084107104854,[4.0],4.0,4.0,4.0,Tetrahedron,1a,1,4.0,Ge,0.0,True
mp-558085,KNaGeO3,1.793405031014484,0.8116705245465223,[4.0],4.0,4.0,4.0,Tetrahedron,4a,1,4.0,Ge,0.0,True
mp-558697,Rb3U2Ge2O11,1.7763137060338714,0.3142197479235451,[4.0],4.0,4.0,4.0,Tetrahedron,4e,1,4.0,Ge,0.0,True
mp-558708,Nd2Cu(GeO4)2,1.7979962604926532,0.3246788371668844,"[4.0, 5.0]",4.0,4.0,4.0,"Trigonal bipyramid, Tetrahedron","1a, 2b",2,4.0,Ge,0.0,True
mp-558708,Nd2Cu(GeO4)2,1.7979962604926532,0.3246788371668844,"[4.0, 5.0]",4.0,4.0,4.0,"Trigonal bipyramid, Tetrahedron","1a, 2b",2,5.0,Ge,0.0,True
mp-558804,CsGeB3O7,1.7693382701510612,0.3617279731388564,[4.0],4.0,4.0,4.0,Tetrahedron,4a,1,4.0,Ge,0.0,True
mp-558862,NaGe4(PO4)3,1.8114093767435555,0.3777381323053499,[3.0],2.0,2.0,2.0,Triangular non-coplanar,"2a, 6b",1,3.0,Ge,0.0,True
mp-558933,Na2Ge4O9,1.7896175959274074,0.3162946244192278,"[4.0, 6.0]",4.0,4.0,4.0,"Octahedron, Tetrahedron","12g, 2b, 4d, 6f",2,4.0,Ge,0.0,True
mp-558933,Na2Ge4O9,1.7896175959274074,0.3162946244192278,"[4.0, 6.0]",4.0,4.0,4.0,"Octahedron, Tetrahedron","12g, 2b, 4d, 6f",2,6.0,Ge,0.0,True
mp-559014,Nd4GeO8,1.7725355989115443,-0.2473242038855358,[4.0],4.0,4.0,4.0,Tetrahedron,4c,1,4.0,Ge,0.0,True
mp-559109,ErGeBiO5,1.78240882372592,0.1629974586296084,[4.0],4.0,4.0,4.0,Tetrahedron,8c,1,4.0,Ge,0.0,True
mp-559144,GePb3O5,1.7674143789277068,0.0210737534933797,[4.0],4.0,4.0,4.0,Tetrahedron,2a,1,4.0,Ge,0.0,True
mp-559590,PrGeBO5,1.748219573132794,0.2558316503489184,[4.0],4.0,4.0,4.0,Tetrahedron,3a,1,4.0,Ge,0.0,True
mp-559680,LiV(GeO3)2,1.7741221429827398,0.3513346235586437,[4.0],4.0,4.0,4.0,Tetrahedron,4e,1,4.0,Ge,0.0,True
mp-559748,NdGaGe2O7,1.7785580864058812,0.3758697248744623,[4.0],4.0,4.0,4.0,Tetrahedron,4e,1,4.0,Ge,0.0,True
mp-559957,SrTiGeO5,1.7812590352095905,-0.0248566519540008,[4.0],4.0,4.0,4.0,Tetrahedron,4e,1,4.0,Ge,0.0,True
mp-560019,K2Ge3(BO5)2,1.7753779613231309,0.3105606589697817,[4.0],4.0,4.0,4.0,Tetrahedron,"1b, 1a, 2c",1,4.0,Ge,0.0,True
mp-560082,Ho2Ge2O7,1.759092841995504,0.3453935142933527,[4.0],4.0,4.0,4.0,Tetrahedron,8b,1,4.0,Ge,0.0,True
mp-560104,LiTaGeO5,1.746907982648514,-0.0022489147653874,[4.0],4.0,4.0,4.0,Tetrahedron,4e,1,4.0,Ge,0.0,True
mp-560216,Cs2GeP4O13,1.885453880176393,0.053053435205702,[6.0],4.0,4.0,4.0,Octahedron,2i,1,6.0,Ge,0.0,True
mp-560342,Ag4GeO4,1.7929494280396696,0.0079170747954369,[4.0],4.0,4.0,4.0,Tetrahedron,2i,1,4.0,Ge,0.0,True
mp-560398,K2Zn(GeO3)2,1.7804942617614743,0.5495973980150347,[4.0],4.0,4.0,4.0,Tetrahedron,4c,1,4.0,Ge,0.0,True
mp-560872,Mg10Ge3(H2O9)2,1.7996549098866566,0.3984325036498638,"[4.0, 6.0]",4.0,4.0,4.0,"Octahedron, Tetrahedron","2a, 4g",2,4.0,Ge,0.0,True
mp-560872,Mg10Ge3(H2O9)2,1.7996549098866566,0.3984325036498638,"[4.0, 6.0]",4.0,4.0,4.0,"Octahedron, Tetrahedron","2a, 4g",2,6.0,Ge,0.0,True
mp-560875,K2Ge4O9,1.7843334350193132,0.3398496245462842,"[4.0, 6.0]",4.0,4.0,4.0,"Octahedron, Tetrahedron","12g, 6f, 4d, 2b",2,4.0,Ge,0.0,True
mp-560875,K2Ge4O9,1.7843334350193132,0.3398496245462842,"[4.0, 6.0]",4.0,4.0,4.0,"Octahedron, Tetrahedron","12g, 6f, 4d, 2b",2,6.0,Ge,0.0,True
mp-561034,Ag9Ge2IO8,1.7846831729905337,0.3575632183525414,[4.0],4.0,4.0,4.0,Tetrahedron,2i,1,4.0,Ge,0.0,True
mp-561095,LiHo3Ge2(O4F)2,1.781422880307845,0.4255237342017837,[4.0],4.0,4.0,4.0,Tetrahedron,4f,1,4.0,Ge,0.0,True
mp-561166,Na2ZrGe2O7,1.7728040849640627,0.434153928006262,[4.0],4.0,4.0,4.0,Tetrahedron,2i,1,4.0,Ge,0.0,True
mp-561254,NaLi3GeO4,1.780876502434023,-0.101045642739735,[4.0],4.0,4.0,4.0,Tetrahedron,8f,1,4.0,Ge,0.0,True
mp-561315,Cs3AlGe2O7,1.7618120767928511,0.588652095344816,[4.0],4.0,4.0,4.0,Tetrahedron,4f,1,4.0,Ge,0.0,True
mp-561346,Na2ZrGeO5,1.7718349860700715,-0.1956731394478314,[4.0],4.0,4.0,4.0,Tetrahedron,4e,1,4.0,Ge,0.0,True
mp-561441,Y2GeO5,1.7524494845288046,0.2107994236993873,[4.0],4.0,4.0,4.0,Tetrahedron,4f,1,4.0,Ge,0.0,True
mp-561584,Gd2GeO5,1.759778433874295,0.4320250543602018,[4.0],4.0,4.0,4.0,Tetrahedron,4e,1,4.0,Ge,0.0,True
mp-573150,Cs2GeO3,1.772637345810923,0.5879617273243019,[4.0],4.0,4.0,4.0,Tetrahedron,4e,1,4.0,Ge,0.0,True
mp-5784,Na2GeO3,1.7719640758198782,0.6462885829199303,[4.0],4.0,4.0,4.0,Tetrahedron,2a,1,4.0,Ge,0.0,True
mp-581229,Gd2Ge2O7,1.7802073788655328,0.6017446015093013,"[4.0, 5.0]",4.0,4.0,4.0,Tetrahedron,1a,1,4.0,Ge,0.0,True
mp-581229,Gd2Ge2O7,1.7802073788655328,0.6017446015093013,"[4.0, 5.0]",4.0,4.0,4.0,Tetrahedron,1a,1,5.0,Ge,0.0,True
mp-581345,Nd2Ge2O7,1.780241265925811,0.3778105068683662,[4.0],4.0,4.0,4.0,Tetrahedron,2i,1,4.0,Ge,0.0,True
mp-583345,GePb5O7,1.787593892885662,0.0743032951819419,[4.0],4.0,4.0,4.0,Tetrahedron,8c,1,4.0,Ge,0.0,True
mp-6016,NdAlGe2O7,1.758344939779898,0.3623793897639426,[4.0],4.0,4.0,4.0,Tetrahedron,4e,1,4.0,Ge,0.0,True
mp-604273,Cu2GeP2(H5O7)2,1.9876759093866128,-0.1618838693224027,[6.0],4.0,4.0,4.0,Octahedron,2b,1,6.0,Ge,0.0,True
mp-6066,NaTaGeO5,1.7688491557269408,0.2243521444510978,[4.0],4.0,4.0,4.0,Tetrahedron,2e,1,4.0,Ge,0.0,True
mp-619064,PrMnGeO5,1.7797233700040302,0.1375653013380993,[4.0],4.0,4.0,4.0,Tetrahedron,2i,1,4.0,Ge,0.0,True
mp-621945,La2Ge2O7,1.7630132969443584,0.3281515284108732,[4.0],4.0,4.0,4.0,Tetrahedron,1a,1,4.0,Ge,0.0,True
mp-622558,DyFeGe2O7,1.7379730962044442,0.8494171794180245,"[4.0, 5.0]",4.0,4.0,4.0,"Trigonal bipyramid, Tetrahedron",2e,2,4.0,Ge,0.0,True
mp-622558,DyFeGe2O7,1.7379730962044442,0.8494171794180245,"[4.0, 5.0]",4.0,4.0,4.0,"Trigonal bipyramid, Tetrahedron",2e,2,5.0,Ge,0.0,True
mp-624486,K2Sn(GeO3)3,1.778045305468274,0.4190106015245471,[4.0],4.0,4.0,4.0,Tetrahedron,"12g, 6f",1,4.0,Ge,0.0,True
mp-6289,Ba2Ti(GeO4)2,1.7680064217049936,0.4472991631299092,[4.0],4.0,4.0,4.0,Tetrahedron,4c,1,4.0,Ge,0.0,True
mp-636461,Ga2Ge4Pb3O14,1.7928308396270451,0.3272535199555706,"[4.0, 6.0]",4.0,4.0,4.0,"Octahedron, Tetrahedron","1a, 3f",2,4.0,Ge,0.0,True
mp-636461,Ga2Ge4Pb3O14,1.7928308396270451,0.3272535199555706,"[4.0, 6.0]",4.0,4.0,4.0,"Octahedron, Tetrahedron","1a, 3f",2,6.0,Ge,0.0,True
mp-638261,La2GeO5,1.7575748218989111,0.4987757570712126,[4.0],4.0,4.0,4.0,Tetrahedron,4e,1,4.0,Ge,0.0,True
mp-6386,K2ZnGeO4,1.78623620385005,0.1931730667977508,[4.0],4.0,4.0,4.0,Tetrahedron,4a,1,4.0,Ge,0.0,True
mp-643577,MnGeO3,1.768895696773366,0.343207610147223,[4.0],4.0,4.0,4.0,Tetrahedron,8c,1,4.0,Ge,0.0,True
mp-644295,CaZrGeO5,1.7755661741429176,0.2178924196139843,[4.0],4.0,4.0,4.0,Tetrahedron,2i,1,4.0,Ge,0.0,True
mp-6456,LiNbGeO5,1.7508049319638814,-0.088847626972356,[4.0],4.0,4.0,4.0,Tetrahedron,4c,1,4.0,Ge,0.0,True
mp-650055,Fe15(Ge2O9)4,1.7841874144145682,0.2847980535585569,[4.0],4.0,4.0,4.0,Tetrahedron,2i,1,4.0,Ge,0.0,True
mp-650954,LaFe5(GeO5)3,1.7819220323985083,0.0642007064568405,[4.0],4.0,4.0,4.0,Tetrahedron,"4d, 8g",1,4.0,Ge,0.0,True
mp-651024,KAlGeO4,1.7658201205260735,0.1410758316585575,[4.0],4.0,4.0,4.0,Tetrahedron,6c,1,4.0,Ge,0.0,True
mp-651087,Gd13Ge6O31F,1.7776971514831694,0.0896565787899414,[4.0],4.0,4.0,4.0,Tetrahedron,3b,1,4.0,Ge,0.0,True
mp-651847,GdGaGe2O7,1.757919918468658,0.3257316841290628,[4.0],4.0,4.0,4.0,Tetrahedron,4e,1,4.0,Ge,0.0,True
mp-651997,Fe3(GeO4)2,1.7867627232805297,0.4598357707732945,[4.0],4.0,4.0,4.0,Tetrahedron,4e,1,4.0,Ge,0.0,True
mp-6526,NaGeSbO5,1.755424844986285,0.0812090054106041,[4.0],4.0,4.0,4.0,Tetrahedron,2e,1,4.0,Ge,0.0,True
mp-652961,La3GaGe5O16,1.7959334247700478,0.3156962562465386,"[4.0, 5.0, 6.0]",4.0,4.0,4.0,"Octahedron, Tetrahedron, Trigonal bipyramid",2i,3,4.0,Ge,0.0,True
mp-652961,La3GaGe5O16,1.7959334247700478,0.3156962562465386,"[4.0, 5.0, 6.0]",4.0,4.0,4.0,"Octahedron, Tetrahedron, Trigonal bipyramid",2i,3,5.0,Ge,0.0,True
mp-652961,La3GaGe5O16,1.7959334247700478,0.3156962562465386,"[4.0, 5.0, 6.0]",4.0,4.0,4.0,"Octahedron, Tetrahedron, Trigonal bipyramid",2i,3,6.0,Ge,0.0,True
mp-6537,CaCu(GeO3)2,1.7904861990760168,0.6821049969124133,"[4.0, 5.0]",4.0,4.0,4.0,"Trigonal bipyramid, Tetrahedron",4e,2,4.0,Ge,0.0,True
mp-6537,CaCu(GeO3)2,1.7904861990760168,0.6821049969124133,"[4.0, 5.0]",4.0,4.0,4.0,"Trigonal bipyramid, Tetrahedron",4e,2,5.0,Ge,0.0,True
mp-662803,K2Ba(Ge4O9)2,1.7865830725754364,0.3194168849228828,"[4.0, 6.0]",4.0,4.0,4.0,"Octahedron, Tetrahedron","12g, 2a, 4d, 2b",2,4.0,Ge,0.0,True
mp-662803,K2Ba(Ge4O9)2,1.7865830725754364,0.3194168849228828,"[4.0, 6.0]",4.0,4.0,4.0,"Octahedron, Tetrahedron","12g, 2a, 4d, 2b",2,6.0,Ge,0.0,True
mp-6639,RbGeSbO5,1.7744900475320926,-0.0758801572176107,[4.0],4.0,4.0,4.0,Tetrahedron,4a,1,4.0,Ge,0.0,True
mp-6663,NaLiGe4O9,1.7643622603139284,0.2929564639999076,"[4.0, 6.0]",4.0,4.0,4.0,"Octahedron, Tetrahedron",4a,2,4.0,Ge,0.0,True
mp-6663,NaLiGe4O9,1.7643622603139284,0.2929564639999076,"[4.0, 6.0]",4.0,4.0,4.0,"Octahedron, Tetrahedron",4a,2,6.0,Ge,0.0,True
mp-6712,NaLuGeO4,1.7816277457387957,0.621033718098715,[4.0],4.0,4.0,4.0,Tetrahedron,4c,1,4.0,Ge,0.0,True
mp-672262,La3Zn3Ge2SbO14,1.790290878269488,1.9811190622042152,[4.0],4.0,4.0,4.0,Tetrahedron,2d,1,4.0,Ge,0.0,True
mp-6765,Li3AlGeO5,1.781421725271453,0.5397896294993272,[4.0],4.0,4.0,4.0,Tetrahedron,4a,1,4.0,Ge,0.0,True
mp-677095,Na2CaSn2(GeO4)3,1.7867416375981464,0.5330233411782819,[4.0],4.0,4.0,4.0,Tetrahedron,"8e, 4a",1,4.0,Ge,0.0,True
mp-680143,Ge3Pb11O17,1.7845932163657436,0.1404590351066605,[4.0],4.0,4.0,4.0,Tetrahedron,2i,1,4.0,Ge,0.0,True
mp-695511,Na2CaTi2(GeO4)3,1.7811000076981771,0.3251827046405507,[4.0],4.0,4.0,4.0,Tetrahedron,"8e, 4a",1,4.0,Ge,0.0,True
mp-699457,Na2ZnGe2(HO2)4,1.7854609464830584,-0.5197716785080395,[4.0],4.0,4.0,4.0,Tetrahedron,8d,1,4.0,Ge,0.0,True
mp-703350,La2(GeO3)3,1.753231231287555,0.3898609647401262,"[4.0, 5.0, 6.0]",4.0,4.0,4.0,"Octahedron, Square pyramid, Tetrahedron",2i,3,4.0,Ge,0.0,True
mp-703350,La2(GeO3)3,1.753231231287555,0.3898609647401262,"[4.0, 5.0, 6.0]",4.0,4.0,4.0,"Octahedron, Square pyramid, Tetrahedron",2i,3,5.0,Ge,0.0,True
mp-703350,La2(GeO3)3,1.753231231287555,0.3898609647401262,"[4.0, 5.0, 6.0]",4.0,4.0,4.0,"Octahedron, Square pyramid, Tetrahedron",2i,3,6.0,Ge,0.0,True
mp-731221,Na2Be(GeO3)2,1.7759098327193237,0.3408807257882136,[4.0],4.0,4.0,4.0,Tetrahedron,1a,1,4.0,Ge,0.0,True
mp-740722,Na3GeH11O9,1.785200352951001,0.0758243330815666,[4.0],4.0,4.0,4.0,Tetrahedron,8c,1,4.0,Ge,0.0,True
mp-744184,TbFeGe2O7,1.7428231681381328,0.8405854449466789,"[4.0, 5.0]",4.0,4.0,4.0,"Trigonal bipyramid, Tetrahedron",2i,2,4.0,Ge,0.0,True
mp-744184,TbFeGe2O7,1.7428231681381328,0.8405854449466789,"[4.0, 5.0]",4.0,4.0,4.0,"Trigonal bipyramid, Tetrahedron",2i,2,5.0,Ge,0.0,True
mp-752730,Ba2GeO4,1.765551983190311,0.1810172400913095,[4.0],4.0,4.0,4.0,Tetrahedron,4e,1,4.0,Ge,0.0,True
mp-754175,KGePCO7,1.8925204031598823,0.0458842653984354,[6.0],4.0,4.0,4.0,Octahedron,2a,1,6.0,Ge,0.0,True
mp-757722,BaZnGeO4,1.7723902884611324,-0.148381004631672,[4.0],4.0,4.0,4.0,Tetrahedron,6c,1,4.0,Ge,0.0,True
mp-757981,Na2SnGe2(HO4)2,1.7813791602983549,0.4289852531440224,[4.0],4.0,4.0,4.0,Tetrahedron,2i,1,4.0,Ge,0.0,True
mp-7588,CdGeO3,1.7925747987217413,0.3525611038179027,"[4.0, 6.0]",4.0,4.0,4.0,"Octahedron, Tetrahedron","2a, 4d, 8f, 2b",2,4.0,Ge,0.0,True
mp-7588,CdGeO3,1.7925747987217413,0.3525611038179027,"[4.0, 6.0]",4.0,4.0,4.0,"Octahedron, Tetrahedron","2a, 4d, 8f, 2b",2,6.0,Ge,0.0,True
mp-764992,Co29Ge13O56,1.8047526918170136,-0.0285353033695751,[4.0],4.0,4.0,4.0,Tetrahedron,"1a, 3b",1,4.0,Ge,0.0,True
mp-767438,YFeGe2O7,1.7423329999117088,0.7878686485608933,"[4.0, 5.0]",4.0,4.0,4.0,"Trigonal bipyramid, Tetrahedron",2i,2,4.0,Ge,0.0,True
mp-767438,YFeGe2O7,1.7423329999117088,0.7878686485608933,"[4.0, 5.0]",4.0,4.0,4.0,"Trigonal bipyramid, Tetrahedron",2i,2,5.0,Ge,0.0,True
mp-768388,Lu2GeO5,1.7484659600136596,0.2269561136563594,[4.0],4.0,4.0,4.0,Tetrahedron,4f,1,4.0,Ge,0.0,True
mp-768517,Tm2GeO5,1.777885248937742,0.4131860718624021,[4.0],4.0,4.0,4.0,Tetrahedron,4e,1,4.0,Ge,0.0,True
mp-768814,Y2GeO5,1.7040552211970557,0.6123496551830193,[5.0],4.0,4.0,4.0,Square pyramid,4c,1,5.0,Ge,0.0,True
mp-768865,Lu2GeO5,1.7284471787645743,0.5649540804264042,[5.0],4.0,4.0,4.0,Square pyramid,4c,1,5.0,Ge,0.0,True
mp-768873,Y2GeO5,1.7634963899154317,0.3756861137608874,[4.0],4.0,4.0,4.0,Tetrahedron,4e,1,4.0,Ge,0.0,True
mp-768877,Sn2Ge2O7,1.783564334050558,0.2522337126776242,[4.0],4.0,4.0,4.0,Tetrahedron,2i,1,4.0,Ge,0.0,True
mp-768947,Li10Zn3(GeO4)4,1.7864477012576585,0.5091667287787237,[4.0],4.0,4.0,4.0,Tetrahedron,1a,1,4.0,Ge,0.0,True
mp-769346,Y2Ge2O7,1.7790635648943975,0.3145086633513233,[4.0],4.0,4.0,4.0,Tetrahedron,2i,1,4.0,Ge,0.0,True
mp-769539,Li7VGeO8,1.7871219216852685,0.3426069704328168,[4.0],4.0,4.0,4.0,Tetrahedron,1a,1,4.0,Ge,0.0,True
mp-769597,Li2CoGe3O8,1.8045404236858,0.3004768893908697,[6.0],4.0,4.0,4.0,Octahedron,12b,1,6.0,Ge,0.0,True
mp-770379,Tm2GeO5,1.7094737138441136,0.5580207218247875,[5.0],4.0,4.0,4.0,Square pyramid,4c,1,5.0,Ge,0.0,True
mp-770409,Tm2GeO5,1.7501892911415542,0.2210198353935314,[4.0],4.0,4.0,4.0,Tetrahedron,4f,1,4.0,Ge,0.0,True
mp-771185,K2Ge2O5,1.7830090726482748,0.6192961100927807,[4.0],4.0,4.0,4.0,Tetrahedron,2a,1,4.0,Ge,0.0,True
mp-771248,Na2Ge2O5,1.760960665555498,0.5284588492302801,[4.0],4.0,4.0,4.0,Tetrahedron,4a,1,4.0,Ge,0.0,True
mp-771321,Cs4GeO4,1.7876904983125086,0.0781154213560853,[4.0],4.0,4.0,4.0,Tetrahedron,4e,1,4.0,Ge,0.0,True
mp-772149,Sm2Ge2O7,1.7601881063944234,0.2978066140643559,[4.0],4.0,4.0,4.0,Tetrahedron,2i,1,4.0,Ge,0.0,True
mp-772769,Na2Ge2O5,1.773842819696431,0.5551450428925666,[4.0],4.0,4.0,4.0,Tetrahedron,4e,1,4.0,Ge,0.0,True
mp-772793,Dy2Ge2O7,1.778799806151372,0.3814945177853014,[4.0],4.0,4.0,4.0,Tetrahedron,8b,1,4.0,Ge,0.0,True
mp-772811,Na2Ge2O5,1.7606736806584045,0.519742781238257,[4.0],4.0,4.0,4.0,Tetrahedron,4e,1,4.0,Ge,0.0,True
mp-772812,Lu2GeO5,1.7762665965951296,0.4360338015774724,[4.0],4.0,4.0,4.0,Tetrahedron,4e,1,4.0,Ge,0.0,True
mp-772840,Sm2Ge2O7,1.7805670842037813,0.4240137924398244,[4.0],4.0,4.0,4.0,Tetrahedron,8b,1,4.0,Ge,0.0,True
mp-772842,Na2Ge2O5,1.7846923559439116,0.603346782295913,[4.0],4.0,4.0,4.0,Tetrahedron,4a,1,4.0,Ge,0.0,True
mp-772863,Na2Ge2O5,1.7741842237847174,0.5695952051336183,[4.0],4.0,4.0,4.0,Tetrahedron,8d,1,4.0,Ge,0.0,True
mp-772864,Rb2Ge2O5,1.7682411425275255,0.4582744319715782,[4.0],4.0,4.0,4.0,Tetrahedron,8f,1,4.0,Ge,0.0,True
mp-772882,Dy2Ge2O7,1.7791379217306649,0.3308439681573283,[4.0],4.0,4.0,4.0,Tetrahedron,2i,1,4.0,Ge,0.0,True
mp-772981,Li2Zn3(Ge3O8)2,1.7614990931034251,0.4220824514311,[6.0],4.0,4.0,4.0,Octahedron,2a,1,6.0,Ge,0.0,True
mp-773011,Dy2Ge2O7,1.774784845176454,0.3137623532601435,[4.0],4.0,4.0,4.0,Tetrahedron,4c,1,4.0,Ge,0.0,True
mp-773910,Er2GeO5,1.777474803521064,0.4853863440320339,[4.0],4.0,4.0,4.0,Tetrahedron,4e,1,4.0,Ge,0.0,True
mp-774105,Ca5Ge3O11,1.764820778077229,0.304780072821703,[4.0],4.0,4.0,4.0,Tetrahedron,2i,1,4.0,Ge,0.0,True
mp-776074,CaGeO3,1.772201534712228,0.4723279602265797,[4.0],4.0,4.0,4.0,Tetrahedron,"4f, 2e",1,4.0,Ge,0.0,True
mp-776086,CaGeO3,1.776648731837314,0.557586157543742,[4.0],4.0,4.0,4.0,Tetrahedron,2i,1,4.0,Ge,0.0,True
mp-779716,Cs4GeO4,1.7888859066199196,0.14270206233509,[4.0],4.0,4.0,4.0,Tetrahedron,4e,1,4.0,Ge,0.0,True
mp-779880,Ba2GeO4,1.787941247851459,0.0591112247794569,[4.0],4.0,4.0,4.0,Tetrahedron,4e,1,4.0,Ge,0.0,True
mp-780010,Ba2GeO4,1.7654305204834286,0.2047245283250033,[4.0],4.0,4.0,4.0,Tetrahedron,4a,1,4.0,Ge,0.0,True
mp-780053,Na2Ge2O5,1.7781212687027612,0.5242605482312449,[4.0],4.0,4.0,4.0,Tetrahedron,4e,1,4.0,Ge,0.0,True
mp-780263,Ba2GeO4,1.7880821742250683,0.2785943917994544,[4.0],4.0,4.0,4.0,Tetrahedron,4a,1,4.0,Ge,0.0,True
mp-7998,Li2Ge2O5,1.7549748628779356,0.5001820830330239,[4.0],4.0,4.0,4.0,Tetrahedron,4d,1,4.0,Ge,0.0,True
mp-8054,NaSc(GeO3)2,1.7732092119178997,0.2877960277290451,[4.0],4.0,4.0,4.0,Tetrahedron,4f,1,4.0,Ge,0.0,True
mp-8313,Cs2Li2GeO4,1.7989602648164216,0.7769335436686061,[4.0],4.0,4.0,4.0,Tetrahedron,2i,1,4.0,Ge,0.0,True
mp-8341,NaGeSbO5,1.7524453227659795,0.051728778415326,[4.0],4.0,4.0,4.0,Tetrahedron,4a,1,4.0,Ge,0.0,True
mp-8346,Lu2Ge2O7,1.7570347580281933,0.3334814892163992,[4.0],4.0,4.0,4.0,Tetrahedron,8b,1,4.0,Ge,0.0,True
mp-8450,Rb2Li2GeO4,1.7957228967996464,1.7804682488041412,[4.0],4.0,4.0,4.0,Tetrahedron,2i,1,4.0,Ge,0.0,True
mp-857343,Ge7H8N2O15,1.7718039645720818,0.1093026045143243,"[4.0, 6.0]",4.0,4.0,4.0,"Octahedron, Tetrahedron","4f, 2c",2,4.0,Ge,0.0,True
mp-857343,Ge7H8N2O15,1.7718039645720818,0.1093026045143243,"[4.0, 6.0]",4.0,4.0,4.0,"Octahedron, Tetrahedron","4f, 2c",2,6.0,Ge,0.0,True
mp-8702,LiGaGeO4,1.7857249316231587,0.4888590807769238,[4.0],4.0,4.0,4.0,Tetrahedron,6f,1,4.0,Ge,0.0,True
mp-8709,KIn(GeO3)2,1.7842130592026593,0.3751495659455885,[4.0],4.0,4.0,4.0,Tetrahedron,8f,1,4.0,Ge,0.0,True
mp-9380,SrGe4O9,1.7669127968314915,0.2769533267302466,"[4.0, 6.0]",4.0,4.0,4.0,"Octahedron, Tetrahedron","1a, 3f, 2d, 6g",2,4.0,Ge,0.0,True
mp-9380,SrGe4O9,1.7669127968314915,0.2769533267302466,"[4.0, 6.0]",4.0,4.0,4.0,"Octahedron, Tetrahedron","1a, 3f, 2d, 6g",2,6.0,Ge,0.0,True
mp-972387,Sr2MgGe2O7,1.775590283565884,0.3967369139630504,[4.0],4.0,4.0,4.0,Tetrahedron,4e,1,4.0,Ge,0.0,True
mp-9751,Al2Ge2O7,1.7485222925291353,0.2504186598260016,[4.0],4.0,4.0,4.0,Tetrahedron,4f,1,4.0,Ge,0.0,True
mp-983589,Ag2GeO3,1.7665395435573772,0.2570623146382359,[4.0],4.0,4.0,4.0,Tetrahedron,4a,1,4.0,Ge,0.0,True
