material_id,chem_formula,R0,B,CN_raw,mean_charge,min_charge,max_charge,chemenv,Pd_wyckoff,num_Pd_chemenvs,CN,element,charge_range,is_single_charge,site_index,cn_found,d_min,d_max,d_mean,d_std,d_range,angle_mean,angle_std,angle_min,angle_max,bridging_O_count,bridging_O_fraction,n_candidate_sites_same_cn,geometry_type
mp-1104660,Bi(PdO2)2,2.0362049997883593,-0.0109163444745104,"[4.0, 4.0, 6.0]",2.0,2.0,2.0,"Octahedron, Square plane","1h, 1e, 1d, 1a",2,4.0,Pd,0.0,True,2.0,4.0,1.9755988947595589,2.0415050207864707,2.008551957773015,0.03295306301345563,0.06590612602691182,56.51661686616507,27.471004690988174,22.293058069241717,98.10363591317738,4.0,1.0,1,"Octahedron, Square plane"
mp-1104660,Bi(PdO2)2,2.0362049997883593,-0.0109163444745104,"[4.0, 4.0, 6.0]",2.0,2.0,2.0,"Octahedron, Square plane","1h, 1e, 1d, 1a",2,4.0,Pd,0.0,True,2.0,4.0,1.9755988947595589,2.0415050207864707,2.008551957773015,0.03295306301345563,0.06590612602691182,56.51661686616507,27.471004690988174,22.293058069241717,98.10363591317738,4.0,1.0,1,"Octahedron, Square plane"
mp-1104660,Bi(PdO2)2,2.0362049997883593,-0.0109163444745104,"[4.0, 4.0, 6.0]",2.0,2.0,2.0,"Octahedron, Square plane","1h, 1e, 1d, 1a",2,6.0,Pd,0.0,True,3.0,6.0,2.0183873599914706,2.102615713697866,2.0499040064315173,0.03751023722128274,0.08422835370639525,61.3220471224741,27.198765128372443,24.36578333723148,100.76699053991179,6.0,1.0,1,"Octahedron, Square plane"
mp-1104660,Bi(PdO2)2,2.0362049997883593,-0.0109163444745104,"[4.0, 4.0, 6.0]",2.0,2.0,2.0,"Octahedron, Square plane","1h, 1e, 1d, 1a",2,6.0,Pd,0.0,True,4.0,6.0,1.9709814399850971,3.186678133461023,2.4045592738250634,0.5541300976180391,1.2156966934759257,107.99999994308176,39.92779806129001,66.74188980545205,180.0,6.0,1.0,2,"Octahedron, Square plane"
mp-1104660,Bi(PdO2)2,2.0362049997883593,-0.0109163444745104,"[4.0, 4.0, 6.0]",2.0,2.0,2.0,"Octahedron, Square plane","1h, 1e, 1d, 1a",2,6.0,Pd,0.0,True,5.0,6.0,1.9953567176647586,3.1897813766885887,2.411155881692672,0.5509959324434411,1.19442465902383,48.041212374319564,19.590345623941367,11.722367560402976,87.92814263398671,6.0,1.0,3,"Octahedron, Square plane"
mp-1106270,BaPd(IO3)4,2.0149371256446074,0.0119542446023932,[4.0],2.0,2.0,2.0,Square plane,1a,1,4.0,Pd,0.0,True,1.0,4.0,2.013608097440086,2.03477672209954,2.023525614014034,0.008402715386519035,0.021168624659454238,98.99016124324511,49.89014251750876,32.40296102014556,176.65720084843318,4.0,1.0,1,Square plane
mp-1190325,Ag2P2PdO7,1.968418294760901,0.1072733496202735,[4.0],2.0,2.0,2.0,Square plane,2a,1,4.0,Pd,0.0,True,8.0,4.0,2.038760414104549,2.0469455228428144,2.0428529684736816,0.004092554369132251,0.008185108738265612,25.059876334212323,7.1165013150772705,14.18752471820206,35.383881733221024,4.0,1.0,1,Square plane
mp-1190325,Ag2P2PdO7,1.968418294760901,0.1072733496202735,[4.0],2.0,2.0,2.0,Square plane,2a,1,4.0,Pd,0.0,True,9.0,4.0,2.0387604141045492,2.0469455228428144,2.0428529684736816,0.004092554369131918,0.008185108738265168,22.399123587108978,8.663078067085062,9.953832916362973,32.821124847338524,4.0,1.0,2,Square plane
mp-1195322,Rb2Pd(S4O13)2,2.807103292561026,-1.0849683913951824,[4.0],2.0,2.0,2.0,Square plane,1h,1,4.0,Pd,0.0,True,2.0,4.0,2.039931938011068,2.0699811447703196,2.054956541390694,0.015024603379624635,0.03004920675925149,120.0,42.4646506859501,87.79322932327729,180.0,4.0,1.0,1,Square plane
mp-1195529,Ba2H2Pd(S5O17)2,2.242247981822533,-0.2936213896730173,[4.0],2.0,2.0,2.0,Square plane,1g,1,4.0,Pd,0.0,True,4.0,4.0,2.0314693665446883,2.0458052104043976,2.038637288474543,0.007167921929854271,0.014335843859709207,48.21244311563535,15.072411054983368,34.70933403114683,73.65750758470529,4.0,1.0,1,Square plane
mp-1195978,K2Pd(S2O7)3,2.0618859887131387,-0.0441428931246505,[6.0],4.0,4.0,4.0,Octahedron,2i,1,6.0,Pd,0.0,True,8.0,6.0,2.0322047726025225,2.054132623655831,2.043740867180263,0.007950755001110723,0.021927851053308522,107.16562545694525,34.39154653647988,84.98289437233613,177.35865697066734,6.0,1.0,1,Octahedron
mp-1195978,K2Pd(S2O7)3,2.0618859887131387,-0.0441428931246505,[6.0],4.0,4.0,4.0,Octahedron,2i,1,6.0,Pd,0.0,True,9.0,6.0,2.032204772602524,2.0541326236558346,2.0437408671802633,0.007950755001111401,0.021927851053310743,107.16562545694524,34.391546536479886,84.9828943723362,177.35865697066734,6.0,1.0,2,Octahedron
mp-1195978,K2Pd(S2O7)3,2.0618859887131387,-0.0441428931246505,[6.0],4.0,4.0,4.0,Octahedron,2i,1,6.0,Pd,0.0,True,10.0,6.0,2.034662876182726,2.0498004160721672,2.0441628207486056,0.004653966971948989,0.015137539889441332,107.13608139168939,34.34576550283586,84.31884578855825,177.62782529203105,6.0,1.0,3,Octahedron
mp-1195978,K2Pd(S2O7)3,2.0618859887131387,-0.0441428931246505,[6.0],4.0,4.0,4.0,Octahedron,2i,1,6.0,Pd,0.0,True,11.0,6.0,2.034662876182723,2.0498004160721663,2.0441628207486056,0.004653966971949996,0.015137539889443552,107.13608139168936,34.345765502835775,84.31884578855825,177.62782529203074,6.0,1.0,4,Octahedron
mp-1201497,Bi2Pd(SeO3)4,2.0498187226007376,-0.0141141561553702,[4.0],2.0,2.0,2.0,Square plane,2b,1,4.0,Pd,0.0,True,4.0,4.0,2.0376748848337205,2.0420526641610124,2.0398637744973662,0.002188889663645721,0.004377779327291886,119.99999979876361,42.444796543608675,88.46991285704019,180.0,4.0,1.0,1,Square plane
mp-1201497,Bi2Pd(SeO3)4,2.0498187226007376,-0.0141141561553702,[4.0],2.0,2.0,2.0,Square plane,2b,1,4.0,Pd,0.0,True,5.0,4.0,2.03767488483372,2.042052664161012,2.0398637744973662,0.002188889663645166,0.004377779327291886,45.066045631513276,19.909787872823642,21.505356384732046,79.3638509239189,4.0,1.0,2,Square plane
mp-1201925,H2Pd(S2O7)2,2.180781076710611,0.060960783220383,[6.0],2.0,2.0,2.0,Octahedron,2a,1,6.0,Pd,0.0,True,4.0,6.0,2.239031516285784,2.2597952549908844,2.2480979690537346,0.008678485798284308,0.020763738705100288,42.56206332134488,15.141199959939422,19.634456798400286,69.47786245340646,6.0,1.0,1,Octahedron
mp-1201925,H2Pd(S2O7)2,2.180781076710611,0.060960783220383,[6.0],2.0,2.0,2.0,Octahedron,2a,1,6.0,Pd,0.0,True,5.0,6.0,2.2390315162857837,2.2597952549908844,2.248097969053735,0.008678485798284319,0.02076373870510073,61.50861403649389,33.81030610646049,12.342603650696443,110.9828375505912,6.0,1.0,2,Octahedron
mp-1203991,K2Pd(S4O13)2,2.706585175400379,-0.9443924548506673,[4.0],2.0,2.0,2.0,Square plane,1h,1,4.0,Pd,0.0,True,2.0,4.0,2.037833247530701,2.0659220669044855,2.0518776572175934,0.014044409686892356,0.028088819373784712,120.0,42.482716042261394,87.32198889264424,180.0,4.0,1.0,1,Square plane
mp-1204303,Cs2K2Pd2N8O25,1.9498629299592944,0.2978204444215271,[4.0],3.0,3.0,3.0,Square plane,4f,1,4.0,Pd,0.0,True,,,,,,,,,,,,,,0,Square plane
mp-1208908,Sm4PdO7,1.594898558887192,0.6423797970985842,[4.0],2.0,2.0,2.0,Square plane,"1b, 1a",1,4.0,Pd,0.0,True,8.0,4.0,2.023828929051676,2.052408288790105,2.0381186089208905,0.014289679869214034,0.028579359738428955,66.88802954587109,15.350099217018364,49.01265926452535,87.04909404330313,4.0,1.0,1,Square plane
mp-1208908,Sm4PdO7,1.594898558887192,0.6423797970985842,[4.0],2.0,2.0,2.0,Square plane,"1b, 1a",1,4.0,Pd,0.0,True,9.0,4.0,2.039600366646545,2.045108675433228,2.042354521039887,0.002754154393341257,0.005508308786682736,53.1837015323724,26.288418025364006,12.871510651631926,81.27845700189594,4.0,1.0,2,Square plane
mp-1212473,K15P16Pd9O56,2.0748314206627496,-0.0144695427106165,"[4.0, 4.0]",2.5,2.0,3.0,Square plane,"4j, 2i, 1c",1,4.0,Pd,1.0,False,33.0,4.0,2.0595491415917975,2.0704753256113406,2.0650122336015686,0.005463092009771242,0.01092618401954315,63.789772686463316,24.468546841397238,14.96364159568615,95.27699701305232,4.0,1.0,1,Square plane
mp-1212473,K15P16Pd9O56,2.0748314206627496,-0.0144695427106165,"[4.0, 4.0]",2.5,2.0,3.0,Square plane,"4j, 2i, 1c",1,4.0,Pd,1.0,False,34.0,4.0,2.059549141591797,2.0704753256113384,2.0650122336015677,0.005463092009770243,0.010926184019541374,63.789772686463344,24.468546841397266,14.963641595686102,95.27699701305238,4.0,1.0,2,Square plane
mp-1212473,K15P16Pd9O56,2.0748314206627496,-0.0144695427106165,"[4.0, 4.0]",2.5,2.0,3.0,Square plane,"4j, 2i, 1c",1,4.0,Pd,1.0,False,35.0,4.0,2.042486375312914,2.075648097966223,2.064444939193278,0.013013879906428478,0.03316172265330897,91.56462356049532,46.60573774695309,14.681708373080621,175.6597396058415,4.0,1.0,3,Square plane
mp-1212473,K15P16Pd9O56,2.0748314206627496,-0.0144695427106165,"[4.0, 4.0]",2.5,2.0,3.0,Square plane,"4j, 2i, 1c",1,4.0,Pd,1.0,False,36.0,4.0,2.042486375312913,2.0756480979662215,2.064444939193278,0.013013879906428815,0.03316172265330852,91.56462356049538,46.60573774695309,14.681708373080694,175.6597396058416,4.0,1.0,4,Square plane
mp-1212473,K15P16Pd9O56,2.0748314206627496,-0.0144695427106165,"[4.0, 4.0]",2.5,2.0,3.0,Square plane,"4j, 2i, 1c",1,4.0,Pd,1.0,False,37.0,4.0,2.0424863753129125,2.075648097966223,2.064444939193279,0.013013879906429406,0.0331617226533103,91.56462356049535,46.60573774695311,14.681708373080646,175.6597396058416,4.0,1.0,5,Square plane
mp-1212473,K15P16Pd9O56,2.0748314206627496,-0.0144695427106165,"[4.0, 4.0]",2.5,2.0,3.0,Square plane,"4j, 2i, 1c",1,4.0,Pd,1.0,False,38.0,4.0,2.0424863753129134,2.075648097966224,2.0644449391932795,0.013013879906429385,0.03316172265331074,91.5646235604953,46.60573774695312,14.681708373080621,175.6597396058416,4.0,1.0,6,Square plane
mp-1212473,K15P16Pd9O56,2.0748314206627496,-0.0144695427106165,"[4.0, 4.0]",2.5,2.0,3.0,Square plane,"4j, 2i, 1c",1,4.0,Pd,1.0,False,39.0,4.0,2.040422831103712,2.040422831103713,2.040422831103713,4.965068306494546e-16,8.881784197001252e-16,45.00790705826069,22.198818825040124,13.695009216949336,62.20547960055286,4.0,1.0,7,Square plane
mp-1212473,K15P16Pd9O56,2.0748314206627496,-0.0144695427106165,"[4.0, 4.0]",2.5,2.0,3.0,Square plane,"4j, 2i, 1c",1,4.0,Pd,1.0,False,33.0,4.0,2.0595491415917975,2.0704753256113406,2.0650122336015686,0.005463092009771242,0.01092618401954315,63.789772686463316,24.468546841397238,14.96364159568615,95.27699701305232,4.0,1.0,1,Square plane
mp-1212473,K15P16Pd9O56,2.0748314206627496,-0.0144695427106165,"[4.0, 4.0]",2.5,2.0,3.0,Square plane,"4j, 2i, 1c",1,4.0,Pd,1.0,False,34.0,4.0,2.059549141591797,2.0704753256113384,2.0650122336015677,0.005463092009770243,0.010926184019541374,63.789772686463344,24.468546841397266,14.963641595686102,95.27699701305238,4.0,1.0,2,Square plane
mp-1212473,K15P16Pd9O56,2.0748314206627496,-0.0144695427106165,"[4.0, 4.0]",2.5,2.0,3.0,Square plane,"4j, 2i, 1c",1,4.0,Pd,1.0,False,35.0,4.0,2.042486375312914,2.075648097966223,2.064444939193278,0.013013879906428478,0.03316172265330897,91.56462356049532,46.60573774695309,14.681708373080621,175.6597396058415,4.0,1.0,3,Square plane
mp-1212473,K15P16Pd9O56,2.0748314206627496,-0.0144695427106165,"[4.0, 4.0]",2.5,2.0,3.0,Square plane,"4j, 2i, 1c",1,4.0,Pd,1.0,False,36.0,4.0,2.042486375312913,2.0756480979662215,2.064444939193278,0.013013879906428815,0.03316172265330852,91.56462356049538,46.60573774695309,14.681708373080694,175.6597396058416,4.0,1.0,4,Square plane
mp-1212473,K15P16Pd9O56,2.0748314206627496,-0.0144695427106165,"[4.0, 4.0]",2.5,2.0,3.0,Square plane,"4j, 2i, 1c",1,4.0,Pd,1.0,False,37.0,4.0,2.0424863753129125,2.075648097966223,2.064444939193279,0.013013879906429406,0.0331617226533103,91.56462356049535,46.60573774695311,14.681708373080646,175.6597396058416,4.0,1.0,5,Square plane
mp-1212473,K15P16Pd9O56,2.0748314206627496,-0.0144695427106165,"[4.0, 4.0]",2.5,2.0,3.0,Square plane,"4j, 2i, 1c",1,4.0,Pd,1.0,False,38.0,4.0,2.0424863753129134,2.075648097966224,2.0644449391932795,0.013013879906429385,0.03316172265331074,91.5646235604953,46.60573774695312,14.681708373080621,175.6597396058416,4.0,1.0,6,Square plane
mp-1212473,K15P16Pd9O56,2.0748314206627496,-0.0144695427106165,"[4.0, 4.0]",2.5,2.0,3.0,Square plane,"4j, 2i, 1c",1,4.0,Pd,1.0,False,39.0,4.0,2.040422831103712,2.040422831103713,2.040422831103713,4.965068306494546e-16,8.881784197001252e-16,45.00790705826069,22.198818825040124,13.695009216949336,62.20547960055286,4.0,1.0,7,Square plane
mp-1218885,Sr15Pd5O24,2.085029321949233,0.0594926244110511,"[6.0, 6.0, 6.0]",2.3333333333333335,2.0,3.0,"Trigonal prism, Octahedron","1a, 2c",2,6.0,Pd,1.0,False,15.0,6.0,2.0587243101978396,2.088074089232064,2.073399189741417,0.014674839190064506,0.029349779034224532,42.32619769540633,15.378487096045056,14.136520455030581,57.579322933780354,6.0,1.0,1,"Trigonal prism, Octahedron"
mp-1218885,Sr15Pd5O24,2.085029321949233,0.0594926244110511,"[6.0, 6.0, 6.0]",2.3333333333333335,2.0,3.0,"Trigonal prism, Octahedron","1a, 2c",2,6.0,Pd,1.0,False,16.0,6.0,2.0819518156129164,2.1015242755118035,2.0917380340375904,0.009786180111333791,0.019572459898887118,107.8902124187557,35.78248776056148,89.64832632734571,179.4527398371047,6.0,1.0,2,"Trigonal prism, Octahedron"
mp-1218885,Sr15Pd5O24,2.085029321949233,0.0594926244110511,"[6.0, 6.0, 6.0]",2.3333333333333335,2.0,3.0,"Trigonal prism, Octahedron","1a, 2c",2,6.0,Pd,1.0,False,17.0,6.0,2.0587243101978374,2.0880740892320673,2.073399189741418,0.014674839190064359,0.02934977903422986,42.326197695406336,15.378487096045058,14.136520455030581,57.57932293378037,6.0,1.0,3,"Trigonal prism, Octahedron"
mp-1218885,Sr15Pd5O24,2.085029321949233,0.0594926244110511,"[6.0, 6.0, 6.0]",2.3333333333333335,2.0,3.0,"Trigonal prism, Octahedron","1a, 2c",2,6.0,Pd,1.0,False,18.0,6.0,2.081951815612921,2.1015242755118027,2.0917380340375913,0.009786180111331498,0.01957245989888179,107.89021241875577,35.78248776056165,89.64832632734571,179.4527398371047,6.0,1.0,4,"Trigonal prism, Octahedron"
mp-1218885,Sr15Pd5O24,2.085029321949233,0.0594926244110511,"[6.0, 6.0, 6.0]",2.3333333333333335,2.0,3.0,"Trigonal prism, Octahedron","1a, 2c",2,6.0,Pd,1.0,False,19.0,6.0,2.3790016102421587,2.379001759634445,2.3790016668469516,6.613826157225779e-08,1.4939228609733846e-07,31.485046928454768,10.33256102949872,14.060814639530776,42.71118220332106,6.0,1.0,5,"Trigonal prism, Octahedron"
mp-1218885,Sr15Pd5O24,2.085029321949233,0.0594926244110511,"[6.0, 6.0, 6.0]",2.3333333333333335,2.0,3.0,"Trigonal prism, Octahedron","1a, 2c",2,6.0,Pd,1.0,False,15.0,6.0,2.0587243101978396,2.088074089232064,2.073399189741417,0.014674839190064506,0.029349779034224532,42.32619769540633,15.378487096045056,14.136520455030581,57.579322933780354,6.0,1.0,1,"Trigonal prism, Octahedron"
mp-1218885,Sr15Pd5O24,2.085029321949233,0.0594926244110511,"[6.0, 6.0, 6.0]",2.3333333333333335,2.0,3.0,"Trigonal prism, Octahedron","1a, 2c",2,6.0,Pd,1.0,False,16.0,6.0,2.0819518156129164,2.1015242755118035,2.0917380340375904,0.009786180111333791,0.019572459898887118,107.8902124187557,35.78248776056148,89.64832632734571,179.4527398371047,6.0,1.0,2,"Trigonal prism, Octahedron"
mp-1218885,Sr15Pd5O24,2.085029321949233,0.0594926244110511,"[6.0, 6.0, 6.0]",2.3333333333333335,2.0,3.0,"Trigonal prism, Octahedron","1a, 2c",2,6.0,Pd,1.0,False,17.0,6.0,2.0587243101978374,2.0880740892320673,2.073399189741418,0.014674839190064359,0.02934977903422986,42.326197695406336,15.378487096045058,14.136520455030581,57.57932293378037,6.0,1.0,3,"Trigonal prism, Octahedron"
mp-1218885,Sr15Pd5O24,2.085029321949233,0.0594926244110511,"[6.0, 6.0, 6.0]",2.3333333333333335,2.0,3.0,"Trigonal prism, Octahedron","1a, 2c",2,6.0,Pd,1.0,False,18.0,6.0,2.081951815612921,2.1015242755118027,2.0917380340375913,0.009786180111331498,0.01957245989888179,107.89021241875577,35.78248776056165,89.64832632734571,179.4527398371047,6.0,1.0,4,"Trigonal prism, Octahedron"
mp-1218885,Sr15Pd5O24,2.085029321949233,0.0594926244110511,"[6.0, 6.0, 6.0]",2.3333333333333335,2.0,3.0,"Trigonal prism, Octahedron","1a, 2c",2,6.0,Pd,1.0,False,19.0,6.0,2.3790016102421587,2.379001759634445,2.3790016668469516,6.613826157225779e-08,1.4939228609733846e-07,31.485046928454768,10.33256102949872,14.060814639530776,42.71118220332106,6.0,1.0,5,"Trigonal prism, Octahedron"
mp-1218885,Sr15Pd5O24,2.085029321949233,0.0594926244110511,"[6.0, 6.0, 6.0]",2.3333333333333335,2.0,3.0,"Trigonal prism, Octahedron","1a, 2c",2,6.0,Pd,1.0,False,15.0,6.0,2.0587243101978396,2.088074089232064,2.073399189741417,0.014674839190064506,0.029349779034224532,42.32619769540633,15.378487096045056,14.136520455030581,57.579322933780354,6.0,1.0,1,"Trigonal prism, Octahedron"
mp-1218885,Sr15Pd5O24,2.085029321949233,0.0594926244110511,"[6.0, 6.0, 6.0]",2.3333333333333335,2.0,3.0,"Trigonal prism, Octahedron","1a, 2c",2,6.0,Pd,1.0,False,16.0,6.0,2.0819518156129164,2.1015242755118035,2.0917380340375904,0.009786180111333791,0.019572459898887118,107.8902124187557,35.78248776056148,89.64832632734571,179.4527398371047,6.0,1.0,2,"Trigonal prism, Octahedron"
mp-1218885,Sr15Pd5O24,2.085029321949233,0.0594926244110511,"[6.0, 6.0, 6.0]",2.3333333333333335,2.0,3.0,"Trigonal prism, Octahedron","1a, 2c",2,6.0,Pd,1.0,False,17.0,6.0,2.0587243101978374,2.0880740892320673,2.073399189741418,0.014674839190064359,0.02934977903422986,42.326197695406336,15.378487096045058,14.136520455030581,57.57932293378037,6.0,1.0,3,"Trigonal prism, Octahedron"
mp-1218885,Sr15Pd5O24,2.085029321949233,0.0594926244110511,"[6.0, 6.0, 6.0]",2.3333333333333335,2.0,3.0,"Trigonal prism, Octahedron","1a, 2c",2,6.0,Pd,1.0,False,18.0,6.0,2.081951815612921,2.1015242755118027,2.0917380340375913,0.009786180111331498,0.01957245989888179,107.89021241875577,35.78248776056165,89.64832632734571,179.4527398371047,6.0,1.0,4,"Trigonal prism, Octahedron"
mp-1218885,Sr15Pd5O24,2.085029321949233,0.0594926244110511,"[6.0, 6.0, 6.0]",2.3333333333333335,2.0,3.0,"Trigonal prism, Octahedron","1a, 2c",2,6.0,Pd,1.0,False,19.0,6.0,2.3790016102421587,2.379001759634445,2.3790016668469516,6.613826157225779e-08,1.4939228609733846e-07,31.485046928454768,10.33256102949872,14.060814639530776,42.71118220332106,6.0,1.0,5,"Trigonal prism, Octahedron"
mp-1224722,K14P16Pd9O56,1.9662137027184543,0.1186035808702499,[4.0],2.0,2.0,2.0,Square plane,"2b, 1a",1,4.0,Pd,0.0,True,30.0,4.0,2.0434818692090855,2.0519766664083847,2.047729267808735,0.00424739859964951,0.008494797199299242,118.98488170851418,41.229102150142474,85.19589739983823,177.03026048143238,4.0,1.0,1,Square plane
mp-1224722,K14P16Pd9O56,1.9662137027184543,0.1186035808702499,[4.0],2.0,2.0,2.0,Square plane,"2b, 1a",1,4.0,Pd,0.0,True,31.0,4.0,2.034605185231664,2.0613748430078274,2.047990014119746,0.013384828888081124,0.02676965777616358,118.91001364191798,41.135308323283475,85.14813352489102,176.81864911895735,4.0,1.0,2,Square plane
mp-1224722,K14P16Pd9O56,1.9662137027184543,0.1186035808702499,[4.0],2.0,2.0,2.0,Square plane,"2b, 1a",1,4.0,Pd,0.0,True,36.0,4.0,2.0353359065394527,2.0435639344379455,2.039449920488699,0.004114013949246043,0.008228027898492751,64.1674781434849,13.27206488853386,50.66051291956877,82.05686476059901,4.0,1.0,3,Square plane
mp-1227497,Bi2Pd3PtO8,2.479496429582243,-0.6160422210359175,[4.0],2.0,2.0,2.0,Square plane,"1h, 1a, 1d",1,4.0,Pd,0.0,True,2.0,4.0,2.0097979779958863,2.088678734009632,2.049238356002759,0.0394403780068725,0.07888075601374567,120.0,42.88362797967469,82.35092665424715,180.0,4.0,1.0,1,Square plane
mp-1227497,Bi2Pd3PtO8,2.479496429582243,-0.6160422210359175,[4.0],2.0,2.0,2.0,Square plane,"1h, 1a, 1d",1,4.0,Pd,0.0,True,3.0,4.0,2.0284569746705747,2.0899042938584325,2.0591806342645036,0.03072365959392842,0.06144731918785773,53.36752591693952,20.563203823988445,27.73444513431816,88.13603430108353,4.0,1.0,2,Square plane
mp-1227497,Bi2Pd3PtO8,2.479496429582243,-0.6160422210359175,[4.0],2.0,2.0,2.0,Square plane,"1h, 1a, 1d",1,4.0,Pd,0.0,True,4.0,4.0,2.0138879966773433,2.0791723339694537,2.0465301653233983,0.03264216864605485,0.06528433729211036,56.8237865778243,27.70487621290954,22.232020512606127,98.74529828056939,4.0,1.0,3,Square plane
mp-1228152,Ba4Y2Cu5PdO14,1.9852408760663365,0.0681217455007234,[4.0],2.0,2.0,2.0,Square plane,1b,1,4.0,Pd,0.0,True,11.0,4.0,2.0201907653318005,2.047435865280806,2.033813315306303,0.013622549974502518,0.027245099949005258,120.0,42.42640687119285,89.99999993356725,180.0,4.0,1.0,1,Square plane
mp-1228291,Ba4Y2Cu5PdO14,2.0109491094752387,-0.5365434485092193,[4.0],4.0,4.0,4.0,Square plane,1c,1,4.0,Pd,0.0,True,11.0,4.0,1.9744359999999996,2.045135059994001,2.009785529997,0.03534952999700003,0.07069905999400139,90.0,51.96152422706632,0.0,180.0,2.0,0.5,1,Square plane
mp-16415,LaPdO3,1.8144484920263673,0.4012283130779954,[6.0],3.0,3.0,3.0,Octahedron,4b,1,6.0,Pd,0.0,True,4.0,6.0,2.0482672573810095,2.1168233658247506,2.0914892107717935,0.03065244962147337,0.06855610844374116,60.042313368315696,27.87638263890546,13.817464196198845,104.04735758906244,6.0,1.0,1,Octahedron
mp-16415,LaPdO3,1.8144484920263673,0.4012283130779954,[6.0],3.0,3.0,3.0,Octahedron,4b,1,6.0,Pd,0.0,True,5.0,6.0,2.0482750478733087,2.1167280395756785,2.091447790768839,0.03061611169366344,0.06845299170236974,59.664168978031675,24.564321697667058,20.251500291762504,95.04707225789619,6.0,1.0,2,Octahedron
mp-16415,LaPdO3,1.8144484920263673,0.4012283130779954,[6.0],3.0,3.0,3.0,Octahedron,4b,1,6.0,Pd,0.0,True,6.0,6.0,2.047413786715787,2.1167384807523884,2.091143658213204,0.031008782705751317,0.06932469403660146,47.45040066783402,23.591748553566173,10.789066115762905,82.73963467179387,6.0,1.0,3,Octahedron
mp-16415,LaPdO3,1.8144484920263673,0.4012283130779954,[6.0],3.0,3.0,3.0,Octahedron,4b,1,6.0,Pd,0.0,True,7.0,6.0,2.047515134319315,2.1168255469953055,2.091184800969845,0.031005980889365084,0.06931041267599047,49.70913450919803,24.960457106181025,10.789756557052673,89.89905745157165,6.0,1.0,4,Octahedron
mp-17380,Ba2Ca(PdO2)3,2.1255950493263236,-0.0812701587532069,[4.0],2.0,2.0,2.0,Square plane,"2g, 4n",1,4.0,Pd,0.0,True,6.0,4.0,2.0688325142116244,2.0771400997410123,2.072986307008812,0.0041537924712235046,0.008307585529387929,52.44569738059553,18.949133478452516,20.353622491251556,81.55877987331962,4.0,1.0,1,Square plane
mp-17380,Ba2Ca(PdO2)3,2.1255950493263236,-0.0812701587532069,[4.0],2.0,2.0,2.0,Square plane,"2g, 4n",1,4.0,Pd,0.0,True,7.0,4.0,2.068832513230221,2.0771401000415244,2.072986306623883,0.0041537924492363034,0.008307586811303391,52.445697399680846,18.94913348279812,20.353622497135138,81.55877989268275,4.0,1.0,2,Square plane
mp-17380,Ba2Ca(PdO2)3,2.1255950493263236,-0.0812701587532069,[4.0],2.0,2.0,2.0,Square plane,"2g, 4n",1,4.0,Pd,0.0,True,8.0,4.0,2.0688325132302214,2.077140100041525,2.0729863066238825,0.004153792449237303,0.008307586811303391,52.44569739968085,18.949133482798132,20.353622497135138,81.55877989268278,4.0,1.0,3,Square plane
mp-17380,Ba2Ca(PdO2)3,2.1255950493263236,-0.0812701587532069,[4.0],2.0,2.0,2.0,Square plane,"2g, 4n",1,4.0,Pd,0.0,True,9.0,4.0,2.0688325142116244,2.0771400997410145,2.0729863070088124,0.004153792471224282,0.008307585529390149,52.44569738059553,18.949133478452527,20.35362249125154,81.55877987331964,4.0,1.0,4,Square plane
mp-17380,Ba2Ca(PdO2)3,2.1255950493263236,-0.0812701587532069,[4.0],2.0,2.0,2.0,Square plane,"2g, 4n",1,4.0,Pd,0.0,True,10.0,4.0,2.0616126609201872,2.061612662464765,2.0616126617264,7.242434244194329e-10,1.5445777989953058e-09,117.80332733885115,40.03651055050798,82.30532197296905,173.75314123132398,4.0,1.0,5,Square plane
mp-17380,Ba2Ca(PdO2)3,2.1255950493263236,-0.0812701587532069,[4.0],2.0,2.0,2.0,Square plane,"2g, 4n",1,4.0,Pd,0.0,True,11.0,4.0,2.0616126609201864,2.061612662464765,2.0616126617263997,7.242439646038908e-10,1.5445786871737255e-09,117.80332733885109,40.03651055050792,82.30532197296904,173.75314123132387,4.0,1.0,6,Square plane
mp-25257,Li15Bi4(PdO10)2,1.9909858905037077,0.0335665362371224,"[4.0, 4.0]",2.5,2.0,3.0,Square plane,1a,1,4.0,Pd,1.0,False,19.0,4.0,1.9614016690792309,2.0583358765734387,2.009879172890754,0.038074778176483914,0.09693420749420789,47.62650851511527,22.848280444468926,15.756329543349874,87.17199375930053,4.0,1.0,1,Square plane
mp-25257,Li15Bi4(PdO10)2,1.9909858905037077,0.0335665362371224,"[4.0, 4.0]",2.5,2.0,3.0,Square plane,1a,1,4.0,Pd,1.0,False,20.0,4.0,1.955885034894026,2.065037160141401,2.005129883899304,0.03960451654298948,0.10915212524737483,45.79934725286213,18.80182208433872,26.10226950214312,79.38569234700687,4.0,1.0,2,Square plane
mp-25257,Li15Bi4(PdO10)2,1.9909858905037077,0.0335665362371224,"[4.0, 4.0]",2.5,2.0,3.0,Square plane,1a,1,4.0,Pd,1.0,False,19.0,4.0,1.9614016690792309,2.0583358765734387,2.009879172890754,0.038074778176483914,0.09693420749420789,47.62650851511527,22.848280444468926,15.756329543349874,87.17199375930053,4.0,1.0,1,Square plane
mp-25257,Li15Bi4(PdO10)2,1.9909858905037077,0.0335665362371224,"[4.0, 4.0]",2.5,2.0,3.0,Square plane,1a,1,4.0,Pd,1.0,False,20.0,4.0,1.955885034894026,2.065037160141401,2.005129883899304,0.03960451654298948,0.10915212524737483,45.79934725286213,18.80182208433872,26.10226950214312,79.38569234700687,4.0,1.0,2,Square plane
mp-29352,Ba2PdO3,2.1024883286681115,-0.0615367412508591,[4.0],2.0,2.0,2.0,Square plane,1a,1,4.0,Pd,0.0,True,2.0,4.0,2.05750758,2.0620762852475645,2.0597919326237824,0.0022843526237822376,0.004568705247564697,57.804556414320366,32.41528061531735,0.0,89.99994240313706,0.0,0.0,1,Square plane
mp-29791,Nd4PdO7,1.746783647092402,0.4384613990789098,[4.0],2.0,2.0,2.0,Square plane,"1b, 1a",1,4.0,Pd,0.0,True,8.0,4.0,2.0431671184836606,2.061294181910663,2.0522306501971617,0.00906353171349994,0.018127063427002543,52.67337684316956,26.01377832641092,12.66020589267284,81.45925355048604,4.0,1.0,1,Square plane
mp-29791,Nd4PdO7,1.746783647092402,0.4384613990789098,[4.0],2.0,2.0,2.0,Square plane,"1b, 1a",1,4.0,Pd,0.0,True,9.0,4.0,2.032745011043963,2.0664262496842385,2.0495856303641,0.016840619320136807,0.03368123864027561,43.8828863567611,15.28798503857167,25.294267347401462,63.54547421790164,4.0,1.0,2,Square plane
mp-31031,La4PdO7,2.154874370068943,-0.1499535226843814,[4.0],2.0,2.0,2.0,Square plane,1a,1,4.0,Pd,0.0,True,4.0,4.0,2.046446000151443,2.0552928912986177,2.05086944572503,0.004423445573587315,0.008846891147174851,13.992787639287075,9.015680709520923,0.0,21.687479644486487,4.0,1.0,1,Square plane
mp-4359,Sr2PdO3,2.4865563686304073,-0.6620419380924506,[4.0],2.0,2.0,2.0,Square plane,1a,1,4.0,Pd,0.0,True,2.0,4.0,2.00267719,2.0517404555532512,2.0272088227766254,0.024531632776625515,0.049063265553251245,57.56400886214445,32.32516016985721,0.0,90.00161002420678,4.0,1.0,1,Square plane
mp-532526,Li2PdO3,1.9380585907714336,0.2715673352714486,[6.0],4.0,4.0,4.0,no_data,no_data,1,6.0,Pd,0.0,True,24.0,6.0,2.021180950215621,2.0671940738125283,2.0444268672908525,0.016943517435654896,0.046013123596907235,107.2126469404142,34.45381203485187,84.12304494759375,176.41365066546604,6.0,1.0,1,no_data
mp-532526,Li2PdO3,1.9380585907714336,0.2715673352714486,[6.0],4.0,4.0,4.0,no_data,no_data,1,6.0,Pd,0.0,True,25.0,6.0,2.022033494757311,2.0724820207067842,2.0448127862969425,0.015871327565853112,0.05044852594947313,59.68045995509966,23.719017808554163,23.60153057708311,92.53107760485115,6.0,1.0,2,no_data
mp-532526,Li2PdO3,1.9380585907714336,0.2715673352714486,[6.0],4.0,4.0,4.0,no_data,no_data,1,6.0,Pd,0.0,True,26.0,6.0,2.0270025997912744,2.063223547504551,2.0445032293946137,0.014953867764669825,0.03622094771327644,60.91759827803518,27.990607684071538,25.506605975409833,124.7339822740215,6.0,1.0,3,no_data
mp-532526,Li2PdO3,1.9380585907714336,0.2715673352714486,[6.0],4.0,4.0,4.0,no_data,no_data,1,6.0,Pd,0.0,True,27.0,6.0,2.0187518716741804,2.0643173588460106,2.0441328200127704,0.01633837851135302,0.04556548717183029,99.17609458044849,35.77412141874541,54.45080312461029,176.33999511316324,6.0,1.0,4,no_data
mp-532526,Li2PdO3,1.9380585907714336,0.2715673352714486,[6.0],4.0,4.0,4.0,no_data,no_data,1,6.0,Pd,0.0,True,28.0,6.0,2.0424166221996125,2.0676062582098447,2.0588972434152426,0.00901831536874955,0.025189636010232164,99.58493938578218,36.68932478606018,54.430244461736876,179.84109413690436,6.0,1.0,5,no_data
mp-532526,Li2PdO3,1.9380585907714336,0.2715673352714486,[6.0],4.0,4.0,4.0,no_data,no_data,1,6.0,Pd,0.0,True,29.0,6.0,2.0062710537167683,2.090603056130885,2.0466820260045875,0.02931572670368617,0.08433200241411676,52.56240088047617,21.11609683911531,16.727876870795168,94.01398342844568,6.0,1.0,6,no_data
mp-532526,Li2PdO3,1.9380585907714336,0.2715673352714486,[6.0],4.0,4.0,4.0,no_data,no_data,1,6.0,Pd,0.0,True,30.0,6.0,1.999572613540811,2.102544827726564,2.0490131947567307,0.03782300377487987,0.1029722141857532,60.150792905649354,23.8285208451513,25.05362111717889,94.19247833225818,6.0,1.0,7,no_data
mp-532526,Li2PdO3,1.9380585907714336,0.2715673352714486,[6.0],4.0,4.0,4.0,no_data,no_data,1,6.0,Pd,0.0,True,31.0,6.0,2.016440443204428,2.0801537805750474,2.0459881729179368,0.025028022680276436,0.06371333737061935,59.722011124970216,23.529390292863518,24.70700374511285,92.46916511540822,6.0,1.0,8,no_data
mp-532526,Li2PdO3,1.9380585907714336,0.2715673352714486,[6.0],4.0,4.0,4.0,no_data,no_data,1,6.0,Pd,0.0,True,32.0,6.0,1.9861729397993686,2.1141231020802973,2.050827635014424,0.0382037465945837,0.1279501622809287,106.79445464464631,33.85774578043183,83.57847058446313,177.69159376153232,6.0,1.0,9,no_data
mp-532526,Li2PdO3,1.9380585907714336,0.2715673352714486,[6.0],4.0,4.0,4.0,no_data,no_data,1,6.0,Pd,0.0,True,33.0,6.0,2.0115202563034646,2.135154682394577,2.054331765500702,0.03885984311829178,0.12363442609111219,60.87817922537366,23.3744786406726,16.317873416765057,97.87038489980804,6.0,1.0,10,no_data
mp-532526,Li2PdO3,1.9380585907714336,0.2715673352714486,[6.0],4.0,4.0,4.0,no_data,no_data,1,6.0,Pd,0.0,True,34.0,6.0,2.02430259951943,2.085092137302737,2.04159508414378,0.020197803861176877,0.06078953778330698,53.34065447937308,25.573978903419277,6.305906446982887,78.36319164727134,6.0,1.0,11,no_data
mp-532526,Li2PdO3,1.9380585907714336,0.2715673352714486,[6.0],4.0,4.0,4.0,no_data,no_data,1,6.0,Pd,0.0,True,35.0,6.0,2.0071374291151916,2.1113354055124054,2.062028727116655,0.03946972160662375,0.10419797639721384,71.35299089954147,32.3872007054362,6.550053593610229,130.1546087968462,6.0,1.0,12,no_data
mp-545482,PdSeO3,2.023441974889412,-0.0049854955229211,[4.0],2.0,2.0,2.0,Square plane,2d,1,4.0,Pd,0.0,True,0.0,4.0,2.0189349208754948,2.0208777162970497,2.019908045922278,0.0009680177445690441,0.0019427954215549548,52.943520810108275,20.553106801098707,23.553514580220508,70.80856525864107,4.0,1.0,1,Square plane
mp-545482,PdSeO3,2.023441974889412,-0.0049854955229211,[4.0],2.0,2.0,2.0,Square plane,2d,1,4.0,Pd,0.0,True,1.0,4.0,2.018811107356609,2.020810608964272,2.0198087838987697,0.0009969229046293156,0.0019995016076630456,45.72513478349267,25.5120160242977,10.662760176486511,87.69021138514401,4.0,1.0,2,Square plane
mp-546684,PdSeO3,2.002581460083433,0.0162385569505931,[4.0],2.0,2.0,2.0,Square plane,2e,1,4.0,Pd,0.0,True,,,,,,,,,,,,,,0,Square plane
mp-554320,P2Pd2O7,1.9404637439508037,0.1218751718975451,[4.0],2.0,2.0,2.0,Square plane,"2a, 2c",1,4.0,Pd,0.0,True,6.0,4.0,2.0056755248629448,2.048112054900148,2.0268937898815462,0.021218265018601135,0.04243653003720338,21.732064280767492,11.589835576963953,3.8023107526701714,35.665101682258474,4.0,1.0,1,Square plane
mp-554320,P2Pd2O7,1.9404637439508037,0.1218751718975451,[4.0],2.0,2.0,2.0,Square plane,"2a, 2c",1,4.0,Pd,0.0,True,7.0,4.0,2.0056755248629448,2.0481120549001472,2.0268937898815462,0.02121826501860069,0.04243653003720249,31.25223904201178,17.42398821133458,3.8023107526701714,49.42291124266391,4.0,1.0,2,Square plane
mp-555122,Rb2Pd(NO3)4,2.101145571124083,-0.0948499013982769,[4.0],2.0,2.0,2.0,Square plane,2c,1,4.0,Pd,0.0,True,,,,,,,,,,,,,,0,Square plane
mp-555331,KGdPdO3,2.226440232276331,-0.2583861957597614,[4.0],2.0,2.0,2.0,Square plane,2i,1,4.0,Pd,0.0,True,4.0,4.0,1.9953229874487552,2.0981960351848365,2.0364516670730537,0.04363566882201609,0.1028730477360813,10.358378430498922,7.694951324281755,0.0,20.71675686099779,4.0,1.0,1,Square plane
mp-555331,KGdPdO3,2.226440232276331,-0.2583861957597614,[4.0],2.0,2.0,2.0,Square plane,2i,1,4.0,Pd,0.0,True,5.0,4.0,1.9953229874487555,2.0981960351848388,2.036451667073054,0.04363566882201672,0.1028730477360833,10.358378631735354,7.694951053392129,1.2074182697257333e-06,20.71675686099781,4.0,1.0,2,Square plane
mp-556475,KLaPdO3,2.1866133276997344,-0.1767375594957685,[4.0],2.0,2.0,2.0,Square plane,2i,1,4.0,Pd,0.0,True,4.0,4.0,2.026729561139392,2.101178198848439,2.0562096241142087,0.03144870603474638,0.0744486377090472,10.459916681668867,7.77013106451993,8.537736462515939e-07,20.919833078746517,4.0,1.0,1,Square plane
mp-556475,KLaPdO3,2.1866133276997344,-0.1767375594957685,[4.0],2.0,2.0,2.0,Square plane,2i,1,4.0,Pd,0.0,True,5.0,4.0,2.026730679164174,2.1011786583718517,2.056210436761193,0.03144840801582636,0.07444797920767776,10.460002324524998,7.770199435858585,8.537736462515939e-07,20.92000436445866,4.0,1.0,2,Square plane
mp-556518,K2Pd(NO3)4,2.0909769741416477,-0.1374175071231889,[4.0],2.0,2.0,2.0,Square plane,4e,1,4.0,Pd,0.0,True,,,,,,,,,,,,,,0,Square plane
mp-557232,KSmPdO3,2.214235240201192,-0.2365947516015732,[4.0],2.0,2.0,2.0,Square plane,2i,1,4.0,Pd,0.0,True,4.0,4.0,1.9991330010963049,2.1012506483361553,2.0394043855593815,0.043064162521077615,0.1021176472398504,58.68136068322082,32.34641740472409,0.0,89.47417461751515,4.0,1.0,1,Square plane
mp-557232,KSmPdO3,2.214235240201192,-0.2365947516015732,[4.0],2.0,2.0,2.0,Square plane,2i,1,4.0,Pd,0.0,True,5.0,4.0,1.9991330010963049,2.101250648336154,2.039404385559382,0.04306416252107733,0.10211764723984906,58.681360683220824,32.34641740472411,0.0,89.47417461751517,4.0,1.0,2,Square plane
mp-557269,Ba2Hg3(PdO2)7,2.027081924450981,0.016367989021964,"[4.0, 4.0, 4.0, 6.0]",2.0,2.0,2.0,"Octahedron, Square plane","2f, 2e, 2i, 1a",2,4.0,Pd,0.0,True,5.0,4.0,2.051070557445262,2.0510705574452643,2.0510705574452635,8.599750569898517e-16,2.220446049250313e-15,46.72787685926961,16.034961946772473,18.768578021408317,60.610762115386564,4.0,1.0,1,"Octahedron, Square plane"
mp-557269,Ba2Hg3(PdO2)7,2.027081924450981,0.016367989021964,"[4.0, 4.0, 4.0, 6.0]",2.0,2.0,2.0,"Octahedron, Square plane","2f, 2e, 2i, 1a",2,4.0,Pd,0.0,True,8.0,4.0,2.050660407265523,2.0570696159748643,2.0538650116201937,0.003204604354670515,0.006409208709341474,45.01478541957393,17.189801635680098,18.214825651823,70.83132535501156,4.0,1.0,2,"Octahedron, Square plane"
mp-557269,Ba2Hg3(PdO2)7,2.027081924450981,0.016367989021964,"[4.0, 4.0, 4.0, 6.0]",2.0,2.0,2.0,"Octahedron, Square plane","2f, 2e, 2i, 1a",2,4.0,Pd,0.0,True,9.0,4.0,2.010355649925095,2.045099045713178,2.027727347819136,0.017371697894040694,0.03474339578808294,61.58317258475129,35.60342905021026,20.17651617494989,108.58675730780062,4.0,1.0,3,"Octahedron, Square plane"
mp-557269,Ba2Hg3(PdO2)7,2.027081924450981,0.016367989021964,"[4.0, 4.0, 4.0, 6.0]",2.0,2.0,2.0,"Octahedron, Square plane","2f, 2e, 2i, 1a",2,4.0,Pd,0.0,True,10.0,4.0,2.010355649925095,2.0450990457131786,2.0277273478191367,0.017371697894040916,0.03474339578808339,61.58317258475129,35.603429050210266,20.17651617494987,108.58675730780064,4.0,1.0,4,"Octahedron, Square plane"
mp-557269,Ba2Hg3(PdO2)7,2.027081924450981,0.016367989021964,"[4.0, 4.0, 4.0, 6.0]",2.0,2.0,2.0,"Octahedron, Square plane","2f, 2e, 2i, 1a",2,4.0,Pd,0.0,True,11.0,4.0,2.050660407265521,2.0570696159748643,2.053865011620193,0.003204604354670848,0.00640920870934325,45.01478541957393,17.189801635680098,18.214825651823,70.83132535501156,4.0,1.0,5,"Octahedron, Square plane"
mp-557269,Ba2Hg3(PdO2)7,2.027081924450981,0.016367989021964,"[4.0, 4.0, 4.0, 6.0]",2.0,2.0,2.0,"Octahedron, Square plane","2f, 2e, 2i, 1a",2,4.0,Pd,0.0,True,5.0,4.0,2.051070557445262,2.0510705574452643,2.0510705574452635,8.599750569898517e-16,2.220446049250313e-15,46.72787685926961,16.034961946772473,18.768578021408317,60.610762115386564,4.0,1.0,1,"Octahedron, Square plane"
mp-557269,Ba2Hg3(PdO2)7,2.027081924450981,0.016367989021964,"[4.0, 4.0, 4.0, 6.0]",2.0,2.0,2.0,"Octahedron, Square plane","2f, 2e, 2i, 1a",2,4.0,Pd,0.0,True,8.0,4.0,2.050660407265523,2.0570696159748643,2.0538650116201937,0.003204604354670515,0.006409208709341474,45.01478541957393,17.189801635680098,18.214825651823,70.83132535501156,4.0,1.0,2,"Octahedron, Square plane"
mp-557269,Ba2Hg3(PdO2)7,2.027081924450981,0.016367989021964,"[4.0, 4.0, 4.0, 6.0]",2.0,2.0,2.0,"Octahedron, Square plane","2f, 2e, 2i, 1a",2,4.0,Pd,0.0,True,9.0,4.0,2.010355649925095,2.045099045713178,2.027727347819136,0.017371697894040694,0.03474339578808294,61.58317258475129,35.60342905021026,20.17651617494989,108.58675730780062,4.0,1.0,3,"Octahedron, Square plane"
mp-557269,Ba2Hg3(PdO2)7,2.027081924450981,0.016367989021964,"[4.0, 4.0, 4.0, 6.0]",2.0,2.0,2.0,"Octahedron, Square plane","2f, 2e, 2i, 1a",2,4.0,Pd,0.0,True,10.0,4.0,2.010355649925095,2.0450990457131786,2.0277273478191367,0.017371697894040916,0.03474339578808339,61.58317258475129,35.603429050210266,20.17651617494987,108.58675730780064,4.0,1.0,4,"Octahedron, Square plane"
mp-557269,Ba2Hg3(PdO2)7,2.027081924450981,0.016367989021964,"[4.0, 4.0, 4.0, 6.0]",2.0,2.0,2.0,"Octahedron, Square plane","2f, 2e, 2i, 1a",2,4.0,Pd,0.0,True,11.0,4.0,2.050660407265521,2.0570696159748643,2.053865011620193,0.003204604354670848,0.00640920870934325,45.01478541957393,17.189801635680098,18.214825651823,70.83132535501156,4.0,1.0,5,"Octahedron, Square plane"
mp-557269,Ba2Hg3(PdO2)7,2.027081924450981,0.016367989021964,"[4.0, 4.0, 4.0, 6.0]",2.0,2.0,2.0,"Octahedron, Square plane","2f, 2e, 2i, 1a",2,4.0,Pd,0.0,True,5.0,4.0,2.051070557445262,2.0510705574452643,2.0510705574452635,8.599750569898517e-16,2.220446049250313e-15,46.72787685926961,16.034961946772473,18.768578021408317,60.610762115386564,4.0,1.0,1,"Octahedron, Square plane"
mp-557269,Ba2Hg3(PdO2)7,2.027081924450981,0.016367989021964,"[4.0, 4.0, 4.0, 6.0]",2.0,2.0,2.0,"Octahedron, Square plane","2f, 2e, 2i, 1a",2,4.0,Pd,0.0,True,8.0,4.0,2.050660407265523,2.0570696159748643,2.0538650116201937,0.003204604354670515,0.006409208709341474,45.01478541957393,17.189801635680098,18.214825651823,70.83132535501156,4.0,1.0,2,"Octahedron, Square plane"
mp-557269,Ba2Hg3(PdO2)7,2.027081924450981,0.016367989021964,"[4.0, 4.0, 4.0, 6.0]",2.0,2.0,2.0,"Octahedron, Square plane","2f, 2e, 2i, 1a",2,4.0,Pd,0.0,True,9.0,4.0,2.010355649925095,2.045099045713178,2.027727347819136,0.017371697894040694,0.03474339578808294,61.58317258475129,35.60342905021026,20.17651617494989,108.58675730780062,4.0,1.0,3,"Octahedron, Square plane"
mp-557269,Ba2Hg3(PdO2)7,2.027081924450981,0.016367989021964,"[4.0, 4.0, 4.0, 6.0]",2.0,2.0,2.0,"Octahedron, Square plane","2f, 2e, 2i, 1a",2,4.0,Pd,0.0,True,10.0,4.0,2.010355649925095,2.0450990457131786,2.0277273478191367,0.017371697894040916,0.03474339578808339,61.58317258475129,35.603429050210266,20.17651617494987,108.58675730780064,4.0,1.0,4,"Octahedron, Square plane"
mp-557269,Ba2Hg3(PdO2)7,2.027081924450981,0.016367989021964,"[4.0, 4.0, 4.0, 6.0]",2.0,2.0,2.0,"Octahedron, Square plane","2f, 2e, 2i, 1a",2,4.0,Pd,0.0,True,11.0,4.0,2.050660407265521,2.0570696159748643,2.053865011620193,0.003204604354670848,0.00640920870934325,45.01478541957393,17.189801635680098,18.214825651823,70.83132535501156,4.0,1.0,5,"Octahedron, Square plane"
mp-557269,Ba2Hg3(PdO2)7,2.027081924450981,0.016367989021964,"[4.0, 4.0, 4.0, 6.0]",2.0,2.0,2.0,"Octahedron, Square plane","2f, 2e, 2i, 1a",2,6.0,Pd,0.0,True,6.0,6.0,2.012680182224724,2.0736340503140784,2.0422504359179436,0.026818081709044123,0.06095386808935466,90.43480985693049,41.51182181913585,31.836474160244123,169.6363481873299,6.0,1.0,1,"Octahedron, Square plane"
mp-557269,Ba2Hg3(PdO2)7,2.027081924450981,0.016367989021964,"[4.0, 4.0, 4.0, 6.0]",2.0,2.0,2.0,"Octahedron, Square plane","2f, 2e, 2i, 1a",2,6.0,Pd,0.0,True,7.0,6.0,2.0126801822247242,2.0736340503140775,2.042250435917943,0.02681808170904311,0.060953868089353325,90.4348098569305,41.51182181913586,31.836474160244123,169.63634818732996,6.0,1.0,2,"Octahedron, Square plane"
mp-558831,KNdPdO3,2.1996060773369353,-0.207326595143533,[4.0],2.0,2.0,2.0,Square plane,2i,1,4.0,Pd,0.0,True,4.0,4.0,2.009639897705753,2.1024728110854465,2.046034010497375,0.039056704934193484,0.09283291337969368,58.59504756384549,32.31335536003224,1.2074182697257333e-06,89.39906003671798,4.0,1.0,1,Square plane
mp-558831,KNdPdO3,2.1996060773369353,-0.207326595143533,[4.0],2.0,2.0,2.0,Square plane,2i,1,4.0,Pd,0.0,True,5.0,4.0,2.0096398977057532,2.102472811085448,2.0460340104973755,0.03905670493419377,0.09283291337969457,58.5950473626091,32.313355724941886,0.0,89.39906003671798,4.0,1.0,2,Square plane
mp-558846,Cs2As4Pd3O14,2.120965129847195,-0.1032437373350155,[4.0],2.0,2.0,2.0,Square plane,"4f, 4d, 2c",1,4.0,Pd,0.0,True,24.0,4.0,2.060003385104952,2.060003385104955,2.060003385104954,1.2161883888976235e-15,3.1086244689504383e-15,46.53283417193634,39.019402638389955,3.3107369765278594,89.91470037554956,4.0,1.0,1,Square plane
mp-558846,Cs2As4Pd3O14,2.120965129847195,-0.1032437373350155,[4.0],2.0,2.0,2.0,Square plane,"4f, 4d, 2c",1,4.0,Pd,0.0,True,25.0,4.0,2.0712516688211173,2.071251668821119,2.071251668821118,6.661338147750939e-16,1.7763568394002505e-15,46.84924472957442,23.3531092662272,11.075363663667497,89.93136640197568,4.0,1.0,2,Square plane
mp-558846,Cs2As4Pd3O14,2.120965129847195,-0.1032437373350155,[4.0],2.0,2.0,2.0,Square plane,"4f, 4d, 2c",1,4.0,Pd,0.0,True,26.0,4.0,2.0391433171728983,2.0676864640861674,2.053414890629533,0.014271573456633992,0.02854314691326909,119.70805635551524,42.018288277595836,89.69304278488853,179.6821537633384,4.0,1.0,3,Square plane
mp-558846,Cs2As4Pd3O14,2.120965129847195,-0.1032437373350155,[4.0],2.0,2.0,2.0,Square plane,"4f, 4d, 2c",1,4.0,Pd,0.0,True,27.0,4.0,2.060003385104952,2.060003385104955,2.0600033851049533,1.2947314098277875e-15,3.1086244689504383e-15,46.53283417193635,39.019402638389934,3.3107369765278594,89.91470037554959,4.0,1.0,4,Square plane
mp-558846,Cs2As4Pd3O14,2.120965129847195,-0.1032437373350155,[4.0],2.0,2.0,2.0,Square plane,"4f, 4d, 2c",1,4.0,Pd,0.0,True,28.0,4.0,2.0248549224399164,2.0332740239697276,2.029064473204823,0.004209550764904368,0.00841910152981118,73.816482560898,26.402521274835447,25.07908526297664,107.45078326225453,4.0,1.0,5,Square plane
mp-558846,Cs2As4Pd3O14,2.120965129847195,-0.1032437373350155,[4.0],2.0,2.0,2.0,Square plane,"4f, 4d, 2c",1,4.0,Pd,0.0,True,29.0,4.0,2.071251668821116,2.071251668821119,2.0712516688211178,1.1537776118301384e-15,3.1086244689504383e-15,46.8492447295744,23.35310926622721,11.075363663667463,89.93136640197567,4.0,1.0,6,Square plane
mp-558846,Cs2As4Pd3O14,2.120965129847195,-0.1032437373350155,[4.0],2.0,2.0,2.0,Square plane,"4f, 4d, 2c",1,4.0,Pd,0.0,True,30.0,4.0,2.0391433171728988,2.067686464086167,2.053414890629533,0.014271573456633435,0.028543146913268203,45.712787980692646,24.333955875965415,8.582777756837817,80.75048682753625,4.0,1.0,7,Square plane
mp-558846,Cs2As4Pd3O14,2.120965129847195,-0.1032437373350155,[4.0],2.0,2.0,2.0,Square plane,"4f, 4d, 2c",1,4.0,Pd,0.0,True,31.0,4.0,2.039143317172899,2.067686464086167,2.053414890629533,0.014271573456633657,0.02854314691326776,119.70805635551515,42.01828827759571,89.69304278488858,179.6821537633384,4.0,1.0,8,Square plane
mp-558846,Cs2As4Pd3O14,2.120965129847195,-0.1032437373350155,[4.0],2.0,2.0,2.0,Square plane,"4f, 4d, 2c",1,4.0,Pd,0.0,True,32.0,4.0,2.024854922439916,2.0332740239697262,2.029064473204821,0.0042095507649045905,0.008419101529810291,73.816482560898,26.40252127483546,25.079085262976612,107.45078326225453,4.0,1.0,9,Square plane
mp-558846,Cs2As4Pd3O14,2.120965129847195,-0.1032437373350155,[4.0],2.0,2.0,2.0,Square plane,"4f, 4d, 2c",1,4.0,Pd,0.0,True,33.0,4.0,2.0248549224399173,2.0332740239697267,2.029064473204822,0.004209550764904146,0.008419101529809403,73.816482560898,26.40252127483546,25.07908526297663,107.45078326225455,4.0,1.0,10,Square plane
mp-558846,Cs2As4Pd3O14,2.120965129847195,-0.1032437373350155,[4.0],2.0,2.0,2.0,Square plane,"4f, 4d, 2c",1,4.0,Pd,0.0,True,34.0,4.0,2.0248549224399164,2.0332740239697276,2.029064473204822,0.0042095507649044794,0.00841910152981118,73.816482560898,26.40252127483547,25.079085262976598,107.45078326225455,4.0,1.0,11,Square plane
mp-558846,Cs2As4Pd3O14,2.120965129847195,-0.1032437373350155,[4.0],2.0,2.0,2.0,Square plane,"4f, 4d, 2c",1,4.0,Pd,0.0,True,35.0,4.0,2.0391433171728983,2.067686464086168,2.053414890629533,0.014271573456634212,0.028543146913269535,45.81862864489878,24.432245191191186,8.356773145108683,80.85013211440769,4.0,1.0,12,Square plane
mp-560120,Na2Pd(NO3)4,2.0564550966166992,-0.0216503431025427,[4.0],2.0,2.0,2.0,Square plane,2b,1,4.0,Pd,0.0,True,,,,,,,,,,,,,,0,Square plane
mp-560555,Li8Bi2PdO10,1.7128175411657245,0.4598106056715714,[4.0],2.0,2.0,2.0,Square plane,1a,1,4.0,Pd,0.0,True,10.0,4.0,2.0183763379185566,2.0450781668808933,2.031727252399725,0.013350914481167873,0.026701828962336638,32.8667271898723,19.56362639709437,0.10168425982209209,56.80642778150317,4.0,1.0,1,Square plane
mp-560563,K3(PdO2)2,2.020199683059989,-0.0394720171571994,"[4.0, 4.0]",2.5,2.0,3.0,Square plane,"2a, 2c",1,4.0,Pd,1.0,False,6.0,4.0,2.009148765010261,2.0099575010361685,2.0096334643369556,0.000328351433781626,0.000808736025907475,42.56564921045955,8.084368136071294,34.34554304976722,53.55930412847594,4.0,1.0,1,Square plane
mp-560563,K3(PdO2)2,2.020199683059989,-0.0394720171571994,"[4.0, 4.0]",2.5,2.0,3.0,Square plane,"2a, 2c",1,4.0,Pd,1.0,False,7.0,4.0,1.9938008567832652,1.994073866088621,1.9939373614359432,0.0001365046526775049,0.00027300930535578694,41.153897001699235,16.040073150322613,18.258892110960026,68.50485252754825,4.0,1.0,2,Square plane
mp-560563,K3(PdO2)2,2.020199683059989,-0.0394720171571994,"[4.0, 4.0]",2.5,2.0,3.0,Square plane,"2a, 2c",1,4.0,Pd,1.0,False,8.0,4.0,2.0091487650102606,2.009957501036167,2.0096334643369547,0.0003283514337814865,0.0008087360259065868,42.56564921045953,8.084368136071296,34.3455430497672,53.559304128475915,4.0,1.0,3,Square plane
mp-560563,K3(PdO2)2,2.020199683059989,-0.0394720171571994,"[4.0, 4.0]",2.5,2.0,3.0,Square plane,"2a, 2c",1,4.0,Pd,1.0,False,9.0,4.0,1.9930299378894458,1.9934374819672567,1.993233709928351,0.00020377203890520335,0.0004075440778108508,55.00796680713407,24.62226766269112,31.86378350956092,98.4449237334261,4.0,1.0,4,Square plane
mp-560563,K3(PdO2)2,2.020199683059989,-0.0394720171571994,"[4.0, 4.0]",2.5,2.0,3.0,Square plane,"2a, 2c",1,4.0,Pd,1.0,False,6.0,4.0,2.009148765010261,2.0099575010361685,2.0096334643369556,0.000328351433781626,0.000808736025907475,42.56564921045955,8.084368136071294,34.34554304976722,53.55930412847594,4.0,1.0,1,Square plane
mp-560563,K3(PdO2)2,2.020199683059989,-0.0394720171571994,"[4.0, 4.0]",2.5,2.0,3.0,Square plane,"2a, 2c",1,4.0,Pd,1.0,False,7.0,4.0,1.9938008567832652,1.994073866088621,1.9939373614359432,0.0001365046526775049,0.00027300930535578694,41.153897001699235,16.040073150322613,18.258892110960026,68.50485252754825,4.0,1.0,2,Square plane
mp-560563,K3(PdO2)2,2.020199683059989,-0.0394720171571994,"[4.0, 4.0]",2.5,2.0,3.0,Square plane,"2a, 2c",1,4.0,Pd,1.0,False,8.0,4.0,2.0091487650102606,2.009957501036167,2.0096334643369547,0.0003283514337814865,0.0008087360259065868,42.56564921045953,8.084368136071296,34.3455430497672,53.559304128475915,4.0,1.0,3,Square plane
mp-560563,K3(PdO2)2,2.020199683059989,-0.0394720171571994,"[4.0, 4.0]",2.5,2.0,3.0,Square plane,"2a, 2c",1,4.0,Pd,1.0,False,9.0,4.0,1.9930299378894458,1.9934374819672567,1.993233709928351,0.00020377203890520335,0.0004075440778108508,55.00796680713407,24.62226766269112,31.86378350956092,98.4449237334261,4.0,1.0,4,Square plane
mp-560569,KPrPdO3,2.1929896402753335,-0.1941040453752607,[4.0],2.0,2.0,2.0,Square plane,2i,1,4.0,Pd,0.0,True,4.0,4.0,2.0146687690106657,2.1026437197219296,2.0490948686992536,0.03698643195897362,0.08797495071126393,58.522585909925425,32.30422102372504,0.0,89.37641179190273,4.0,1.0,1,Square plane
mp-560569,KPrPdO3,2.1929896402753335,-0.1941040453752607,[4.0],2.0,2.0,2.0,Square plane,2i,1,4.0,Pd,0.0,True,5.0,4.0,2.0146687690106653,2.102643719721929,2.0490948686992536,0.036986431958973595,0.08797495071126393,58.52258590992543,32.30422102372505,0.0,89.37641179190275,4.0,1.0,2,Square plane
mp-680547,Ba14Ir8(PdO11)3,2.0370904050128464,0.297376667663391,[6.0],2.0,2.0,2.0,no_data,no_data,1,6.0,Pd,0.0,True,66.0,6.0,2.38161830005028,2.3940289668781425,2.387823634942597,0.006205327803777239,0.012410666827862293,64.19472570980082,23.26914213801134,26.820496564543085,120.51762410961233,6.0,1.0,1,no_data
mp-680547,Ba14Ir8(PdO11)3,2.0370904050128464,0.297376667663391,[6.0],2.0,2.0,2.0,no_data,no_data,1,6.0,Pd,0.0,True,67.0,6.0,2.381618300050281,2.394028966878142,2.3878236349425968,0.006205327803777313,0.012410666827860961,64.1947257098008,23.26914213801134,26.82049656454307,120.51762410961233,6.0,1.0,2,no_data
mp-680547,Ba14Ir8(PdO11)3,2.0370904050128464,0.297376667663391,[6.0],2.0,2.0,2.0,no_data,no_data,1,6.0,Pd,0.0,True,68.0,6.0,2.3474508304806685,2.3749655985376767,2.3612082158821175,0.01375737864824365,0.027514768057008254,103.98640613538281,32.40046589402959,69.01334855915573,144.52479881647983,6.0,1.0,3,no_data
mp-680547,Ba14Ir8(PdO11)3,2.0370904050128464,0.297376667663391,[6.0],2.0,2.0,2.0,no_data,no_data,1,6.0,Pd,0.0,True,69.0,6.0,2.35822525155738,2.3803399071032856,2.3692842830421226,0.011055619959386276,0.022114655545905748,103.94174484822273,31.946750211575498,69.37360977024447,144.125359525099,6.0,1.0,4,no_data
mp-680547,Ba14Ir8(PdO11)3,2.0370904050128464,0.297376667663391,[6.0],2.0,2.0,2.0,no_data,no_data,1,6.0,Pd,0.0,True,70.0,6.0,2.317603325701524,2.347303147622477,2.332454903648861,0.014848239807071851,0.029699821920952996,103.89608415483552,31.608277441853623,70.05856346786865,142.16683083269623,6.0,1.0,5,no_data
mp-680547,Ba14Ir8(PdO11)3,2.0370904050128464,0.297376667663391,[6.0],2.0,2.0,2.0,no_data,no_data,1,6.0,Pd,0.0,True,71.0,6.0,2.374345355279206,2.3743453663161276,2.374345362303241,4.983549453905065e-09,1.1036921598872595e-08,50.80262654710493,22.83031452820801,14.91829946709297,84.105475383964,6.0,1.0,6,no_data
mp-680547,Ba14Ir8(PdO11)3,2.0370904050128464,0.297376667663391,[6.0],2.0,2.0,2.0,no_data,no_data,1,6.0,Pd,0.0,True,72.0,6.0,2.3474508304806636,2.3749655985376776,2.3612082158821166,0.013757378648245574,0.027514768057014027,103.98640613538281,32.40046589402957,69.01334855915584,144.52479881647983,6.0,1.0,7,no_data
mp-680547,Ba14Ir8(PdO11)3,2.0370904050128464,0.297376667663391,[6.0],2.0,2.0,2.0,no_data,no_data,1,6.0,Pd,0.0,True,73.0,6.0,2.31760332570152,2.3473031476224793,2.3324549036488604,0.014848239807074221,0.029699821920959213,103.89608415483553,31.60827744185361,70.05856346786867,142.16683083269626,6.0,1.0,8,no_data
mp-680547,Ba14Ir8(PdO11)3,2.0370904050128464,0.297376667663391,[6.0],2.0,2.0,2.0,no_data,no_data,1,6.0,Pd,0.0,True,74.0,6.0,2.358225251557377,2.3803399071032825,2.36928428304212,0.011055619959386349,0.022114655545905304,103.94174484822275,31.94675021157546,69.37360977024457,144.12535952509893,6.0,1.0,9,no_data
mp-683427,Ba2Ca(PdO2)3,2.02803425955456,0.0669735200297338,[4.0],2.0,2.0,2.0,Square plane,1a,1,4.0,Pd,0.0,True,6.0,4.0,2.033199045706272,2.091760937750975,2.0529946454526264,0.022805036097489028,0.05856189204470308,53.29397716977872,19.21087913175836,20.256653313928638,82.41935090536285,4.0,1.0,1,Square plane
mp-683427,Ba2Ca(PdO2)3,2.02803425955456,0.0669735200297338,[4.0],2.0,2.0,2.0,Square plane,1a,1,4.0,Pd,0.0,True,7.0,4.0,2.026955526512294,2.133231942040922,2.0650129964496915,0.04116155463752773,0.10627641552862821,53.46471436053756,19.153127181323313,20.406529254628975,82.31770750905446,4.0,1.0,2,Square plane
mp-683427,Ba2Ca(PdO2)3,2.02803425955456,0.0669735200297338,[4.0],2.0,2.0,2.0,Square plane,1a,1,4.0,Pd,0.0,True,8.0,4.0,2.0533860406042637,2.104322713607997,2.0757646947296218,0.018361601906504637,0.05093667300373328,53.361275724822654,19.17751835657139,20.32247343477765,82.32181257181895,4.0,1.0,3,Square plane
mp-683427,Ba2Ca(PdO2)3,2.02803425955456,0.0669735200297338,[4.0],2.0,2.0,2.0,Square plane,1a,1,4.0,Pd,0.0,True,9.0,4.0,2.0444751608732363,2.126479677021751,2.099151969052703,0.03235468327803078,0.08200451614851456,52.60257308698164,19.37940239550665,20.482750013225097,83.09944712557797,4.0,1.0,4,Square plane
mp-683427,Ba2Ca(PdO2)3,2.02803425955456,0.0669735200297338,[4.0],2.0,2.0,2.0,Square plane,1a,1,4.0,Pd,0.0,True,10.0,4.0,2.0491907515311407,2.084576246311588,2.06472889686089,0.01534596349656962,0.0353854947804475,116.91844759692556,38.899852273585836,82.90889028291576,171.5941192020553,4.0,1.0,5,Square plane
mp-683427,Ba2Ca(PdO2)3,2.02803425955456,0.0669735200297338,[4.0],2.0,2.0,2.0,Square plane,1a,1,4.0,Pd,0.0,True,11.0,4.0,2.0109354338084695,2.1535547788769978,2.0896017937225118,0.05105312942853285,0.14261934506852825,117.76907301504049,40.123730877184215,81.09181884914477,173.64935768183975,4.0,1.0,6,Square plane
mp-684657,Pd7O8,1.94728381604729,0.2346671812976007,"[4.0, 8.0, 4.0, 8.0]",2.5,2.0,3.0,"Cube, Square plane","2m, 2j, 2n, 4o, 2k",2,4.0,Pd,1.0,False,1.0,4.0,2.0322034193561445,2.066289436615197,2.049246427985671,0.017043008629526124,0.03408601725905269,47.661436148479886,21.69753515600002,23.032374494295293,83.41057328867848,4.0,1.0,1,"Cube, Square plane"
mp-684657,Pd7O8,1.94728381604729,0.2346671812976007,"[4.0, 8.0, 4.0, 8.0]",2.5,2.0,3.0,"Cube, Square plane","2m, 2j, 2n, 4o, 2k",2,4.0,Pd,1.0,False,2.0,4.0,2.0360499608017233,2.071418749254711,2.053734355028217,0.017684394226493594,0.035368788452987854,48.63940764386526,22.148095161734872,22.94958421613202,85.21099652178374,4.0,1.0,2,"Cube, Square plane"
mp-684657,Pd7O8,1.94728381604729,0.2346671812976007,"[4.0, 8.0, 4.0, 8.0]",2.5,2.0,3.0,"Cube, Square plane","2m, 2j, 2n, 4o, 2k",2,4.0,Pd,1.0,False,3.0,4.0,2.0116630343319164,2.07731427614641,2.044488655239162,0.03282562090724561,0.06565124181449367,47.49812119294324,41.37124109772164,4.8101396983721365,92.32671242257959,4.0,1.0,3,"Cube, Square plane"
mp-684657,Pd7O8,1.94728381604729,0.2346671812976007,"[4.0, 8.0, 4.0, 8.0]",2.5,2.0,3.0,"Cube, Square plane","2m, 2j, 2n, 4o, 2k",2,4.0,Pd,1.0,False,4.0,4.0,1.9994978347986152,2.1037673481054795,2.0561796747035137,0.04675277842848817,0.10426951330686429,82.99556379955605,47.623947669241524,0.7665434132946973,165.73546735766044,4.0,1.0,4,"Cube, Square plane"
mp-684657,Pd7O8,1.94728381604729,0.2346671812976007,"[4.0, 8.0, 4.0, 8.0]",2.5,2.0,3.0,"Cube, Square plane","2m, 2j, 2n, 4o, 2k",2,4.0,Pd,1.0,False,5.0,4.0,2.0092841099206895,2.078971909935281,2.0456999724041687,0.03241255900149115,0.06968780001459152,118.31193698122513,40.32608154077055,84.28549112073426,177.9210763507394,4.0,1.0,5,"Cube, Square plane"
mp-684657,Pd7O8,1.94728381604729,0.2346671812976007,"[4.0, 8.0, 4.0, 8.0]",2.5,2.0,3.0,"Cube, Square plane","2m, 2j, 2n, 4o, 2k",2,4.0,Pd,1.0,False,6.0,4.0,2.0132193158159195,2.0854728750347684,2.049346095425343,0.03612677960942268,0.0722535592188489,49.0244301756319,38.85049380435779,2.4858294966543766,97.19774755801025,4.0,1.0,6,"Cube, Square plane"
mp-684657,Pd7O8,1.94728381604729,0.2346671812976007,"[4.0, 8.0, 4.0, 8.0]",2.5,2.0,3.0,"Cube, Square plane","2m, 2j, 2n, 4o, 2k",2,4.0,Pd,1.0,False,7.0,4.0,2.0092841099206895,2.078971909935276,2.0456999724041687,0.032412559001491786,0.06968780001458663,118.31193698122514,40.32608154077056,84.2854911207343,177.9210763507394,4.0,1.0,7,"Cube, Square plane"
mp-684657,Pd7O8,1.94728381604729,0.2346671812976007,"[4.0, 8.0, 4.0, 8.0]",2.5,2.0,3.0,"Cube, Square plane","2m, 2j, 2n, 4o, 2k",2,4.0,Pd,1.0,False,8.0,4.0,1.999497834798615,2.1037673481054884,2.056179674703514,0.046752778428488254,0.1042695133068734,82.99556379955602,47.623947669241524,0.7665434132946973,165.73546735766044,4.0,1.0,8,"Cube, Square plane"
mp-684657,Pd7O8,1.94728381604729,0.2346671812976007,"[4.0, 8.0, 4.0, 8.0]",2.5,2.0,3.0,"Cube, Square plane","2m, 2j, 2n, 4o, 2k",2,4.0,Pd,1.0,False,13.0,4.0,2.0371296366210845,2.0737913900193017,2.055460513320193,0.018330876699108378,0.0366617533982172,55.27349817206459,26.601198103837575,6.671423313325402,98.15753123581797,4.0,1.0,9,"Cube, Square plane"
mp-684657,Pd7O8,1.94728381604729,0.2346671812976007,"[4.0, 8.0, 4.0, 8.0]",2.5,2.0,3.0,"Cube, Square plane","2m, 2j, 2n, 4o, 2k",2,4.0,Pd,1.0,False,14.0,4.0,2.0371296366210827,2.073791390019305,2.055460513320194,0.018330876699110935,0.036661753398222086,55.27349817206461,26.601198103837593,6.671423313325402,98.15753123581803,4.0,1.0,10,"Cube, Square plane"
mp-684657,Pd7O8,1.94728381604729,0.2346671812976007,"[4.0, 8.0, 4.0, 8.0]",2.5,2.0,3.0,"Cube, Square plane","2m, 2j, 2n, 4o, 2k",2,4.0,Pd,1.0,False,15.0,4.0,2.0260214766868034,2.044033364705467,2.035027420696135,0.00900594400933119,0.01801188801866349,117.55529663766957,39.53293099251639,83.85190250062871,172.804379863743,4.0,1.0,11,"Cube, Square plane"
mp-684657,Pd7O8,1.94728381604729,0.2346671812976007,"[4.0, 8.0, 4.0, 8.0]",2.5,2.0,3.0,"Cube, Square plane","2m, 2j, 2n, 4o, 2k",2,4.0,Pd,1.0,False,16.0,4.0,2.030276047715827,2.11514208212305,2.072709064919439,0.04243301720361148,0.08486603440722318,117.23078155468846,39.18182200910331,76.02047213288283,171.7966090860393,4.0,1.0,12,"Cube, Square plane"
mp-684657,Pd7O8,1.94728381604729,0.2346671812976007,"[4.0, 8.0, 4.0, 8.0]",2.5,2.0,3.0,"Cube, Square plane","2m, 2j, 2n, 4o, 2k",2,4.0,Pd,1.0,False,17.0,4.0,2.006821435041769,2.0680959336725646,2.037458684357167,0.030637249315397797,0.061274498630795815,63.261301579035056,21.083288988924547,22.483252782330723,88.8753591528798,4.0,1.0,13,"Cube, Square plane"
mp-684657,Pd7O8,1.94728381604729,0.2346671812976007,"[4.0, 8.0, 4.0, 8.0]",2.5,2.0,3.0,"Cube, Square plane","2m, 2j, 2n, 4o, 2k",2,4.0,Pd,1.0,False,18.0,4.0,2.0124486693733434,2.0770278018636015,2.044738235618473,0.032289566245128576,0.06457913249025804,63.58101770362827,21.736062677130747,22.60018881269965,91.94008888742846,4.0,1.0,14,"Cube, Square plane"
mp-684657,Pd7O8,1.94728381604729,0.2346671812976007,"[4.0, 8.0, 4.0, 8.0]",2.5,2.0,3.0,"Cube, Square plane","2m, 2j, 2n, 4o, 2k",2,4.0,Pd,1.0,False,19.0,4.0,2.0081166993610973,2.0759427829781822,2.0420297411696398,0.03391304180854193,0.06782608361708498,117.48575599671476,39.43568625024906,79.50389015468356,172.73266811681157,4.0,1.0,15,"Cube, Square plane"
mp-684657,Pd7O8,1.94728381604729,0.2346671812976007,"[4.0, 8.0, 4.0, 8.0]",2.5,2.0,3.0,"Cube, Square plane","2m, 2j, 2n, 4o, 2k",2,4.0,Pd,1.0,False,20.0,4.0,2.012448669373346,2.077027801863599,2.0447382356184725,0.032289566245126244,0.06457913249025271,63.58101770362825,21.73606267713075,22.60018881269965,91.94008888742847,4.0,1.0,16,"Cube, Square plane"
mp-684657,Pd7O8,1.94728381604729,0.2346671812976007,"[4.0, 8.0, 4.0, 8.0]",2.5,2.0,3.0,"Cube, Square plane","2m, 2j, 2n, 4o, 2k",2,4.0,Pd,1.0,False,21.0,4.0,2.008116699361094,2.075942782978185,2.0420297411696398,0.033913041808545374,0.06782608361709075,117.48575599671476,39.43568625024907,79.50389015468357,172.73266811681148,4.0,1.0,17,"Cube, Square plane"
mp-684657,Pd7O8,1.94728381604729,0.2346671812976007,"[4.0, 8.0, 4.0, 8.0]",2.5,2.0,3.0,"Cube, Square plane","2m, 2j, 2n, 4o, 2k",2,4.0,Pd,1.0,False,22.0,4.0,2.0302760477158297,2.115142082123044,2.0727090649194366,0.042433017203606704,0.0848660344072143,117.2307815546885,39.181822009103335,76.02047213288297,171.79660908603947,4.0,1.0,18,"Cube, Square plane"
mp-684657,Pd7O8,1.94728381604729,0.2346671812976007,"[4.0, 8.0, 4.0, 8.0]",2.5,2.0,3.0,"Cube, Square plane","2m, 2j, 2n, 4o, 2k",2,4.0,Pd,1.0,False,23.0,4.0,2.006821435041765,2.0680959336725686,2.0374586843571665,0.03063724931540146,0.06127449863080381,63.26130157903506,21.083288988924558,22.483252782330723,88.87535915287987,4.0,1.0,19,"Cube, Square plane"
mp-684657,Pd7O8,1.94728381604729,0.2346671812976007,"[4.0, 8.0, 4.0, 8.0]",2.5,2.0,3.0,"Cube, Square plane","2m, 2j, 2n, 4o, 2k",2,4.0,Pd,1.0,False,24.0,4.0,2.026021476686799,2.0440333647054683,2.0350274206961343,0.009005944009334077,0.018011888018669264,117.55529663766954,39.53293099251634,83.85190250062873,172.8043798637429,4.0,1.0,20,"Cube, Square plane"
mp-684657,Pd7O8,1.94728381604729,0.2346671812976007,"[4.0, 8.0, 4.0, 8.0]",2.5,2.0,3.0,"Cube, Square plane","2m, 2j, 2n, 4o, 2k",2,4.0,Pd,1.0,False,25.0,4.0,2.0116630343319164,2.07731427614641,2.044488655239162,0.0328256209072455,0.06565124181449367,47.49812119294319,41.37124109772167,4.810139698371985,92.32671242257959,4.0,1.0,21,"Cube, Square plane"
mp-684657,Pd7O8,1.94728381604729,0.2346671812976007,"[4.0, 8.0, 4.0, 8.0]",2.5,2.0,3.0,"Cube, Square plane","2m, 2j, 2n, 4o, 2k",2,4.0,Pd,1.0,False,26.0,4.0,2.0092841099206895,2.078971909935281,2.0456999724041687,0.03241255900149115,0.06968780001459152,118.31193698122514,40.326081540770566,84.28549112073426,177.9210763507394,4.0,1.0,22,"Cube, Square plane"
mp-684657,Pd7O8,1.94728381604729,0.2346671812976007,"[4.0, 8.0, 4.0, 8.0]",2.5,2.0,3.0,"Cube, Square plane","2m, 2j, 2n, 4o, 2k",2,4.0,Pd,1.0,False,27.0,4.0,1.9994978347986152,2.1037673481054795,2.0561796747035137,0.04675277842848817,0.10426951330686429,82.99556379955605,47.623947669241524,0.7665434132946973,165.73546735766044,4.0,1.0,23,"Cube, Square plane"
mp-684657,Pd7O8,1.94728381604729,0.2346671812976007,"[4.0, 8.0, 4.0, 8.0]",2.5,2.0,3.0,"Cube, Square plane","2m, 2j, 2n, 4o, 2k",2,4.0,Pd,1.0,False,28.0,4.0,2.0132193158159195,2.0854728750347684,2.049346095425343,0.03612677960942279,0.0722535592188489,49.0244301756319,38.85049380435779,2.4858294966543766,97.19774755801025,4.0,1.0,24,"Cube, Square plane"
mp-684657,Pd7O8,1.94728381604729,0.2346671812976007,"[4.0, 8.0, 4.0, 8.0]",2.5,2.0,3.0,"Cube, Square plane","2m, 2j, 2n, 4o, 2k",2,4.0,Pd,1.0,False,29.0,4.0,2.0092841099206895,2.078971909935276,2.0456999724041687,0.032412559001491786,0.06968780001458663,118.31193698122514,40.32608154077056,84.2854911207343,177.9210763507394,4.0,1.0,25,"Cube, Square plane"
mp-684657,Pd7O8,1.94728381604729,0.2346671812976007,"[4.0, 8.0, 4.0, 8.0]",2.5,2.0,3.0,"Cube, Square plane","2m, 2j, 2n, 4o, 2k",2,4.0,Pd,1.0,False,30.0,4.0,1.999497834798615,2.1037673481054884,2.056179674703514,0.046752778428488254,0.1042695133068734,82.99556379955602,47.623947669241524,0.7665434132946973,165.73546735766044,4.0,1.0,26,"Cube, Square plane"
mp-684657,Pd7O8,1.94728381604729,0.2346671812976007,"[4.0, 8.0, 4.0, 8.0]",2.5,2.0,3.0,"Cube, Square plane","2m, 2j, 2n, 4o, 2k",2,4.0,Pd,1.0,False,31.0,4.0,2.00603345826436,2.0713106293305734,2.038672043797467,0.03263858553310639,0.06527717106621322,43.621821544436024,16.407104643863445,22.565597404089875,68.65209111410836,4.0,1.0,27,"Cube, Square plane"
mp-684657,Pd7O8,1.94728381604729,0.2346671812976007,"[4.0, 8.0, 4.0, 8.0]",2.5,2.0,3.0,"Cube, Square plane","2m, 2j, 2n, 4o, 2k",2,4.0,Pd,1.0,False,32.0,4.0,2.0246100485201315,2.115955773822834,2.070282911171483,0.045672862651350954,0.09134572530270235,54.559144826810076,24.723653173869785,26.336529823559193,96.2709926583419,4.0,1.0,28,"Cube, Square plane"
mp-684657,Pd7O8,1.94728381604729,0.2346671812976007,"[4.0, 8.0, 4.0, 8.0]",2.5,2.0,3.0,"Cube, Square plane","2m, 2j, 2n, 4o, 2k",2,4.0,Pd,1.0,False,34.0,4.0,2.036049960801724,2.071418749254708,2.053734355028216,0.017684394226491595,0.03536878845298386,48.63940764386524,22.148095161734858,22.94958421613199,85.2109965217837,4.0,1.0,29,"Cube, Square plane"
mp-684657,Pd7O8,1.94728381604729,0.2346671812976007,"[4.0, 8.0, 4.0, 8.0]",2.5,2.0,3.0,"Cube, Square plane","2m, 2j, 2n, 4o, 2k",2,4.0,Pd,1.0,False,35.0,4.0,2.0334937540746796,2.065524764888036,2.0495092594813578,0.016015505406677955,0.03203101081335635,47.630743213659564,21.678362619448606,23.01307614725224,83.34135345604737,4.0,1.0,30,"Cube, Square plane"
mp-684657,Pd7O8,1.94728381604729,0.2346671812976007,"[4.0, 8.0, 4.0, 8.0]",2.5,2.0,3.0,"Cube, Square plane","2m, 2j, 2n, 4o, 2k",2,4.0,Pd,1.0,False,36.0,4.0,2.0060334582643584,2.071310629330577,2.038672043797468,0.032638585533109055,0.06527717106621855,43.62182154443601,16.407104643863445,22.565597404089857,68.65209111410836,4.0,1.0,31,"Cube, Square plane"
mp-684657,Pd7O8,1.94728381604729,0.2346671812976007,"[4.0, 8.0, 4.0, 8.0]",2.5,2.0,3.0,"Cube, Square plane","2m, 2j, 2n, 4o, 2k",2,4.0,Pd,1.0,False,37.0,4.0,2.0227174467201454,2.0445905897335197,2.033654018226833,0.010936571506686477,0.021873143013374285,47.12038067798352,21.491738572199672,21.905631220121,82.55638577185563,4.0,1.0,32,"Cube, Square plane"
mp-684657,Pd7O8,1.94728381604729,0.2346671812976007,"[4.0, 8.0, 4.0, 8.0]",2.5,2.0,3.0,"Cube, Square plane","2m, 2j, 2n, 4o, 2k",2,4.0,Pd,1.0,False,38.0,4.0,2.0227174467201436,2.0445905897335224,2.0336540182268332,0.010936571506689141,0.021873143013378726,47.12038067798355,21.491738572199697,21.905631220121,82.55638577185569,4.0,1.0,33,"Cube, Square plane"
mp-684657,Pd7O8,1.94728381604729,0.2346671812976007,"[4.0, 8.0, 4.0, 8.0]",2.5,2.0,3.0,"Cube, Square plane","2m, 2j, 2n, 4o, 2k",2,4.0,Pd,1.0,False,39.0,4.0,2.0322034193561405,2.0662894366152007,2.0492464279856706,0.01704300862953001,0.03408601725906024,47.66143614847985,21.69753515599999,23.032374494295325,83.41057328867842,4.0,1.0,34,"Cube, Square plane"
mp-684657,Pd7O8,1.94728381604729,0.2346671812976007,"[4.0, 8.0, 4.0, 8.0]",2.5,2.0,3.0,"Cube, Square plane","2m, 2j, 2n, 4o, 2k",2,4.0,Pd,1.0,False,40.0,4.0,2.033493754074676,2.0655247648880377,2.0495092594813573,0.016015505406680286,0.03203101081336168,47.63074321365954,21.678362619448585,23.013076147252274,83.34135345604734,4.0,1.0,35,"Cube, Square plane"
mp-684657,Pd7O8,1.94728381604729,0.2346671812976007,"[4.0, 8.0, 4.0, 8.0]",2.5,2.0,3.0,"Cube, Square plane","2m, 2j, 2n, 4o, 2k",2,4.0,Pd,1.0,False,41.0,4.0,2.0246100485201284,2.1159557738228383,2.0702829111714833,0.04567286265135462,0.0913457253027099,54.55914482681009,24.72365317386981,26.33652982355915,96.27099265834194,4.0,1.0,36,"Cube, Square plane"
mp-684657,Pd7O8,1.94728381604729,0.2346671812976007,"[4.0, 8.0, 4.0, 8.0]",2.5,2.0,3.0,"Cube, Square plane","2m, 2j, 2n, 4o, 2k",2,8.0,Pd,1.0,False,0.0,8.0,2.114306332869639,2.7167904714720197,2.392086866187162,0.2735903009134695,0.6024841386023807,59.37592548327389,24.408699653964927,6.886592449892113,103.36373987799729,8.0,1.0,1,"Cube, Square plane"
mp-684657,Pd7O8,1.94728381604729,0.2346671812976007,"[4.0, 8.0, 4.0, 8.0]",2.5,2.0,3.0,"Cube, Square plane","2m, 2j, 2n, 4o, 2k",2,8.0,Pd,1.0,False,9.0,8.0,2.1269362083471983,2.6447942033716845,2.3695272436331174,0.23654988413849612,0.5178579950244862,102.7402501422239,36.09788775467511,66.33328443636267,179.19007234889114,8.0,1.0,2,"Cube, Square plane"
mp-684657,Pd7O8,1.94728381604729,0.2346671812976007,"[4.0, 8.0, 4.0, 8.0]",2.5,2.0,3.0,"Cube, Square plane","2m, 2j, 2n, 4o, 2k",2,8.0,Pd,1.0,False,10.0,8.0,2.119842051283045,2.592604733220494,2.35376181489589,0.2339372453197323,0.47276268193744864,102.83586929633842,36.33767518265229,65.63190707244274,179.96124933720063,8.0,1.0,3,"Cube, Square plane"
mp-684657,Pd7O8,1.94728381604729,0.2346671812976007,"[4.0, 8.0, 4.0, 8.0]",2.5,2.0,3.0,"Cube, Square plane","2m, 2j, 2n, 4o, 2k",2,8.0,Pd,1.0,False,11.0,8.0,2.1198420512830434,2.5926047332205,2.35376181489589,0.23393724531973298,0.47276268193745663,102.83586929633752,36.33767518265044,65.6319070724427,179.96124933720063,8.0,1.0,4,"Cube, Square plane"
mp-684657,Pd7O8,1.94728381604729,0.2346671812976007,"[4.0, 8.0, 4.0, 8.0]",2.5,2.0,3.0,"Cube, Square plane","2m, 2j, 2n, 4o, 2k",2,8.0,Pd,1.0,False,12.0,8.0,2.1269362083471997,2.644794203371681,2.3695272436331183,0.2365498841384958,0.5178579950244813,102.7402501422239,36.09788775467508,66.33328443636263,179.19007234889204,8.0,1.0,5,"Cube, Square plane"
mp-684657,Pd7O8,1.94728381604729,0.2346671812976007,"[4.0, 8.0, 4.0, 8.0]",2.5,2.0,3.0,"Cube, Square plane","2m, 2j, 2n, 4o, 2k",2,8.0,Pd,1.0,False,33.0,8.0,2.1143063328696394,2.7167904714720135,2.392086866187162,0.2735903009134689,0.602484138602374,59.37592548327389,24.408699653964906,6.886592449892219,103.36373987799729,8.0,1.0,6,"Cube, Square plane"
mp-684657,Pd7O8,1.94728381604729,0.2346671812976007,"[4.0, 8.0, 4.0, 8.0]",2.5,2.0,3.0,"Cube, Square plane","2m, 2j, 2n, 4o, 2k",2,4.0,Pd,1.0,False,1.0,4.0,2.0322034193561445,2.066289436615197,2.049246427985671,0.017043008629526124,0.03408601725905269,47.661436148479886,21.69753515600002,23.032374494295293,83.41057328867848,4.0,1.0,1,"Cube, Square plane"
mp-684657,Pd7O8,1.94728381604729,0.2346671812976007,"[4.0, 8.0, 4.0, 8.0]",2.5,2.0,3.0,"Cube, Square plane","2m, 2j, 2n, 4o, 2k",2,4.0,Pd,1.0,False,2.0,4.0,2.0360499608017233,2.071418749254711,2.053734355028217,0.017684394226493594,0.035368788452987854,48.63940764386526,22.148095161734872,22.94958421613202,85.21099652178374,4.0,1.0,2,"Cube, Square plane"
mp-684657,Pd7O8,1.94728381604729,0.2346671812976007,"[4.0, 8.0, 4.0, 8.0]",2.5,2.0,3.0,"Cube, Square plane","2m, 2j, 2n, 4o, 2k",2,4.0,Pd,1.0,False,3.0,4.0,2.0116630343319164,2.07731427614641,2.044488655239162,0.03282562090724561,0.06565124181449367,47.49812119294324,41.37124109772164,4.8101396983721365,92.32671242257959,4.0,1.0,3,"Cube, Square plane"
mp-684657,Pd7O8,1.94728381604729,0.2346671812976007,"[4.0, 8.0, 4.0, 8.0]",2.5,2.0,3.0,"Cube, Square plane","2m, 2j, 2n, 4o, 2k",2,4.0,Pd,1.0,False,4.0,4.0,1.9994978347986152,2.1037673481054795,2.0561796747035137,0.04675277842848817,0.10426951330686429,82.99556379955605,47.623947669241524,0.7665434132946973,165.73546735766044,4.0,1.0,4,"Cube, Square plane"
mp-684657,Pd7O8,1.94728381604729,0.2346671812976007,"[4.0, 8.0, 4.0, 8.0]",2.5,2.0,3.0,"Cube, Square plane","2m, 2j, 2n, 4o, 2k",2,4.0,Pd,1.0,False,5.0,4.0,2.0092841099206895,2.078971909935281,2.0456999724041687,0.03241255900149115,0.06968780001459152,118.31193698122513,40.32608154077055,84.28549112073426,177.9210763507394,4.0,1.0,5,"Cube, Square plane"
mp-684657,Pd7O8,1.94728381604729,0.2346671812976007,"[4.0, 8.0, 4.0, 8.0]",2.5,2.0,3.0,"Cube, Square plane","2m, 2j, 2n, 4o, 2k",2,4.0,Pd,1.0,False,6.0,4.0,2.0132193158159195,2.0854728750347684,2.049346095425343,0.03612677960942268,0.0722535592188489,49.0244301756319,38.85049380435779,2.4858294966543766,97.19774755801025,4.0,1.0,6,"Cube, Square plane"
mp-684657,Pd7O8,1.94728381604729,0.2346671812976007,"[4.0, 8.0, 4.0, 8.0]",2.5,2.0,3.0,"Cube, Square plane","2m, 2j, 2n, 4o, 2k",2,4.0,Pd,1.0,False,7.0,4.0,2.0092841099206895,2.078971909935276,2.0456999724041687,0.032412559001491786,0.06968780001458663,118.31193698122514,40.32608154077056,84.2854911207343,177.9210763507394,4.0,1.0,7,"Cube, Square plane"
mp-684657,Pd7O8,1.94728381604729,0.2346671812976007,"[4.0, 8.0, 4.0, 8.0]",2.5,2.0,3.0,"Cube, Square plane","2m, 2j, 2n, 4o, 2k",2,4.0,Pd,1.0,False,8.0,4.0,1.999497834798615,2.1037673481054884,2.056179674703514,0.046752778428488254,0.1042695133068734,82.99556379955602,47.623947669241524,0.7665434132946973,165.73546735766044,4.0,1.0,8,"Cube, Square plane"
mp-684657,Pd7O8,1.94728381604729,0.2346671812976007,"[4.0, 8.0, 4.0, 8.0]",2.5,2.0,3.0,"Cube, Square plane","2m, 2j, 2n, 4o, 2k",2,4.0,Pd,1.0,False,13.0,4.0,2.0371296366210845,2.0737913900193017,2.055460513320193,0.018330876699108378,0.0366617533982172,55.27349817206459,26.601198103837575,6.671423313325402,98.15753123581797,4.0,1.0,9,"Cube, Square plane"
mp-684657,Pd7O8,1.94728381604729,0.2346671812976007,"[4.0, 8.0, 4.0, 8.0]",2.5,2.0,3.0,"Cube, Square plane","2m, 2j, 2n, 4o, 2k",2,4.0,Pd,1.0,False,14.0,4.0,2.0371296366210827,2.073791390019305,2.055460513320194,0.018330876699110935,0.036661753398222086,55.27349817206461,26.601198103837593,6.671423313325402,98.15753123581803,4.0,1.0,10,"Cube, Square plane"
mp-684657,Pd7O8,1.94728381604729,0.2346671812976007,"[4.0, 8.0, 4.0, 8.0]",2.5,2.0,3.0,"Cube, Square plane","2m, 2j, 2n, 4o, 2k",2,4.0,Pd,1.0,False,15.0,4.0,2.0260214766868034,2.044033364705467,2.035027420696135,0.00900594400933119,0.01801188801866349,117.55529663766957,39.53293099251639,83.85190250062871,172.804379863743,4.0,1.0,11,"Cube, Square plane"
mp-684657,Pd7O8,1.94728381604729,0.2346671812976007,"[4.0, 8.0, 4.0, 8.0]",2.5,2.0,3.0,"Cube, Square plane","2m, 2j, 2n, 4o, 2k",2,4.0,Pd,1.0,False,16.0,4.0,2.030276047715827,2.11514208212305,2.072709064919439,0.04243301720361148,0.08486603440722318,117.23078155468846,39.18182200910331,76.02047213288283,171.7966090860393,4.0,1.0,12,"Cube, Square plane"
mp-684657,Pd7O8,1.94728381604729,0.2346671812976007,"[4.0, 8.0, 4.0, 8.0]",2.5,2.0,3.0,"Cube, Square plane","2m, 2j, 2n, 4o, 2k",2,4.0,Pd,1.0,False,17.0,4.0,2.006821435041769,2.0680959336725646,2.037458684357167,0.030637249315397797,0.061274498630795815,63.261301579035056,21.083288988924547,22.483252782330723,88.8753591528798,4.0,1.0,13,"Cube, Square plane"
mp-684657,Pd7O8,1.94728381604729,0.2346671812976007,"[4.0, 8.0, 4.0, 8.0]",2.5,2.0,3.0,"Cube, Square plane","2m, 2j, 2n, 4o, 2k",2,4.0,Pd,1.0,False,18.0,4.0,2.0124486693733434,2.0770278018636015,2.044738235618473,0.032289566245128576,0.06457913249025804,63.58101770362827,21.736062677130747,22.60018881269965,91.94008888742846,4.0,1.0,14,"Cube, Square plane"
mp-684657,Pd7O8,1.94728381604729,0.2346671812976007,"[4.0, 8.0, 4.0, 8.0]",2.5,2.0,3.0,"Cube, Square plane","2m, 2j, 2n, 4o, 2k",2,4.0,Pd,1.0,False,19.0,4.0,2.0081166993610973,2.0759427829781822,2.0420297411696398,0.03391304180854193,0.06782608361708498,117.48575599671476,39.43568625024906,79.50389015468356,172.73266811681157,4.0,1.0,15,"Cube, Square plane"
mp-684657,Pd7O8,1.94728381604729,0.2346671812976007,"[4.0, 8.0, 4.0, 8.0]",2.5,2.0,3.0,"Cube, Square plane","2m, 2j, 2n, 4o, 2k",2,4.0,Pd,1.0,False,20.0,4.0,2.012448669373346,2.077027801863599,2.0447382356184725,0.032289566245126244,0.06457913249025271,63.58101770362825,21.73606267713075,22.60018881269965,91.94008888742847,4.0,1.0,16,"Cube, Square plane"
mp-684657,Pd7O8,1.94728381604729,0.2346671812976007,"[4.0, 8.0, 4.0, 8.0]",2.5,2.0,3.0,"Cube, Square plane","2m, 2j, 2n, 4o, 2k",2,4.0,Pd,1.0,False,21.0,4.0,2.008116699361094,2.075942782978185,2.0420297411696398,0.033913041808545374,0.06782608361709075,117.48575599671476,39.43568625024907,79.50389015468357,172.73266811681148,4.0,1.0,17,"Cube, Square plane"
mp-684657,Pd7O8,1.94728381604729,0.2346671812976007,"[4.0, 8.0, 4.0, 8.0]",2.5,2.0,3.0,"Cube, Square plane","2m, 2j, 2n, 4o, 2k",2,4.0,Pd,1.0,False,22.0,4.0,2.0302760477158297,2.115142082123044,2.0727090649194366,0.042433017203606704,0.0848660344072143,117.2307815546885,39.181822009103335,76.02047213288297,171.79660908603947,4.0,1.0,18,"Cube, Square plane"
mp-684657,Pd7O8,1.94728381604729,0.2346671812976007,"[4.0, 8.0, 4.0, 8.0]",2.5,2.0,3.0,"Cube, Square plane","2m, 2j, 2n, 4o, 2k",2,4.0,Pd,1.0,False,23.0,4.0,2.006821435041765,2.0680959336725686,2.0374586843571665,0.03063724931540146,0.06127449863080381,63.26130157903506,21.083288988924558,22.483252782330723,88.87535915287987,4.0,1.0,19,"Cube, Square plane"
mp-684657,Pd7O8,1.94728381604729,0.2346671812976007,"[4.0, 8.0, 4.0, 8.0]",2.5,2.0,3.0,"Cube, Square plane","2m, 2j, 2n, 4o, 2k",2,4.0,Pd,1.0,False,24.0,4.0,2.026021476686799,2.0440333647054683,2.0350274206961343,0.009005944009334077,0.018011888018669264,117.55529663766954,39.53293099251634,83.85190250062873,172.8043798637429,4.0,1.0,20,"Cube, Square plane"
mp-684657,Pd7O8,1.94728381604729,0.2346671812976007,"[4.0, 8.0, 4.0, 8.0]",2.5,2.0,3.0,"Cube, Square plane","2m, 2j, 2n, 4o, 2k",2,4.0,Pd,1.0,False,25.0,4.0,2.0116630343319164,2.07731427614641,2.044488655239162,0.0328256209072455,0.06565124181449367,47.49812119294319,41.37124109772167,4.810139698371985,92.32671242257959,4.0,1.0,21,"Cube, Square plane"
mp-684657,Pd7O8,1.94728381604729,0.2346671812976007,"[4.0, 8.0, 4.0, 8.0]",2.5,2.0,3.0,"Cube, Square plane","2m, 2j, 2n, 4o, 2k",2,4.0,Pd,1.0,False,26.0,4.0,2.0092841099206895,2.078971909935281,2.0456999724041687,0.03241255900149115,0.06968780001459152,118.31193698122514,40.326081540770566,84.28549112073426,177.9210763507394,4.0,1.0,22,"Cube, Square plane"
mp-684657,Pd7O8,1.94728381604729,0.2346671812976007,"[4.0, 8.0, 4.0, 8.0]",2.5,2.0,3.0,"Cube, Square plane","2m, 2j, 2n, 4o, 2k",2,4.0,Pd,1.0,False,27.0,4.0,1.9994978347986152,2.1037673481054795,2.0561796747035137,0.04675277842848817,0.10426951330686429,82.99556379955605,47.623947669241524,0.7665434132946973,165.73546735766044,4.0,1.0,23,"Cube, Square plane"
mp-684657,Pd7O8,1.94728381604729,0.2346671812976007,"[4.0, 8.0, 4.0, 8.0]",2.5,2.0,3.0,"Cube, Square plane","2m, 2j, 2n, 4o, 2k",2,4.0,Pd,1.0,False,28.0,4.0,2.0132193158159195,2.0854728750347684,2.049346095425343,0.03612677960942279,0.0722535592188489,49.0244301756319,38.85049380435779,2.4858294966543766,97.19774755801025,4.0,1.0,24,"Cube, Square plane"
mp-684657,Pd7O8,1.94728381604729,0.2346671812976007,"[4.0, 8.0, 4.0, 8.0]",2.5,2.0,3.0,"Cube, Square plane","2m, 2j, 2n, 4o, 2k",2,4.0,Pd,1.0,False,29.0,4.0,2.0092841099206895,2.078971909935276,2.0456999724041687,0.032412559001491786,0.06968780001458663,118.31193698122514,40.32608154077056,84.2854911207343,177.9210763507394,4.0,1.0,25,"Cube, Square plane"
mp-684657,Pd7O8,1.94728381604729,0.2346671812976007,"[4.0, 8.0, 4.0, 8.0]",2.5,2.0,3.0,"Cube, Square plane","2m, 2j, 2n, 4o, 2k",2,4.0,Pd,1.0,False,30.0,4.0,1.999497834798615,2.1037673481054884,2.056179674703514,0.046752778428488254,0.1042695133068734,82.99556379955602,47.623947669241524,0.7665434132946973,165.73546735766044,4.0,1.0,26,"Cube, Square plane"
mp-684657,Pd7O8,1.94728381604729,0.2346671812976007,"[4.0, 8.0, 4.0, 8.0]",2.5,2.0,3.0,"Cube, Square plane","2m, 2j, 2n, 4o, 2k",2,4.0,Pd,1.0,False,31.0,4.0,2.00603345826436,2.0713106293305734,2.038672043797467,0.03263858553310639,0.06527717106621322,43.621821544436024,16.407104643863445,22.565597404089875,68.65209111410836,4.0,1.0,27,"Cube, Square plane"
mp-684657,Pd7O8,1.94728381604729,0.2346671812976007,"[4.0, 8.0, 4.0, 8.0]",2.5,2.0,3.0,"Cube, Square plane","2m, 2j, 2n, 4o, 2k",2,4.0,Pd,1.0,False,32.0,4.0,2.0246100485201315,2.115955773822834,2.070282911171483,0.045672862651350954,0.09134572530270235,54.559144826810076,24.723653173869785,26.336529823559193,96.2709926583419,4.0,1.0,28,"Cube, Square plane"
mp-684657,Pd7O8,1.94728381604729,0.2346671812976007,"[4.0, 8.0, 4.0, 8.0]",2.5,2.0,3.0,"Cube, Square plane","2m, 2j, 2n, 4o, 2k",2,4.0,Pd,1.0,False,34.0,4.0,2.036049960801724,2.071418749254708,2.053734355028216,0.017684394226491595,0.03536878845298386,48.63940764386524,22.148095161734858,22.94958421613199,85.2109965217837,4.0,1.0,29,"Cube, Square plane"
mp-684657,Pd7O8,1.94728381604729,0.2346671812976007,"[4.0, 8.0, 4.0, 8.0]",2.5,2.0,3.0,"Cube, Square plane","2m, 2j, 2n, 4o, 2k",2,4.0,Pd,1.0,False,35.0,4.0,2.0334937540746796,2.065524764888036,2.0495092594813578,0.016015505406677955,0.03203101081335635,47.630743213659564,21.678362619448606,23.01307614725224,83.34135345604737,4.0,1.0,30,"Cube, Square plane"
mp-684657,Pd7O8,1.94728381604729,0.2346671812976007,"[4.0, 8.0, 4.0, 8.0]",2.5,2.0,3.0,"Cube, Square plane","2m, 2j, 2n, 4o, 2k",2,4.0,Pd,1.0,False,36.0,4.0,2.0060334582643584,2.071310629330577,2.038672043797468,0.032638585533109055,0.06527717106621855,43.62182154443601,16.407104643863445,22.565597404089857,68.65209111410836,4.0,1.0,31,"Cube, Square plane"
mp-684657,Pd7O8,1.94728381604729,0.2346671812976007,"[4.0, 8.0, 4.0, 8.0]",2.5,2.0,3.0,"Cube, Square plane","2m, 2j, 2n, 4o, 2k",2,4.0,Pd,1.0,False,37.0,4.0,2.0227174467201454,2.0445905897335197,2.033654018226833,0.010936571506686477,0.021873143013374285,47.12038067798352,21.491738572199672,21.905631220121,82.55638577185563,4.0,1.0,32,"Cube, Square plane"
mp-684657,Pd7O8,1.94728381604729,0.2346671812976007,"[4.0, 8.0, 4.0, 8.0]",2.5,2.0,3.0,"Cube, Square plane","2m, 2j, 2n, 4o, 2k",2,4.0,Pd,1.0,False,38.0,4.0,2.0227174467201436,2.0445905897335224,2.0336540182268332,0.010936571506689141,0.021873143013378726,47.12038067798355,21.491738572199697,21.905631220121,82.55638577185569,4.0,1.0,33,"Cube, Square plane"
mp-684657,Pd7O8,1.94728381604729,0.2346671812976007,"[4.0, 8.0, 4.0, 8.0]",2.5,2.0,3.0,"Cube, Square plane","2m, 2j, 2n, 4o, 2k",2,4.0,Pd,1.0,False,39.0,4.0,2.0322034193561405,2.0662894366152007,2.0492464279856706,0.01704300862953001,0.03408601725906024,47.66143614847985,21.69753515599999,23.032374494295325,83.41057328867842,4.0,1.0,34,"Cube, Square plane"
mp-684657,Pd7O8,1.94728381604729,0.2346671812976007,"[4.0, 8.0, 4.0, 8.0]",2.5,2.0,3.0,"Cube, Square plane","2m, 2j, 2n, 4o, 2k",2,4.0,Pd,1.0,False,40.0,4.0,2.033493754074676,2.0655247648880377,2.0495092594813573,0.016015505406680286,0.03203101081336168,47.63074321365954,21.678362619448585,23.013076147252274,83.34135345604734,4.0,1.0,35,"Cube, Square plane"
mp-684657,Pd7O8,1.94728381604729,0.2346671812976007,"[4.0, 8.0, 4.0, 8.0]",2.5,2.0,3.0,"Cube, Square plane","2m, 2j, 2n, 4o, 2k",2,4.0,Pd,1.0,False,41.0,4.0,2.0246100485201284,2.1159557738228383,2.0702829111714833,0.04567286265135462,0.0913457253027099,54.55914482681009,24.72365317386981,26.33652982355915,96.27099265834194,4.0,1.0,36,"Cube, Square plane"
mp-684657,Pd7O8,1.94728381604729,0.2346671812976007,"[4.0, 8.0, 4.0, 8.0]",2.5,2.0,3.0,"Cube, Square plane","2m, 2j, 2n, 4o, 2k",2,8.0,Pd,1.0,False,0.0,8.0,2.114306332869639,2.7167904714720197,2.392086866187162,0.2735903009134695,0.6024841386023807,59.37592548327389,24.408699653964927,6.886592449892113,103.36373987799729,8.0,1.0,1,"Cube, Square plane"
mp-684657,Pd7O8,1.94728381604729,0.2346671812976007,"[4.0, 8.0, 4.0, 8.0]",2.5,2.0,3.0,"Cube, Square plane","2m, 2j, 2n, 4o, 2k",2,8.0,Pd,1.0,False,9.0,8.0,2.1269362083471983,2.6447942033716845,2.3695272436331174,0.23654988413849612,0.5178579950244862,102.7402501422239,36.09788775467511,66.33328443636267,179.19007234889114,8.0,1.0,2,"Cube, Square plane"
mp-684657,Pd7O8,1.94728381604729,0.2346671812976007,"[4.0, 8.0, 4.0, 8.0]",2.5,2.0,3.0,"Cube, Square plane","2m, 2j, 2n, 4o, 2k",2,8.0,Pd,1.0,False,10.0,8.0,2.119842051283045,2.592604733220494,2.35376181489589,0.2339372453197323,0.47276268193744864,102.83586929633842,36.33767518265229,65.63190707244274,179.96124933720063,8.0,1.0,3,"Cube, Square plane"
mp-684657,Pd7O8,1.94728381604729,0.2346671812976007,"[4.0, 8.0, 4.0, 8.0]",2.5,2.0,3.0,"Cube, Square plane","2m, 2j, 2n, 4o, 2k",2,8.0,Pd,1.0,False,11.0,8.0,2.1198420512830434,2.5926047332205,2.35376181489589,0.23393724531973298,0.47276268193745663,102.83586929633752,36.33767518265044,65.6319070724427,179.96124933720063,8.0,1.0,4,"Cube, Square plane"
mp-684657,Pd7O8,1.94728381604729,0.2346671812976007,"[4.0, 8.0, 4.0, 8.0]",2.5,2.0,3.0,"Cube, Square plane","2m, 2j, 2n, 4o, 2k",2,8.0,Pd,1.0,False,12.0,8.0,2.1269362083471997,2.644794203371681,2.3695272436331183,0.2365498841384958,0.5178579950244813,102.7402501422239,36.09788775467508,66.33328443636263,179.19007234889204,8.0,1.0,5,"Cube, Square plane"
mp-684657,Pd7O8,1.94728381604729,0.2346671812976007,"[4.0, 8.0, 4.0, 8.0]",2.5,2.0,3.0,"Cube, Square plane","2m, 2j, 2n, 4o, 2k",2,8.0,Pd,1.0,False,33.0,8.0,2.1143063328696394,2.7167904714720135,2.392086866187162,0.2735903009134689,0.602484138602374,59.37592548327389,24.408699653964906,6.886592449892219,103.36373987799729,8.0,1.0,6,"Cube, Square plane"
mp-738639,Ba14Ir8(PdO11)3,1.6211346082444265,0.6750596870825468,"[4.0, 6.0]",2.0,2.0,2.0,no_data,no_data,1,4.0,Pd,0.0,True,,,,,,,,,,,,,,0,no_data
mp-738639,Ba14Ir8(PdO11)3,1.6211346082444265,0.6750596870825468,"[4.0, 6.0]",2.0,2.0,2.0,no_data,no_data,1,6.0,Pd,0.0,True,66.0,6.0,2.159928242573428,2.4771583827528065,2.3677452522617704,0.14701753279759905,0.3172301401793787,51.633912512475746,25.110698374208983,15.117312377948613,81.30833662343746,6.0,1.0,1,no_data
mp-738639,Ba14Ir8(PdO11)3,1.6211346082444265,0.6750596870825468,"[4.0, 6.0]",2.0,2.0,2.0,no_data,no_data,1,6.0,Pd,0.0,True,69.0,6.0,2.0646879305648436,3.1362819650999265,2.4331903916581274,0.49598595413641267,1.071594034535083,101.25682125890225,37.066895313973006,61.467351876670804,179.19194971570568,6.0,1.0,2,no_data
mp-738639,Ba14Ir8(PdO11)3,1.6211346082444265,0.6750596870825468,"[4.0, 6.0]",2.0,2.0,2.0,no_data,no_data,1,6.0,Pd,0.0,True,70.0,6.0,2.0646878948437797,3.1362818268378954,2.433190378515974,0.49598588511407493,1.0715939319941157,101.2568219819753,37.06689439127918,61.46735121824893,179.1919474380078,6.0,1.0,3,no_data
mp-738639,Ba14Ir8(PdO11)3,1.6211346082444265,0.6750596870825468,"[4.0, 6.0]",2.0,2.0,2.0,no_data,no_data,1,6.0,Pd,0.0,True,71.0,6.0,2.081618433058011,3.180412520220436,2.4491059633470034,0.50869258446071,1.098794087162425,68.51125581768643,29.85440771570375,19.845740050806786,128.5815905943561,6.0,1.0,4,no_data
mp-738639,Ba14Ir8(PdO11)3,1.6211346082444265,0.6750596870825468,"[4.0, 6.0]",2.0,2.0,2.0,no_data,no_data,1,6.0,Pd,0.0,True,72.0,6.0,2.081618453393559,3.1804124745741933,2.4491059703692155,0.5086925456468705,1.0987940211806344,35.142680176834425,15.320221281110278,8.560976983389724,59.31720321336714,6.0,1.0,5,no_data
mp-738639,Ba14Ir8(PdO11)3,1.6211346082444265,0.6750596870825468,"[4.0, 6.0]",2.0,2.0,2.0,no_data,no_data,1,6.0,Pd,0.0,True,73.0,6.0,2.147443981385499,2.5127743139727214,2.370469655481,0.1574642237456312,0.36533033258722236,103.62615930533701,31.847064833060553,67.47352512921594,146.4841805673514,6.0,1.0,6,no_data
mp-738639,Ba14Ir8(PdO11)3,1.6211346082444265,0.6750596870825468,"[4.0, 6.0]",2.0,2.0,2.0,no_data,no_data,1,6.0,Pd,0.0,True,74.0,6.0,2.1474440465039075,2.5127743853845366,2.3704696807994345,0.15746421816569048,0.36533033888062905,103.62615922711426,31.84706440116525,67.47352504938951,146.48418151388617,6.0,1.0,7,no_data
mp-760103,Sr15Pd5O24,2.1890455670405453,-0.0470587309974195,"[6.0, 6.0, 6.0]",2.0,2.0,2.0,"Trigonal prism, Octahedron","1b, 2c",2,6.0,Pd,0.0,True,15.0,6.0,2.052773465596106,2.079867373214658,2.0660224395345668,0.011080107200401722,0.027093907618552127,58.529528007197904,31.916233691807612,13.15235545124977,95.81688225801827,6.0,1.0,1,"Trigonal prism, Octahedron"
mp-760103,Sr15Pd5O24,2.1890455670405453,-0.0470587309974195,"[6.0, 6.0, 6.0]",2.0,2.0,2.0,"Trigonal prism, Octahedron","1b, 2c",2,6.0,Pd,0.0,True,16.0,6.0,2.0527734655961067,2.0798673732146584,2.066022439534567,0.011080107200401377,0.027093907618551683,58.529528007197904,31.91623369180759,13.15235545124977,95.81688225801825,6.0,1.0,2,"Trigonal prism, Octahedron"
mp-760103,Sr15Pd5O24,2.1890455670405453,-0.0470587309974195,"[6.0, 6.0, 6.0]",2.0,2.0,2.0,"Trigonal prism, Octahedron","1b, 2c",2,6.0,Pd,0.0,True,17.0,6.0,2.0771366774303046,2.0947930230208285,2.0852033429984123,0.005758754769414401,0.01765634559052387,57.90859018325804,31.225880488550068,11.849873796076258,96.13139287037812,6.0,1.0,3,"Trigonal prism, Octahedron"
mp-760103,Sr15Pd5O24,2.1890455670405453,-0.0470587309974195,"[6.0, 6.0, 6.0]",2.0,2.0,2.0,"Trigonal prism, Octahedron","1b, 2c",2,6.0,Pd,0.0,True,18.0,6.0,2.3452601589401727,2.390272136828397,2.375239539430645,0.02119865218935927,0.04501197788822431,87.58139793293576,33.48288006284726,28.085610361832874,150.63249868546,6.0,1.0,4,"Trigonal prism, Octahedron"
mp-760103,Sr15Pd5O24,2.1890455670405453,-0.0470587309974195,"[6.0, 6.0, 6.0]",2.0,2.0,2.0,"Trigonal prism, Octahedron","1b, 2c",2,6.0,Pd,0.0,True,19.0,6.0,2.077136677430305,2.0947930230208285,2.0852033429984123,0.005758754769414222,0.017656345590523426,57.908590183258056,31.225880488550068,11.849873796076258,96.13139287037816,6.0,1.0,5,"Trigonal prism, Octahedron"
mp-760103,Sr15Pd5O24,2.1890455670405453,-0.0470587309974195,"[6.0, 6.0, 6.0]",2.0,2.0,2.0,"Trigonal prism, Octahedron","1b, 2c",2,6.0,Pd,0.0,True,15.0,6.0,2.052773465596106,2.079867373214658,2.0660224395345668,0.011080107200401722,0.027093907618552127,58.529528007197904,31.916233691807612,13.15235545124977,95.81688225801827,6.0,1.0,1,"Trigonal prism, Octahedron"
mp-760103,Sr15Pd5O24,2.1890455670405453,-0.0470587309974195,"[6.0, 6.0, 6.0]",2.0,2.0,2.0,"Trigonal prism, Octahedron","1b, 2c",2,6.0,Pd,0.0,True,16.0,6.0,2.0527734655961067,2.0798673732146584,2.066022439534567,0.011080107200401377,0.027093907618551683,58.529528007197904,31.91623369180759,13.15235545124977,95.81688225801825,6.0,1.0,2,"Trigonal prism, Octahedron"
mp-760103,Sr15Pd5O24,2.1890455670405453,-0.0470587309974195,"[6.0, 6.0, 6.0]",2.0,2.0,2.0,"Trigonal prism, Octahedron","1b, 2c",2,6.0,Pd,0.0,True,17.0,6.0,2.0771366774303046,2.0947930230208285,2.0852033429984123,0.005758754769414401,0.01765634559052387,57.90859018325804,31.225880488550068,11.849873796076258,96.13139287037812,6.0,1.0,3,"Trigonal prism, Octahedron"
mp-760103,Sr15Pd5O24,2.1890455670405453,-0.0470587309974195,"[6.0, 6.0, 6.0]",2.0,2.0,2.0,"Trigonal prism, Octahedron","1b, 2c",2,6.0,Pd,0.0,True,18.0,6.0,2.3452601589401727,2.390272136828397,2.375239539430645,0.02119865218935927,0.04501197788822431,87.58139793293576,33.48288006284726,28.085610361832874,150.63249868546,6.0,1.0,4,"Trigonal prism, Octahedron"
mp-760103,Sr15Pd5O24,2.1890455670405453,-0.0470587309974195,"[6.0, 6.0, 6.0]",2.0,2.0,2.0,"Trigonal prism, Octahedron","1b, 2c",2,6.0,Pd,0.0,True,19.0,6.0,2.077136677430305,2.0947930230208285,2.0852033429984123,0.005758754769414222,0.017656345590523426,57.908590183258056,31.225880488550068,11.849873796076258,96.13139287037816,6.0,1.0,5,"Trigonal prism, Octahedron"
mp-760103,Sr15Pd5O24,2.1890455670405453,-0.0470587309974195,"[6.0, 6.0, 6.0]",2.0,2.0,2.0,"Trigonal prism, Octahedron","1b, 2c",2,6.0,Pd,0.0,True,15.0,6.0,2.052773465596106,2.079867373214658,2.0660224395345668,0.011080107200401722,0.027093907618552127,58.529528007197904,31.916233691807612,13.15235545124977,95.81688225801827,6.0,1.0,1,"Trigonal prism, Octahedron"
mp-760103,Sr15Pd5O24,2.1890455670405453,-0.0470587309974195,"[6.0, 6.0, 6.0]",2.0,2.0,2.0,"Trigonal prism, Octahedron","1b, 2c",2,6.0,Pd,0.0,True,16.0,6.0,2.0527734655961067,2.0798673732146584,2.066022439534567,0.011080107200401377,0.027093907618551683,58.529528007197904,31.91623369180759,13.15235545124977,95.81688225801825,6.0,1.0,2,"Trigonal prism, Octahedron"
mp-760103,Sr15Pd5O24,2.1890455670405453,-0.0470587309974195,"[6.0, 6.0, 6.0]",2.0,2.0,2.0,"Trigonal prism, Octahedron","1b, 2c",2,6.0,Pd,0.0,True,17.0,6.0,2.0771366774303046,2.0947930230208285,2.0852033429984123,0.005758754769414401,0.01765634559052387,57.90859018325804,31.225880488550068,11.849873796076258,96.13139287037812,6.0,1.0,3,"Trigonal prism, Octahedron"
mp-760103,Sr15Pd5O24,2.1890455670405453,-0.0470587309974195,"[6.0, 6.0, 6.0]",2.0,2.0,2.0,"Trigonal prism, Octahedron","1b, 2c",2,6.0,Pd,0.0,True,18.0,6.0,2.3452601589401727,2.390272136828397,2.375239539430645,0.02119865218935927,0.04501197788822431,87.58139793293576,33.48288006284726,28.085610361832874,150.63249868546,6.0,1.0,4,"Trigonal prism, Octahedron"
mp-760103,Sr15Pd5O24,2.1890455670405453,-0.0470587309974195,"[6.0, 6.0, 6.0]",2.0,2.0,2.0,"Trigonal prism, Octahedron","1b, 2c",2,6.0,Pd,0.0,True,19.0,6.0,2.077136677430305,2.0947930230208285,2.0852033429984123,0.005758754769414222,0.017656345590523426,57.908590183258056,31.225880488550068,11.849873796076258,96.13139287037816,6.0,1.0,5,"Trigonal prism, Octahedron"
mp-8989,Na2P2PdO7,1.714189362723912,0.4888936595260146,[4.0],2.0,2.0,2.0,Square plane,2a,1,4.0,Pd,0.0,True,8.0,4.0,2.034751152385936,2.0720917485638317,2.0534214504748847,0.018670298088946935,0.03734059617789587,24.546140898855185,9.524180110545817,10.709490594002002,36.54158829645408,4.0,1.0,1,Square plane
mp-8989,Na2P2PdO7,1.714189362723912,0.4888936595260146,[4.0],2.0,2.0,2.0,Square plane,2a,1,4.0,Pd,0.0,True,9.0,4.0,2.0347511523859367,2.0720917485638317,2.0534214504748842,0.018670298088946713,0.03734059617789498,26.939025487032705,7.5279732617898585,15.55218388312605,37.14939081890009,4.0,1.0,2,Square plane
