material_id,chem_formula,n_rows,CN_values,R0_mean,B_mean,chemenv_examples,mean_charge_mean,min_charge_min,max_charge_max
mp-676333,Ga11NO15,4,"[3, 4, 5, 6]",1.7919383059303406,0.3268387167791262,"Tetrahedron, Octahedron",3.0,3.0,3.0
mp-1178206,Ga3NO3,3,"[2, 3, 4]",1.8327963824578866,0.1797669237517732,Tetrahedron,3.0,3.0,3.0
mp-1224718,La6TaGa11O28,3,"[4, 5, 6]",1.7741846729399644,0.3511085984308158,"Tetrahedron, Octahedron, Trigonal bipyramid",3.0,3.0,3.0
mp-1224948,Ga4B2O9,3,"[4, 5, 6]",1.7816585439590125,0.2798827853414759,"Tetrahedron, Octahedron, Trigonal bipyramid",3.0,3.0,3.0
mp-1224969,La6NbGa11O28,3,"[4, 5, 6]",1.7495941076367707,0.4322580932335474,"Tetrahedron, Octahedron, Trigonal bipyramid",3.0,3.0,3.0
mp-1225032,Ga4B2O9,3,"[4, 5, 6]",1.6912649768164225,0.5131575446865726,"Tetrahedron, Octahedron, Trigonal bipyramid",3.0,3.0,3.0
mp-754781,Ga3NO3,3,"[3, 4, 6]",1.7993642705175936,0.3312089110833951,"Tetrahedron, Octahedron",3.0,3.0,3.0
mp-778064,Ga3NO3,3,"[2, 3, 4]",1.8266862432032334,0.20080185208902432,Tetrahedron,3.0,3.0,3.0
mp-850536,BaGa12O19,3,"[4, 5, 6]",1.805117842746003,0.3555418915871622,"Tetrahedron, Octahedron, Trigonal bipyramid",3.0,3.0,3.0
mp-863423,SrGa12O19,3,"[4, 5, 6]",1.7962372378389257,0.3561849422369278,"Tetrahedron, Octahedron, Trigonal bipyramid",3.0,3.0,3.0
mp-1195913,Ga4Bi2O9,2,"[4, 6]",1.7946605303175756,0.291420586205921,"Tetrahedron, Octahedron",3.0,3.0,3.0
mp-1196063,Ga2Se2O7,2,"[4, 6]",1.7425427064832295,0.3643941850771669,"Tetrahedron, Octahedron",3.0,3.0,3.0
mp-1208125,Tm3Ga5O12,2,"[4, 6]",1.7531393095495609,0.3710271072324512,"Tetrahedron, Octahedron",3.0,3.0,3.0
mp-1210032,Pr3Ga5O12,2,"[4, 6]",1.7734882322471328,0.3791836608372065,"Tetrahedron, Octahedron",3.0,3.0,3.0
mp-1217722,TbGd2Ga5O12,2,"[4, 6]",1.765970602919094,0.3725413808385814,"Tetrahedron, Octahedron",3.0,3.0,3.0
mp-1217806,Tb2GdGa5O12,2,"[4, 6]",1.7606509451057062,0.37954303374858,"Tetrahedron, Octahedron",3.0,3.0,3.0
mp-1218603,Sr3Ti(GaO2)10,2,"[4, 6]",1.7646562714103138,0.348279404124751,"Tetrahedron, Octahedron",3.0,3.0,3.0
mp-1218679,SrCr9Ga3O19,2,"[4, 5]",1.6401786955712123,0.8657701171275278,"Tetrahedron, Trigonal bipyramid",3.0,3.0,3.0
mp-1218783,Sr3Ga3B4HO14,2,"[4, 5]",1.768591271134225,0.3498065293459346,"Tetrahedron, Square pyramid",3.0,3.0,3.0
mp-1218805,Sr2LaGa11O20,2,"[4, 6]",1.7644287505704142,0.353161511896507,"Tetrahedron, Octahedron",3.0,3.0,3.0
mp-1220307,Nd3Ga5SiO14,2,"[4, 6]",1.7789600771550824,0.3250490463089302,"Tetrahedron, Octahedron",3.0,3.0,3.0
mp-1223148,La3Ga5SiO14,2,"[4, 6]",1.7815432987429158,0.3196951245213671,"Tetrahedron, Octahedron",3.0,3.0,3.0
mp-1223199,La6NbGa11O28,2,"[4, 6]",1.783704909618805,0.3146774952308707,"Tetrahedron, Octahedron",3.0,3.0,3.0
mp-1223200,La6TaGa11O28,2,"[4, 6]",1.7852977386049464,0.3146671636120053,"Tetrahedron, Octahedron",3.0,3.0,3.0
mp-12236,Er3Ga5O12,2,"[4, 6]",1.7427988351072483,0.3573072136866742,"Tetrahedron, Octahedron",3.0,3.0,3.0
mp-1227181,CaLaGa3S6O,2,"[0, 1]",1.787294107051418,0.4221188195815342,Tetrahedron,3.0,3.0,3.0
mp-1228210,Ca4Ga3FeO10,2,"[4, 6]",1.757763416583704,0.3935223606255332,"Tetrahedron, Octahedron",3.0,3.0,3.0
mp-1228569,Ba6La2Ga4O15,2,"[4, 6]",1.7005647426560335,0.5831741191877915,"Tetrahedron, Octahedron",3.0,3.0,3.0
mp-1228575,Ba2Ga11BiO20,2,"[4, 6]",1.7974415278421272,0.2728532237454723,"Tetrahedron, Octahedron",3.0,3.0,3.0
mp-1229333,Ba20Ga5Ru7O44,2,"[4, 6]",1.7487018308813551,0.3976944975466758,"Tetrahedron, Octahedron",3.0,3.0,3.0
mp-14134,Lu3Ga5O12,2,"[4, 6]",1.7512390356696117,0.3754181700229348,"Tetrahedron, Octahedron",3.0,3.0,3.0
mp-15239,Nd3Ga5O12,2,"[4, 6]",1.7726110418971597,0.3763960377360281,"Tetrahedron, Octahedron",3.0,3.0,3.0
mp-15575,Ho3Ga5O12,2,"[4, 6]",1.7578006333031049,0.3745427084117791,"Tetrahedron, Octahedron",3.0,3.0,3.0
mp-15576,Dy3Ga5O12,2,"[4, 6]",1.7464605650402354,0.357106872893745,"Tetrahedron, Octahedron",3.0,3.0,3.0
mp-16433,Ca2Ga2O5,2,"[4, 6]",1.7882037479328283,0.3808596010419677,"Tetrahedron, Octahedron",3.0,3.0,3.0
mp-23519,Ga4Bi2O9,2,"[4, 6]",1.7997102920922934,0.2837423783734574,"Tetrahedron, Octahedron",3.0,3.0,3.0
mp-28146,LiGa5O8,2,"[4, 6]",1.7836733140502985,0.3082513807545538,"Tetrahedron, Octahedron",3.0,3.0,3.0
mp-2921,Gd3Ga5O12,2,"[4, 6]",1.7643158679143895,0.378900198248497,"Tetrahedron, Octahedron",3.0,3.0,3.0
mp-29455,Ga4GeO8,2,"[4, 6]",1.7451114726634855,0.3513847533837586,"Tetrahedron, Octahedron",3.0,3.0,3.0
mp-30187,Ga2Te4O11,2,"[4, 5]",1.86340939286096,0.0790205480815735,Trigonal bipyramid,3.0,3.0,3.0
mp-35236,Ga2NiO4,2,"[4, 6]",1.7947906132436866,0.2840363097903642,"Tetrahedron, Octahedron",3.0,3.0,3.0
mp-35712,Mg(GaO2)2,2,"[4, 6]",1.81617914999074,0.3025959638871528,"Tetrahedron, Octahedron",3.0,3.0,3.0
mp-38951,Mg(GaO2)2,2,"[4, 6]",1.793198400445594,0.2925239933164201,"Tetrahedron, Octahedron",3.0,3.0,3.0
mp-40373,In14Ga3Pt2O8F15,2,"[0, 4]",1.8546432461553988,0.0466686586107103,"Tetrahedron, Octahedron",3.0,3.0,3.0
mp-504827,Ga10GePb3O20,2,"[4, 6]",1.7488054239054671,0.3446695673987063,"Tetrahedron, Octahedron",3.0,3.0,3.0
mp-530121,Mg(GaO2)2,2,"[4, 6]",1.8183796767778613,0.3001127077013007,"Tetrahedron, Octahedron",3.0,3.0,3.0
mp-530303,Mg(GaO2)2,2,"[4, 6]",1.817162058505588,0.3027667595200424,"Tetrahedron, Octahedron",3.0,3.0,3.0
mp-531175,Cd(GaO2)2,2,"[4, 6]",1.8174793470636708,0.3477315231429332,"Tetrahedron, Octahedron",3.0,3.0,3.0
mp-531238,Cd(GaO2)2,2,"[4, 6]",1.811807621384164,0.3472964791687035,"Tetrahedron, Octahedron",3.0,3.0,3.0
mp-531523,LiGa5O8,2,"[4, 6]",1.7884331894987788,0.2823744602913492,"Tetrahedron, Octahedron",3.0,3.0,3.0
mp-532446,Ga2NiO4,2,"[4, 6]",1.8115489110557488,0.2998354871002592,"Tetrahedron, Octahedron",3.0,3.0,3.0
mp-5444,Y3Ga5O12,2,"[4, 6]",1.7467412418539332,0.357517326696656,"Tetrahedron, Octahedron",3.0,3.0,3.0
mp-553991,Ti(GaO2)4,2,"[4, 6]",1.7522074967349996,0.3336225152444538,"Tetrahedron, Octahedron",3.0,3.0,3.0
mp-554441,NaTi2Ga5O12,2,"[4, 6]",1.817894013281484,0.2487112114025968,"Tetrahedron, Octahedron",3.0,3.0,3.0
mp-560761,RbGa3(P3O10)2,2,"[4, 6]",1.7544135326373862,0.3197545822547744,"Tetrahedron, Octahedron",3.0,3.0,3.0
mp-572921,Cs2Ga3As5O18,2,"[5, 6]",1.9102793818783688,0.0902865627402415,"Square pyramid, Octahedron",3.0,3.0,3.0
mp-5800,Sm3Ga5O12,2,"[4, 6]",1.7551490887986103,0.3568629831095231,"Tetrahedron, Octahedron",3.0,3.0,3.0
mp-5965,Tb3Ga5O12,2,"[4, 6]",1.7484112966276129,0.3573276017213991,"Tetrahedron, Octahedron",3.0,3.0,3.0
mp-649086,GaFeO3,2,"[4, 6]",1.7647548744730877,0.3887177267087293,"Tetrahedron, Octahedron",3.0,3.0,3.0
mp-686296,CaGd2Zr(GaO3)4,2,"[4, 6]",1.7579225206782982,0.4048077826716483,"Tetrahedron, Octahedron",3.0,3.0,3.0
mp-690544,Ga2FeO4,2,"[4, 6]",1.7909401087712045,0.3132469077278644,"Tetrahedron, Octahedron",3.0,3.0,3.0
mp-753846,Mg(GaO2)2,2,"[4, 6]",1.8455986129707065,0.2689884008990851,"Tetrahedron, Octahedron",3.0,3.0,3.0
mp-757877,V2GaO5,2,"[4, 6]",1.7745590202378156,0.3194528068280037,"Tetrahedron, Octahedron",3.0,3.0,3.0
mp-758262,Ga13Fe11O32,2,"[4, 6]",1.79103713700962,0.3461322695220419,"Tetrahedron, Octahedron",3.0,3.0,3.0
mp-762052,Na2Ga11O17,2,"[4, 6]",1.837296187499248,0.254255963183334,"Tetrahedron, Octahedron",2.6666666666666665,2.0,3.0
mp-767269,Ga7(Fe3O8)3,2,"[4, 6]",1.7426608463062083,0.423048563143047,"Tetrahedron, Octahedron",3.0,3.0,3.0
mp-772187,AlGaO3,2,"[4, 6]",1.7701320303929189,0.3450377598739487,"Tetrahedron, Octahedron",3.0,3.0,3.0
mp-778485,Ba2Ga6O11,2,"[4, 6]",1.758863015852698,0.3832180106313737,"Tetrahedron, Octahedron",3.0,3.0,3.0
mp-780561,La3Ga5O12,2,"[4, 6]",1.780009083767328,0.384107150425275,"Tetrahedron, Octahedron",3.0,3.0,3.0
mp-868005,GaFeO3,2,"[4, 6]",1.7585724342283895,0.3843286223314145,"Tetrahedron, Octahedron",3.0,3.0,3.0
mp-886,Ga2O3,2,"[4, 6]",1.7478872620284205,0.3567202281358808,"Tetrahedron, Octahedron",3.0,3.0,3.0
mp-1020596,NaGa(GeO3)2,1,[6],1.673396723295155,0.5480457387676398,Octahedron,3.0,3.0,3.0
mp-1020613,Rb5GaO4,1,[4],1.945188272835097,-0.1565864331450746,Tetrahedron,3.0,3.0,3.0
mp-1020709,Sr5(Ga3O7)2,1,[4],1.7762290576726971,0.3505258058305404,Tetrahedron,3.0,3.0,3.0
mp-1020723,Sr2Ga2O5,1,[4],1.6677464588313011,0.7438473053163044,Tetrahedron,3.0,3.0,3.0
mp-1031142,LiMg6GaO8,1,[6],1.3364076272938088,1.0319481768863366,Octahedron,3.0,3.0,3.0
mp-1034314,NaMg14GaO16,1,[6],1.2030043113397262,1.235749934485343,Octahedron,3.0,3.0,3.0
mp-1034608,NaMg14GaO16,1,[6],1.1135649577138749,1.3538664335392907,Octahedron,3.0,3.0,3.0
mp-1035108,LiMg14GaO16,1,[6],1.348257788775071,1.011926916959265,Octahedron,3.0,3.0,3.0
mp-1035113,LiMg14GaO16,1,[6],1.3569296883738238,1.0045238296082293,Octahedron,3.0,3.0,3.0
mp-1039695,NaMg30GaO32,1,[6],0.8352371176009749,1.7560734575109418,Octahedron,3.0,3.0,3.0
mp-1039783,NaMg30GaO32,1,[6],0.8543562982742229,1.7197111497506548,Octahedron,3.0,3.0,3.0
mp-1040051,LiMg30GaO32,1,[6],1.2990682853769713,1.080015557704902,Octahedron,3.0,3.0,3.0
mp-1097025,GaFe2BO5,1,[6],1.75072311233337,0.4234558470375912,Octahedron,3.0,3.0,3.0
mp-1101038,TiGa2O5,1,[6],1.837717932957328,0.2627560326065853,Octahedron,3.0,3.0,3.0
mp-1101269,TmGaO3,1,[5],2.156307219769543,-0.3422490445109249,Trigonal bipyramid,3.0,3.0,3.0
mp-1106089,Ba2InGaO5,1,[4],1.7333252239761556,0.4687803298606687,Tetrahedron,3.0,3.0,3.0
mp-1153970,Zn4InGaO7,1,[5],1.8044892683065328,0.2881229503538994,Trigonal bipyramid,3.0,3.0,3.0
mp-1173092,NaCaGaSi2O7,1,[4],1.7677764934678897,0.2923538570612741,Tetrahedron,3.0,3.0,3.0
mp-1173145,SrPrGaCuO5,1,[4],1.49571133835371,1.3401605680473945,Tetrahedron,3.0,3.0,3.0
mp-1173173,SrLaGaCuO5,1,[4],1.6148112440327371,0.9101258323123328,Tetrahedron,3.0,3.0,3.0
mp-1173241,Sr3La7Ga(Co3O10)3,1,[6],2.0398746899321645,-0.0717393382185028,Octahedron,3.0,3.0,3.0
mp-1173259,Sr2NdGaCu2O7,1,[4],1.8669598398283984,0.0387915364322397,Tetrahedron,3.0,3.0,3.0
mp-1173829,Na2Ga2Si3(HO3)4,1,[4],1.829373293581782,0.0506391485273961,Tetrahedron,3.0,3.0,3.0
mp-11773,Nd3GaO6,1,[4],1.8251212989440664,0.1461815206308377,Tetrahedron,3.0,3.0,3.0
mp-1178283,Gd4Ga2O9,1,[4],1.7942262164658076,0.2202630262524101,Tetrahedron,3.0,3.0,3.0
mp-1178422,Cs3GaO3,1,[4],0.0861538441638789,6.292593647956873,Tetrahedron,3.0,3.0,3.0
mp-1180739,LaGaO3,1,[6],1.975061851074096,0.047836204102355,Octahedron,3.0,3.0,3.0
mp-1181313,Ga2(TeO3)3,1,[6],1.7760586920091783,0.298791368721959,Octahedron,3.0,3.0,3.0
mp-1186921,Rb2Ga2Ge3O10,1,[4],1.8150100859631508,0.1488161155853336,Tetrahedron,3.0,3.0,3.0
mp-1187872,Zn2InGaO5,1,[5],1.8401207068798928,0.2263075926926092,Trigonal bipyramid,3.0,3.0,3.0
mp-1192369,BaYZn3GaO7,1,[4],1.7996908874650943,0.2568078357069243,Tetrahedron,3.0,3.0,3.0
mp-1192501,BaScZn3GaO7,1,[4],1.8871192344736063,-0.0290817776153823,Tetrahedron,3.0,3.0,3.0
mp-1194398,GaHSeO4,1,[6],1.9222996256643088,0.0939881844743742,Octahedron,3.0,3.0,3.0
mp-1194652,BaGaB4H3O10,1,[5],1.5361275149916809,0.8012552535151715,Trigonal bipyramid,3.0,3.0,3.0
mp-1195154,BaGaB4H3O10,1,[5],1.5232623519886292,0.8295231791320361,Trigonal bipyramid,3.0,3.0,3.0
mp-1195176,Ba4NaGa2B8(ClO6)3,1,[4],1.8770397482857475,-0.0716638784692088,Tetrahedron,3.0,3.0,3.0
mp-1195423,Ba4NaGa2B8(BrO6)3,1,[4],1.8523643957712024,0.0274329618592891,Tetrahedron,3.0,3.0,3.0
mp-1195440,GaAs(H2O3)2,1,[6],1.97219320270082,0.0452565212009383,Octahedron,3.0,3.0,3.0
mp-1195660,Ba4GaB10H7O24,1,[4],1.9234052012950875,-0.2089435712329932,Tetrahedron,3.0,3.0,3.0
mp-1195697,VGa(TeO4)2,1,[6],1.9590318079126408,0.0676491192488409,Octahedron,3.0,3.0,3.0
mp-1197280,KGa2NiP3(H2O7)2,1,[5],1.8517100427651445,0.1391836850561449,Trigonal bipyramid,3.0,3.0,3.0
mp-1197686,GaGe2H5CNO6,1,[4],1.850590103160291,0.0102514097636455,Tetrahedron,3.0,3.0,3.0
mp-1197916,SrGaBO4,1,[4],1.7661516394389871,0.3183278368125854,Tetrahedron,3.0,3.0,3.0
mp-1198930,LiGa(SeO3)2,1,[6],1.9299897601386504,0.1125004687470264,Octahedron,3.0,3.0,3.0
mp-1199672,NaGaBP2H3O10,1,[6],1.939014953111352,0.0787098112951882,Octahedron,3.0,3.0,3.0
mp-1200666,CsGaP3HO10,1,[6],1.7765760710805238,0.2568205310531567,Octahedron,3.0,3.0,3.0
mp-1200733,CsGa(PO3)4,1,[6],2.408124877240978,-0.601001140274634,no_data,3.0,3.0,3.0
mp-1200899,Cs2GaP4H3O14,1,[6],2.134466712565146,-0.2047055002675125,Octahedron,3.0,3.0,3.0
mp-1200987,CsGa(SeO3)2,1,[6],1.9460841576061303,0.1217022630925973,Octahedron,3.0,3.0,3.0
mp-1201408,CsGaBP2HO9,1,[6],1.777706631984363,0.3100495939181173,Octahedron,3.0,3.0,3.0
mp-1201552,Ga2Cu(SeO3)4,1,[6],1.7352971471774872,0.4066926846061547,Octahedron,3.0,3.0,3.0
mp-1202879,NaGa(SeO3)2,1,[6],1.821144644824286,0.2711156872130003,Octahedron,3.0,3.0,3.0
mp-1203192,Ga2CuSe3O10,1,[6],1.7036523399635304,0.5204006539731438,Octahedron,3.0,3.0,3.0
mp-1203461,Rb2EuGa(SiO3)4,1,[4],1.8034090134393383,0.1376867446715496,Tetrahedron,3.0,3.0,3.0
mp-1203519,KMnGa2P3(H2O7)2,1,[5],1.8422048134020448,0.1688728100325644,Trigonal bipyramid,3.0,3.0,3.0
mp-1203541,KGa(SeO3)2,1,[6],2.0528645458116963,-0.040921299233873,Octahedron,3.0,3.0,3.0
mp-1203611,Ga2Cu3(SeO3)6,1,[6],1.9168610490690927,0.1297886795306359,Octahedron,3.0,3.0,3.0
mp-1204230,Sr4Ga2O7,1,[4],1.784200846500283,0.3052439912307272,Tetrahedron,3.0,3.0,3.0
mp-1204714,Ca4NbGaO8,1,[4],1.7961081961414926,0.2716934651941175,Tetrahedron,3.0,3.0,3.0
mp-1204881,CsMnGa2P3(H2O7)2,1,[5],1.7385930797267828,0.3868555996349819,Trigonal bipyramid,3.0,3.0,3.0
mp-1207709,YMnGaO5,1,[5],1.521083997232061,0.7847422666824435,Square pyramid,3.0,3.0,3.0
mp-1208375,TbGaGe2O7,1,[5],1.9912908306935044,-0.0973092819494329,Trigonal bipyramid,3.0,3.0,3.0
mp-1208678,SmGaGe2O7,1,[5],1.967534440048592,-0.0507105177523337,Trigonal bipyramid,3.0,3.0,3.0
mp-1208750,Sr3Ti3(Ga2O5)4,1,[4],1.809919627043936,0.1854999751259011,Tetrahedron,3.0,3.0,3.0
mp-1208765,Sr2TmGaCu2O7,1,[4],2.600994701109063,-2.481081060294517,Tetrahedron,3.0,3.0,3.0
mp-1208777,Sr3NbGa3(SiO7)2,1,[4],1.813687818432444,0.1754213439021534,Tetrahedron,3.0,3.0,3.0
mp-1208802,Sr3Ga2Cl2O5,1,[4],1.7681129014692525,0.2746982188329391,Tetrahedron,3.0,3.0,3.0
mp-1209020,Sr2Ca2Ga(CuO3)3,1,[4],2.417958103757118,-1.8690668727386075,Tetrahedron,3.0,3.0,3.0
mp-1209621,PrGaGe2O7,1,[5],1.9685809850709952,-0.0424546574847565,Trigonal bipyramid,3.0,3.0,3.0
mp-1210014,Nd2BeGa2O7,1,[4],1.791610076938288,0.2222168614216785,Tetrahedron,3.0,3.0,3.0
mp-1210086,NaGa(SO4)2,1,[6],1.5564787382621863,0.6268209759075026,Octahedron,3.0,3.0,3.0
mp-1210133,NaGaP2O7,1,[6],1.5201941820764762,0.6853067644495037,Octahedron,3.0,3.0,3.0
mp-1210165,NaGa(WO4)2,1,[6],2.4682724442373343,-0.578182908421062,Octahedron,3.0,3.0,3.0
mp-1210623,MgGaBO4,1,[6],1.640142718692113,0.5745850304488649,Octahedron,3.0,3.0,3.0
mp-1210845,NaGaGeO4,1,[4],1.8621348835723084,-0.0028882512185369,Tetrahedron,3.0,3.0,3.0
mp-1210869,LiGaPO4F,1,[4],1.6262617221600302,0.5147826961431666,Octahedron,3.0,3.0,3.0
mp-1211020,LiGa(PO3)4,1,[6],1.734979740478418,0.3531935432095549,Octahedron,3.0,3.0,3.0
mp-1211258,La3TiGa5O14,1,[4],1.8143345578692287,0.1666653846228543,Tetrahedron,3.0,3.0,3.0
mp-1211276,La3NbGa5O14,1,[4],1.827408188833552,0.1446044922031362,Tetrahedron,3.0,3.0,3.0
mp-1211277,La3ZrGa5O14,1,[4],1.82309736025928,0.1524607389660412,Tetrahedron,3.0,3.0,3.0
mp-1211281,La3HfGa5O14,1,[4],1.819555345715533,0.1618695370929504,Tetrahedron,3.0,3.0,3.0
mp-1211518,La2BeGa2O7,1,[4],1.7834752627933117,0.2475388143180767,Tetrahedron,3.0,3.0,3.0
mp-1211711,KNa2Ga3(SiO4)3,1,[4],1.870879100800376,-0.0564662941360935,Tetrahedron,3.0,3.0,3.0
mp-1211796,Pr10Ti9GaO34,1,[6],2.025697779027896,-0.022563358610171,Octahedron,3.0,3.0,3.0
mp-1212081,InGaSnO5,1,[4],1.810148398314329,0.2654491113916367,Tetrahedron,3.0,3.0,3.0
mp-1212281,NaGaGeO4,1,[4],1.83770139640394,0.0687027121176917,Tetrahedron,3.0,3.0,3.0
mp-1212345,Nd10Ti9GaO34,1,[6],2.0290775490722703,-0.0294722485386176,Octahedron,3.0,3.0,3.0
mp-1212633,LaGaGe2O7,1,[5],1.989163400252488,-0.076286261786414,Trigonal bipyramid,3.0,3.0,3.0
mp-1212668,GaAg(SO4)2,1,[6],1.6738880880966651,0.4562055450383379,Octahedron,3.0,3.0,3.0
mp-1213088,ErGaO3,1,[5],1.6353492475685345,0.6398562189946702,Trigonal bipyramid,3.0,3.0,3.0
mp-1213126,DyGaGe2O7,1,[5],1.9973915819862555,-0.1092884263052891,Trigonal bipyramid,3.0,3.0,3.0
mp-1213396,KGaGeO4,1,[4],1.7999947742557785,0.1976196267879799,Tetrahedron,3.0,3.0,3.0
mp-1214038,Ca3NbGa3(SiO7)2,1,[4],1.840007036658512,0.0933262056367683,Tetrahedron,3.0,3.0,3.0
mp-1214167,Ca2PrGaCu2O7,1,[4],1.5751815880283364,1.06568857392397,Tetrahedron,3.0,3.0,3.0
mp-1214542,Ba6Y2Ga4O15,1,[4],1.8244323018538344,0.1625197543230374,Tetrahedron,3.0,3.0,3.0
mp-1214551,Ba6Tb2Ga4O15,1,[4],1.8161985831899168,0.1898750313358587,Tetrahedron,3.0,3.0,3.0
mp-1214554,Ba6Sm2Ga4O15,1,[4],1.8159395495487591,0.1869046529468065,Tetrahedron,3.0,3.0,3.0
mp-1214555,Ba6Nd2Ga4O15,1,[4],1.803158671400504,0.1831332957629177,Tetrahedron,3.0,3.0,3.0
mp-1214558,Ba6Tm2Ga4O15,1,[4],1.8020666500141505,0.1850753888369051,Tetrahedron,3.0,3.0,3.0
mp-1214574,Ba6Lu2Ga4O15,1,[4],1.8136428643097589,0.187620925919815,Tetrahedron,3.0,3.0,3.0
mp-1214591,Ba6Pr2Ga4O15,1,[4],1.8163347688865148,0.1904245686210293,Tetrahedron,3.0,3.0,3.0
mp-1214596,Ba6Ho2Ga4O15,1,[4],1.815675854145122,0.190927678606406,Tetrahedron,3.0,3.0,3.0
mp-1214605,Ba6Dy2Ga4O15,1,[4],1.8137900819790835,0.1959011003076173,Tetrahedron,3.0,3.0,3.0
mp-1214608,Ba6Gd2Ga4O15,1,[4],1.8162022045690829,0.1983714786447586,Tetrahedron,3.0,3.0,3.0
mp-1214629,Ba2Zn2Cr7Ga2(SnO11)2,1,[4],1.804584532532531,0.2337841804318201,Tetrahedron,3.0,3.0,3.0
mp-1214864,Al2Ga2Bi2O9,1,[4],1.822658476380001,0.1116776733780717,Tetrahedron,3.0,3.0,3.0
mp-1215133,Ba5GaRu2O11,1,[4],1.8076745074861065,0.1546432921179262,Tetrahedron,3.0,3.0,3.0
mp-1215688,ZnInGaO4,1,[5],2.097463733534189,-0.259275128125639,Trigonal bipyramid,3.0,3.0,3.0
mp-1215740,Zn3InGaO6,1,[5],2.0419440622036986,-0.1352725561980993,Trigonal bipyramid,3.0,3.0,3.0
mp-1216516,V3Zn2GaO11,1,[6],1.914542217082247,0.1452984709225538,Octahedron,3.0,3.0,3.0
mp-1217786,SrYGa3O7,1,[4],1.8067237145935624,0.152870761570413,Tetrahedron,3.0,3.0,3.0
mp-1217789,SrSmGa3O7,1,[4],1.7460215424566257,0.3829388578508117,Tetrahedron,3.0,3.0,3.0
mp-1218050,SrPrGa3O7,1,[4],1.748592289221507,0.3795627348190727,Tetrahedron,3.0,3.0,3.0
mp-1218089,SrPrGaCuO5,1,[4],1.7322496959311295,0.5446673122830596,Tetrahedron,3.0,3.0,3.0
mp-1218128,SrNdGa3O7,1,[4],1.7553144722678304,0.3545860005379766,Tetrahedron,3.0,3.0,3.0
mp-1218135,SrNdGaCuO5,1,[4],1.678034955882292,0.7406016839670145,Tetrahedron,3.0,3.0,3.0
mp-1218197,SrLaGa3O7,1,[4],1.7608077573220895,0.3435489049113127,Tetrahedron,3.0,3.0,3.0
mp-1218226,SrLaGaCuO5,1,[4],1.7776921136453967,0.3991155460323473,Tetrahedron,3.0,3.0,3.0
mp-1218239,SrCa5Mn4(GaO8)2,1,[4],2.130274238944887,-0.8386697987021984,Tetrahedron,3.0,3.0,3.0
mp-1218355,SrCaMnGaO5,1,[4],1.7123652037596095,0.5804459152453246,Tetrahedron,3.0,3.0,3.0
mp-1218546,Sr4CaYGa2(Cu2O7)2,1,[4],2.418368278380865,-1.8489014241359976,Tetrahedron,3.0,3.0,3.0
mp-1218697,Sr6CaY2Ga3(Cu2O7)3,1,[4],2.403602608043484,-1.8001976091909448,Tetrahedron,3.0,3.0,3.0
mp-1218712,Sr6CaY2Ga3(Cu2O7)3,1,[4],2.0991201477030126,-0.75624425385123,Tetrahedron,3.0,3.0,3.0
mp-1218718,Sr2PrGaO5,1,[4],1.937845527305902,-0.2807793238158239,Tetrahedron,3.0,3.0,3.0
mp-1218758,Sr2LaGaO5,1,[4],2.0039251443608928,-0.5034159093000037,Tetrahedron,3.0,3.0,3.0
mp-1218775,Sr2MnGaO5,1,[4],2.554190700102054,-2.256670560468133,Tetrahedron,3.0,3.0,3.0
mp-1220260,Nd3Sm(GaO3)4,1,[6],1.9854567741176925,0.0470149376265318,Octahedron,3.0,3.0,3.0
mp-1220573,Nd2MnGaO6,1,[6],2.078560577265523,-0.0650225477589565,Octahedron,3.0,3.0,3.0
mp-1220762,Pr5Ti4GaO17,1,[6],1.5446120175898277,0.6970826933584796,Octahedron,3.0,3.0,3.0
mp-1220817,NaLi3Ga4(SiO3)8,1,[6],1.6654526401364234,0.5044720596867125,Octahedron,3.0,3.0,3.0
mp-1220982,NaLiGa2(SiO3)4,1,[6],1.6863033712966924,0.4742478623979376,Octahedron,3.0,3.0,3.0
mp-1221051,Nd5Ti4GaO17,1,[6],1.5121961153736634,0.7445310931208247,Octahedron,3.0,3.0,3.0
mp-1221117,NaCaGaSi2O7,1,[4],1.7636259449303986,0.3089122921343133,Tetrahedron,3.0,3.0,3.0
mp-1221279,Na3LiGa4(SiO3)8,1,[6],1.7096329450193548,0.4427902068259387,Octahedron,3.0,3.0,3.0
mp-1222146,MgIn2Ga2CuO8,1,[5],2.3941538104800006,-0.8172612775818717,Trigonal bipyramid,3.0,3.0,3.0
mp-1222272,LuGaCoO4,1,[5],1.9322410912202983,0.0472972033135832,Trigonal bipyramid,3.0,3.0,3.0
mp-1222409,LiGaBH3O5,1,[4],1.8441040655814127,-0.0125173374360583,Tetrahedron,3.0,3.0,3.0
mp-1222864,LaPr3(GaO3)4,1,[6],2.028076721581847,-0.0237885413795843,Octahedron,3.0,3.0,3.0
mp-1222894,LaNd3(GaO3)4,1,[6],1.989289873753244,0.0360455869398104,Octahedron,3.0,3.0,3.0
mp-1222936,Li2AlGaSi2(H2O5)2,1,[4],1.8157301708694529,0.121460273372964,Tetrahedron,3.0,3.0,3.0
mp-1223050,La4Ga3FeO12,1,[6],2.0283899784455866,-0.0172114287927776,Octahedron,3.0,3.0,3.0
mp-1223104,La3Nd(GaO3)4,1,[6],1.9940743783010657,0.0212608814195396,Octahedron,3.0,3.0,3.0
mp-1223112,La3Al2Ga3SnO14,1,[4],1.847859213271187,0.0940442550294662,Tetrahedron,3.0,3.0,3.0
mp-1223331,La2Nd(GaO3)3,1,[6],2.007341596993187,0.0092265364766161,Octahedron,3.0,3.0,3.0
mp-1223350,La2GaFeO6,1,[6],2.043932796377038,-0.0438718865947136,Octahedron,3.0,3.0,3.0
mp-1223547,KMg3GaSi3(HO6)2,1,[4],1.8125765022437463,0.1211839614603175,Tetrahedron,3.0,3.0,3.0
mp-1223555,KGaGe3O8,1,[4],1.796317141466912,0.1189533957267578,Tetrahedron,3.0,3.0,3.0
mp-1223591,KGaAs3H7O13,1,[6],2.0556274455460697,-0.0662456544174834,Octahedron,3.0,3.0,3.0
mp-1223701,KRbMn2Ga4P6(H2O7)4,1,[5],1.8541680703003007,0.1495180709352327,Trigonal bipyramid,3.0,3.0,3.0
mp-1223729,La5Ti4GaO17,1,[6],1.7222657705748845,0.3832010658429359,Octahedron,3.0,3.0,3.0
mp-1224478,K2GaP2H3(O4F)2,1,[4],2.206605817027104,-0.3127332117444178,Octahedron,3.0,3.0,3.0
mp-1224682,Gd2GaSbO7,1,[6],1.914770752744662,0.1711130579980979,Octahedron,3.0,3.0,3.0
mp-1224786,GaSbO4,1,[6],1.854969112935456,0.1870700934335488,Octahedron,3.0,3.0,3.0
mp-1224929,GaFeNiO4,1,[6],1.752907853526848,0.3851804090455306,Octahedron,3.0,3.0,3.0
mp-1224998,GaBi3Sb2O11,1,[6],1.9136159716476264,0.1702032860277462,Octahedron,3.0,3.0,3.0
mp-1225056,GaFe(BiO3)2,1,[5],0.9321193887849728,2.007316227891429,Square pyramid,3.0,3.0,3.0
mp-1226119,CsGaAs3H5O12,1,[6],2.055828968962651,-0.0631114653014514,Octahedron,3.0,3.0,3.0
mp-1227107,CaGaBiB2O7,1,[4],1.911828814139661,-0.2055904815189938,Tetrahedron,3.0,3.0,3.0
mp-1227153,CaLaGa3O7,1,[4],1.755097116431708,0.3489598535542801,Tetrahedron,3.0,3.0,3.0
mp-1227159,CaYGa3O7,1,[4],1.7580361528108472,0.3258075828871398,Tetrahedron,3.0,3.0,3.0
mp-1227169,CaNdGa3O7,1,[4],1.7565129778836686,0.3380981687964635,Tetrahedron,3.0,3.0,3.0
mp-1227170,CaNdGa3O7,1,[4],1.7660015057362188,0.305600949301601,Tetrahedron,3.0,3.0,3.0
mp-1227208,CaSmGa3O7,1,[4],1.7543853334454749,0.3322347999170815,Tetrahedron,3.0,3.0,3.0
mp-1227455,Be(GaO2)2,1,[4],1.7847458189709955,0.2542524571381025,Tetrahedron,3.0,3.0,3.0
mp-1227514,Ca2Ga2GeO7,1,[4],1.7556089985456669,0.3458543843522006,Tetrahedron,3.0,3.0,3.0
mp-1227526,Ca2Ga2SiO7,1,[4],1.7584870529573255,0.3286868585491958,Tetrahedron,3.0,3.0,3.0
mp-1227683,Ca2LaGa(FeO4)2,1,[6],2.1453017846311835,-0.182635877533979,Octahedron,3.0,3.0,3.0
mp-1227716,Ca3Ga2(Ge2O7)2,1,[5],1.7671759876242,0.4676354793295331,Trigonal bipyramid,3.0,3.0,3.0
mp-1227781,CaGa2Cu3(RuO6)2,1,[6],1.8716794406691943,0.2010480215842472,Octahedron,3.0,3.0,3.0
mp-1227901,BaLaGa3O7,1,[4],1.7550197721057763,0.3862611814222632,Tetrahedron,3.0,3.0,3.0
mp-1227987,BaAlGaO4,1,[4],1.8943118004246304,-0.1516231180069374,Tetrahedron,3.0,3.0,3.0
mp-1228716,Ca3Ga2(SnO4)3,1,[4],1.7716664054321971,0.3681822732826528,Tetrahedron,3.0,3.0,3.0
mp-1228877,Ba(GaO2)2,1,[4],1.7464788050029614,0.4121692892180331,Tetrahedron,3.0,3.0,3.0
mp-1228996,Al2Ga2Bi2O9,1,[6],1.805373676620512,0.2916243278117693,Octahedron,3.0,3.0,3.0
mp-1229072,AlGaCu2(AsO5)2,1,[4],1.7427782765378217,0.3622923783406476,Tetrahedron,3.0,3.0,3.0
mp-1229132,Ba3Al2Ga2(FeO6)2,1,[4],1.9002671699910447,-0.1492386192911824,Tetrahedron,3.0,3.0,3.0
mp-1229265,Ba3Ga2B10H4O23,1,[4],1.55482211642068,1.0607171628506349,Tetrahedron,3.0,3.0,3.0
mp-1233002,Sr4LiMn2(GaO5)2,1,[4],1.610727561206496,0.97733509936481,Tetrahedron,3.0,3.0,3.0
mp-1272187,Ca2MnGaO5,1,[4],1.650911878579847,0.7873318687931852,Tetrahedron,3.0,3.0,3.0
mp-1282857,Sr2MnGaO5,1,[4],2.525074159153152,-2.155526135375248,Tetrahedron,3.0,3.0,3.0
mp-1283659,Sr2MnGaO5,1,[4],1.9278857770211613,-0.1574069940346198,Tetrahedron,3.0,3.0,3.0
mp-12881,Ba3NbGa3(SiO7)2,1,[4],1.796698180325666,0.2495688306193287,Tetrahedron,3.0,3.0,3.0
mp-1304327,Li2Mn3GaO8,1,[6],1.7733448519736996,0.3502872969940001,Octahedron,3.0,3.0,3.0
mp-1307659,Li2Mn3GaO8,1,[6],1.8291672966244887,0.2705713768970641,Octahedron,3.0,3.0,3.0
mp-1309214,Li2Mn3GaO8,1,[6],1.842922248709457,0.250525733043229,Octahedron,3.0,3.0,3.0
mp-14216,Ga8(Pb3O7)3,1,[4],1.836138201848869,0.1013213906722251,Tetrahedron,3.0,3.0,3.0
mp-14235,SrGa2(SiO4)2,1,[4],1.7875627050127434,0.1535693212078596,Tetrahedron,3.0,3.0,3.0
mp-15577,Pr4Ga2O9,1,[4],1.7375497645680311,0.3687896487374124,Tetrahedron,3.0,3.0,3.0
mp-16136,Sr3TaGa3(SiO7)2,1,[4],1.814286959366313,0.177084897862048,Tetrahedron,3.0,3.0,3.0
mp-16872,RbLi2Ga2(BO3)3,1,[4],1.8812950388588296,-0.066926614575236,Tetrahedron,3.0,3.0,3.0
mp-16996,Li3GaSiO5,1,[4],1.7532652298478073,0.3880849587661726,Tetrahedron,3.0,3.0,3.0
mp-17510,LiGa(WO4)2,1,[6],2.447119139244356,-0.559760788807206,Octahedron,3.0,3.0,3.0
mp-17685,Li3GaGeO5,1,[4],1.776994602926301,0.339422149714517,Tetrahedron,3.0,3.0,3.0
mp-17774,K2Li3GaO4,1,[4],1.5601131176987892,1.1491105743212926,Tetrahedron,3.0,3.0,3.0
mp-17785,KNa2GaO3,1,[4],1.71682677017691,0.4936684951448143,Tetrahedron,3.0,3.0,3.0
mp-17853,YGaO3,1,[5],1.5637499193537674,0.845062312520114,Trigonal bipyramid,3.0,3.0,3.0
mp-17914,CaGa4O7,1,[4],1.774720594288518,0.2591268590376213,Tetrahedron,3.0,3.0,3.0
mp-18253,SrGa4O7,1,[4],1.7639762865429098,0.3001194465653402,Tetrahedron,3.0,3.0,3.0
mp-18348,KGaP2O7,1,[6],1.9130469651605964,0.0730370416708013,Octahedron,3.0,3.0,3.0
mp-18656,GdGaO3,1,[6],1.9052901292266573,0.1807710713451928,Octahedron,3.0,3.0,3.0
mp-20496,Ga2PbO4,1,[4],1.881335936146381,-0.0981555357320283,Tetrahedron,3.0,3.0,3.0
mp-21470,Ca2MnGaO5,1,[4],1.5271695371125662,1.2363093672833436,Tetrahedron,3.0,3.0,3.0
mp-24181,CsGaP3HO10,1,[6],1.586769710770843,0.531036646111345,Octahedron,3.0,3.0,3.0
mp-24465,GaP3(HO5)2,1,[6],1.842706936544062,0.2059716967426644,Octahedron,3.0,3.0,3.0
mp-24563,Ga2P3(HO3)3,1,[6],1.705775516966744,0.4102738836377874,Octahedron,3.0,3.0,3.0
mp-24761,RbGaBP2HO9,1,[6],1.7697939757761656,0.2836175033958623,Octahedron,3.0,3.0,3.0
mp-2712584,NaZrGaP2SO12,1,[6],1.6191278223109955,0.5849872482907524,Octahedron,3.0,3.0,3.0
mp-2712632,Na3Zn2Ga2PS5O24,1,[6],1.6690622403178448,0.4819670211686583,Octahedron,3.0,3.0,3.0
mp-2712655,Na3Mg2Ga2PS5O24,1,[6],1.6677552660013333,0.4800800231335822,Octahedron,3.0,3.0,3.0
mp-2712671,Na2TaGa3P4(SO12)2,1,[6],1.704688139310931,0.4029303389589871,Octahedron,3.0,3.0,3.0
mp-2712690,NaHfGaSi(SO6)2,1,[6],1.7249874233783598,0.4229899972969448,Octahedron,3.0,3.0,3.0
mp-2712699,NaGaSnP2SO12,1,[6],1.6702413550162607,0.475391749181395,Octahedron,3.0,3.0,3.0
mp-2712746,NaTiGaP2SO12,1,[6],1.6946434003605664,0.3975447421255971,Octahedron,3.0,3.0,3.0
mp-2712792,NaHfGaP2SO12,1,[6],1.606808207149949,0.5901340566204449,Octahedron,3.0,3.0,3.0
mp-2712809,Na2NbGa3P4(SO12)2,1,[6],1.7135191056579493,0.3839314753867882,Octahedron,3.0,3.0,3.0
mp-2712821,ZrGaP(SO6)2,1,[6],1.722351604888369,0.4117343011484532,Octahedron,3.0,3.0,3.0
mp-2712822,Na14Ta5Ga3(SiO4)12,1,[6],1.4688291180612705,0.7834590858041564,Octahedron,3.0,3.0,3.0
mp-2712858,TaGa3SiS5O24,1,[6],1.7709030654201938,0.2976058719769067,Octahedron,3.0,3.0,3.0
mp-2712863,Na3Ta3GaSi3(PO8)3,1,[6],1.6833426041430648,0.4518812908639029,Octahedron,3.0,3.0,3.0
mp-2712869,HfGaP(SO6)2,1,[6],1.7196322419050858,0.4063268603785131,Octahedron,3.0,3.0,3.0
mp-2712895,Zr2Ga2SiS5O24,1,[6],1.7792462482255804,0.3359602574426074,Octahedron,3.0,3.0,3.0
mp-2712924,NbGa3P2(SO6)4,1,[6],1.774844519642396,0.2811503024964225,Octahedron,3.0,3.0,3.0
mp-2712931,TaGa3P2(SO6)4,1,[6],1.7681461321734506,0.2940930093149151,Octahedron,3.0,3.0,3.0
mp-2712937,Na3Ta2Ga2SiP5O24,1,[6],1.742868843517872,0.3477203999362264,Octahedron,3.0,3.0,3.0
mp-2712947,GaSnP(SO6)2,1,[6],1.7428406030801966,0.3533621722923163,Octahedron,3.0,3.0,3.0
mp-2712959,Na3Nb3GaSi3(PO8)3,1,[6],1.6877503837253216,0.4469642486747046,Octahedron,3.0,3.0,3.0
mp-2712994,Na3Nb2Ga2SiP5O24,1,[6],1.741213427854778,0.3568111362297749,Octahedron,3.0,3.0,3.0
mp-2713054,TiGaP(SO6)2,1,[6],1.7709022005930273,0.2805056106626823,Octahedron,3.0,3.0,3.0
mp-2713069,GaGeP(SO6)2,1,[6],1.753635012837338,0.262137739434183,Octahedron,3.0,3.0,3.0
mp-2713105,Hf2Ga2SiS5O24,1,[6],1.7675221221978656,0.3304492999839821,Octahedron,3.0,3.0,3.0
mp-2713205,NaTaGa(PO4)3,1,[6],1.8446035756110413,0.1837899320924269,Octahedron,3.0,3.0,3.0
mp-2713216,Na5Ga3Sn(PO4)6,1,[6],1.5452582363310392,0.6515013678173451,Octahedron,3.0,3.0,3.0
mp-2713227,Na2TiGa(PO4)3,1,[6],1.723518773688483,0.3698051530479928,Octahedron,3.0,3.0,3.0
mp-2713251,Na4NbGa3(PO4)6,1,[6],1.653186798848035,0.4829715738160501,Octahedron,3.0,3.0,3.0
mp-2713276,Na2ScGaP2SO12,1,[6],1.7291888098104935,0.4012801504950033,Octahedron,3.0,3.0,3.0
mp-2713307,Na2HfGa(PO4)3,1,[6],1.7319563397754938,0.4078012277314886,Octahedron,3.0,3.0,3.0
mp-2713337,Na10Nb7Ga(SiO4)12,1,[6],1.4676342348710854,0.7970323156777093,Octahedron,3.0,3.0,3.0
mp-2713454,NbGaP2SO12,1,[6],1.8434871457584607,0.1787741710076368,Octahedron,3.0,3.0,3.0
mp-2713458,Na10Ta7Ga(SiO4)12,1,[6],1.4770714035786334,0.7854596141495168,Octahedron,3.0,3.0,3.0
mp-2713498,NbGaSi(SO6)2,1,[6],1.7731343063166434,0.287900456084331,Octahedron,3.0,3.0,3.0
mp-2713509,Na10TaGa7(PO4)12,1,[6],1.5571713806983531,0.6272971271203459,Octahedron,3.0,3.0,3.0
mp-2713511,Na5Ga3Ge(PO4)6,1,[6],1.568478287071389,0.6017670894316489,Octahedron,3.0,3.0,3.0
mp-2713526,TaGaP2SO12,1,[6],1.838596152643232,0.1868785629545801,Octahedron,3.0,3.0,3.0
mp-2713570,Na6Zn4Ga4SiS11O48,1,[6],1.6704099479430408,0.4795223934671101,Octahedron,3.0,3.0,3.0
mp-2713615,Na2ZrGa(PO4)3,1,[6],1.7482658911197198,0.4065719433629087,Octahedron,3.0,3.0,3.0
mp-2713656,Na4TaGa3(PO4)6,1,[6],1.662575417154838,0.4710007474020944,Octahedron,3.0,3.0,3.0
mp-2713684,Na6Mg4Ga4SiS11O48,1,[6],1.6682580203441475,0.4773593419241382,Octahedron,3.0,3.0,3.0
mp-2713694,Na2GaSn(PO4)3,1,[6],1.737549057645282,0.3786511953402732,Octahedron,3.0,3.0,3.0
mp-2713736,Na3Sc2Ga2P3(SO8)3,1,[6],1.51104027372795,0.7246991467255222,Octahedron,3.0,3.0,3.0
mp-2713768,NaNbGa(PO4)3,1,[6],1.8382222794040264,0.2098348730912068,Octahedron,3.0,3.0,3.0
mp-2713800,Ta3Ga(PO4)6,1,[6],1.8495428581656423,0.1814479126193278,Octahedron,3.0,3.0,3.0
mp-2713840,Nb3GaSi3(SO8)3,1,[6],1.764149291465936,0.3257664689661425,Octahedron,3.0,3.0,3.0
mp-2713922,Ta3GaSi3(SO8)3,1,[6],1.7508371634241389,0.343898615966723,Octahedron,3.0,3.0,3.0
mp-2713924,Na2Nb5Ga3(PO4)12,1,[6],1.8478327139738573,0.1923240103289128,Octahedron,3.0,3.0,3.0
mp-2713940,Na3In2Ga2P3(SO8)3,1,[6],1.4789653105539575,0.7780062604096282,Octahedron,3.0,3.0,3.0
mp-2713989,Na2Ta5Ga3(PO4)12,1,[6],1.8415908512847807,0.1961314800236033,Octahedron,3.0,3.0,3.0
mp-2714005,Nb3Ga(PO4)6,1,[6],1.8623191945049475,0.1633839541032723,Octahedron,3.0,3.0,3.0
mp-2714033,Na7MgGa3(PO4)6,1,[6],1.3384740440252123,0.9597748123165404,Octahedron,3.0,3.0,3.0
mp-2714046,Na5NbGa3SiP5O24,1,[6],1.5695500178112345,0.6099649227660514,Octahedron,3.0,3.0,3.0
mp-2714049,NaAl2Ga2PS5O24,1,[6],1.7201571927339316,0.3417816150996758,Octahedron,3.0,3.0,3.0
mp-2714087,Na2Ga8SiS11O48,1,[6],1.7345384876300964,0.3470016590634456,Octahedron,3.0,3.0,3.0
mp-2714113,NaMgGa(SO4)3,1,[6],1.6758828742435312,0.4742802421461219,Octahedron,3.0,3.0,3.0
mp-2714122,NaZnGa(SO4)3,1,[6],1.7005924418329066,0.4460319068526908,Octahedron,3.0,3.0,3.0
mp-2714124,NaGa4PS5O24,1,[6],1.7046946060866186,0.3842042173296049,Octahedron,3.0,3.0,3.0
mp-2714162,Na7ZnGa3(PO4)6,1,[6],1.37479853949365,0.8999805151692964,Octahedron,3.0,3.0,3.0
mp-2714188,NaSc2Ga2PS5O24,1,[6],1.696675019352197,0.4431921032869127,Octahedron,3.0,3.0,3.0
mp-2714243,Na7CaGa3(PO4)6,1,[6],1.3679174373027032,0.9422224702802008,Octahedron,3.0,3.0,3.0
mp-2714255,Na2Al4Ga4SiS11O48,1,[6],1.7240984143671476,0.3479070599548218,Octahedron,3.0,3.0,3.0
mp-2714275,NaIn2Ga2PS5O24,1,[6],1.6877382115604278,0.4553659772106069,Octahedron,3.0,3.0,3.0
mp-2714385,NaInGaP(SO6)2,1,[6],1.7142296200470966,0.4103078562904458,Octahedron,3.0,3.0,3.0
mp-2714472,Na4ScGaSi(PO6)2,1,[6],1.3060458064216642,1.0356466093605636,Octahedron,3.0,3.0,3.0
mp-2714550,Na4AlGaSi(PO6)2,1,[6],1.3367156119302386,0.963503350773,Octahedron,3.0,3.0,3.0
mp-2714663,Na3Ti3Ga(PO4)6,1,[6],1.7343933468764163,0.3549401969441908,Octahedron,3.0,3.0,3.0
mp-2714684,Na7Hf2Ga2Si3(PO8)3,1,[6],1.2473126639047958,1.1282395539968602,Octahedron,3.0,3.0,3.0
mp-2714689,NaZnGa3(SO4)6,1,[6],1.7501304998935023,0.3298522243809927,Octahedron,3.0,3.0,3.0
mp-2714715,Na6Ta3Ga5(PO4)12,1,[6],1.7297305689819091,0.3660971373478581,Octahedron,3.0,3.0,3.0
mp-2714722,NaMgGa3(SO4)6,1,[6],1.6982134526117867,0.4038141178638926,Octahedron,3.0,3.0,3.0
mp-2714781,Na3GaSn3(PO4)6,1,[6],1.7306427959972766,0.3866659345728722,Octahedron,3.0,3.0,3.0
mp-2714791,NaCaGa3(SO4)6,1,[6],1.829889016310539,0.2327096172453847,Octahedron,3.0,3.0,3.0
mp-2714818,Na3GaGe3(PO4)6,1,[6],1.7279814971218954,0.3273237021830713,Octahedron,3.0,3.0,3.0
mp-2714932,Na4ZnGa(PO4)3,1,[6],1.234882166115397,1.1475789548984237,Octahedron,3.0,3.0,3.0
mp-2714942,Na3Ca3Ga(SO4)6,1,[6],1.9407746315833496,0.1469492444597551,Octahedron,3.0,3.0,3.0
mp-2714976,Na4Nb3GaSi4(PO12)2,1,[6],1.6185372979967885,0.5652715764606275,Octahedron,3.0,3.0,3.0
mp-2715028,Na7Zr2Ga2Si3(PO8)3,1,[6],1.1877383261522394,1.2220989921096614,Octahedron,3.0,3.0,3.0
mp-2715071,Na4Ta3GaSi4(PO12)2,1,[6],1.6058221666854453,0.5868351487502246,Octahedron,3.0,3.0,3.0
mp-2715079,Na3Mg3Ga(SO4)6,1,[6],1.72120939948524,0.4168487961580291,Octahedron,3.0,3.0,3.0
mp-2715145,Na3Zn3Ga(SO4)6,1,[6],1.728632002278168,0.3932704200727032,Octahedron,3.0,3.0,3.0
mp-2715154,Na4MgGa(PO4)3,1,[6],0.8408857332384692,1.7141787345048427,Octahedron,3.0,3.0,3.0
mp-2715228,Na3Ga2(PO4)3,1,[6],1.6690044148920715,0.4712057883311088,Octahedron,3.0,3.0,3.0
mp-2715251,Na6Nb3Ga(SiO4)6,1,[6],1.7392692344382734,0.4030650801108784,Octahedron,3.0,3.0,3.0
mp-2715263,Na6Ta3Ga(SiO4)6,1,[6],1.7302753562046167,0.4109350483057526,Octahedron,3.0,3.0,3.0
mp-2715283,Na6Nb3Ga(SiO4)6,1,[6],1.488600154011352,0.7684755962348717,Octahedron,3.0,3.0,3.0
mp-2715310,Na3Ga2(PO4)3,1,[6],1.5241659623832284,0.6800298751152034,Octahedron,3.0,3.0,3.0
mp-2715318,Na3ScGa(PO4)3,1,[6],1.454464779933586,0.8042344805371243,Octahedron,3.0,3.0,3.0
mp-2715331,Na3AlGa(PO4)3,1,[6],1.4063582274121609,0.848649760883227,Octahedron,3.0,3.0,3.0
mp-2715361,Na3TiGaSi(PO6)2,1,[6],1.5782447832922035,0.6049610906394665,Octahedron,3.0,3.0,3.0
mp-2715363,Na3YGa(PO4)3,1,[6],1.7654777910661197,0.3873619392342119,Octahedron,3.0,3.0,3.0
mp-2715396,Na3InGa(PO4)3,1,[6],1.6623281706326267,0.5126716043424926,Octahedron,3.0,3.0,3.0
mp-2715402,Na3HfGaSi(PO6)2,1,[6],1.3912559130224005,0.9165270128577716,Octahedron,3.0,3.0,3.0
mp-2715427,Na6Ta3Ga(SiO4)6,1,[6],1.521719590289891,0.7156135588231842,Octahedron,3.0,3.0,3.0
mp-2715465,Na3InGa(PO4)3,1,[6],1.513447829667463,0.7157999984709886,Octahedron,3.0,3.0,3.0
mp-2715490,Na3ScGa(PO4)3,1,[6],1.685212201981264,0.4715852641110857,Octahedron,3.0,3.0,3.0
mp-2715504,Na3AlGa(PO4)3,1,[6],1.6451663500768636,0.5009061937066736,Octahedron,3.0,3.0,3.0
mp-2715505,Na3TiGaSi(PO6)2,1,[6],1.4671949162788231,0.7614864410348743,Octahedron,3.0,3.0,3.0
mp-2715516,Na3YGa(PO4)3,1,[6],1.5610157645724678,0.6751023825572078,Octahedron,3.0,3.0,3.0
mp-2715525,Na7Al2Ga2SiP5O24,1,[6],1.3597730354731077,0.9123780647142862,Octahedron,3.0,3.0,3.0
mp-2715546,NaNb3GaSiP5O24,1,[6],1.8333262418762768,0.2238610311013055,Octahedron,3.0,3.0,3.0
mp-2715562,NaGa2P(SO6)2,1,[6],1.7333728536501405,0.3474751345512198,Octahedron,3.0,3.0,3.0
mp-2715594,Na2Nb6Ga2Si7S5O48,1,[6],1.718069507174452,0.417210952927502,Octahedron,3.0,3.0,3.0
mp-2715606,Na2Ta3GaSi2(PO6)4,1,[6],1.7722678184438947,0.3167074100338968,Octahedron,3.0,3.0,3.0
mp-2715616,NaScGaP(SO6)2,1,[6],1.7036896706073723,0.4253371312431808,Octahedron,3.0,3.0,3.0
mp-2715649,Na2Ta3GaSi4(SO12)2,1,[6],1.7398380130628284,0.3703004464983645,Octahedron,3.0,3.0,3.0
mp-2715706,Na7Ga4SiP5O24,1,[6],1.3401093743947952,0.9505088783996436,Octahedron,3.0,3.0,3.0
mp-2715733,Na2Nb3GaSi2(PO6)4,1,[6],1.7739780234387603,0.3141928542409079,Octahedron,3.0,3.0,3.0
mp-2715739,Na7Sc2Ga2SiP5O24,1,[6],1.2556829465874757,1.090308549127695,Octahedron,3.0,3.0,3.0
mp-2715765,NaAlGaP(SO6)2,1,[6],1.7233413341674022,0.351237099508327,Octahedron,3.0,3.0,3.0
mp-2715768,Na7In2Ga2SiP5O24,1,[6],1.3775103516721643,0.91244798550123,Octahedron,3.0,3.0,3.0
mp-2715776,Na2Ta6Ga2Si7S5O48,1,[6],1.6878037425300598,0.4704761552599212,Octahedron,3.0,3.0,3.0
mp-2715807,NaTa3GaSiP5O24,1,[6],1.8222706759439544,0.2381483940268662,Octahedron,3.0,3.0,3.0
mp-2715902,Na3TaGa3P5SO24,1,[6],1.7429039998058855,0.3438851231879555,Octahedron,3.0,3.0,3.0
mp-2715929,Na5Zr2Ga2SiP5O24,1,[6],1.590332636791307,0.6178873875441362,Octahedron,3.0,3.0,3.0
mp-2716007,Na5Ga2SiSn2P5O24,1,[6],1.6273220505827577,0.5393998138143317,Octahedron,3.0,3.0,3.0
mp-2716018,Na5Ti2Ga2SiP5O24,1,[6],1.6292125547089262,0.5190695572038553,Octahedron,3.0,3.0,3.0
mp-2716021,Na3Hf2Ga2P5SO24,1,[6],1.727586066564454,0.3768186328997083,Octahedron,3.0,3.0,3.0
mp-2716036,Na7Mg2Ga2P5SO24,1,[6],1.3107189190342634,1.0026341874185092,Octahedron,3.0,3.0,3.0
mp-2716053,Na5Hf2Ga2SiP5O24,1,[6],1.5938507098059245,0.598375030163274,Octahedron,3.0,3.0,3.0
mp-2716061,Na3NbGa3P5SO24,1,[6],1.7409086661973017,0.3487540643988875,Octahedron,3.0,3.0,3.0
mp-2716066,Na3Ti2Ga2P5SO24,1,[6],1.7626660761832558,0.3090186246664119,Octahedron,3.0,3.0,3.0
mp-2716077,Na5TaGa3SiP5O24,1,[6],1.5592215182591425,0.6375688907833992,Octahedron,3.0,3.0,3.0
mp-2716085,Na3Ga2Sn2P5SO24,1,[6],1.7575014829054414,0.3373553360478015,Octahedron,3.0,3.0,3.0
mp-2716123,NaNb2Ga2P5SO24,1,[6],1.771046089509093,0.3002221415784302,Octahedron,3.0,3.0,3.0
mp-2716188,NaTa2Ga2P5SO24,1,[6],1.7604443635291376,0.3136117758138228,Octahedron,3.0,3.0,3.0
mp-2716258,Na4HfGaSi2PO12,1,[6],1.062665351659459,1.4107730218016048,Octahedron,3.0,3.0,3.0
mp-2716293,Na10NbGa7(PO4)12,1,[6],1.5613702235852924,0.6217720404440675,Octahedron,3.0,3.0,3.0
mp-2716303,Na4TaGa(SiO4)3,1,[6],1.1841976503904892,1.1887285405649686,Octahedron,3.0,3.0,3.0
mp-2716304,Na5Ta3GaSi5PO24,1,[6],1.527528621164549,0.6991703314849979,Octahedron,3.0,3.0,3.0
mp-2716331,NaZr2Ga2P3(SO8)3,1,[6],1.7374344757274645,0.3676983434238813,Octahedron,3.0,3.0,3.0
mp-2716333,Na5HfGa3(PO4)6,1,[6],1.551230559062122,0.6534148941854181,Octahedron,3.0,3.0,3.0
mp-2716344,Na3Zr3Ga(PO4)6,1,[6],1.7039330919595197,0.4575078897910958,Octahedron,3.0,3.0,3.0
mp-2716358,NaGa2Sn2P3(SO8)3,1,[6],1.7445389993900968,0.3460166759336248,Octahedron,3.0,3.0,3.0
mp-2716381,Na5TiGa3(PO4)6,1,[6],1.5565527081251525,0.639912974000905,Octahedron,3.0,3.0,3.0
mp-2716410,NaTaGa3P3(SO8)3,1,[6],1.7531413237064704,0.3205940612699624,Octahedron,3.0,3.0,3.0
mp-2716416,NaHf2Ga2P3(SO8)3,1,[6],1.7259904002297966,0.3759305494994974,Octahedron,3.0,3.0,3.0
mp-2716418,Na6Nb3Ga5(PO4)12,1,[6],1.7412965201454014,0.3625646335704462,Octahedron,3.0,3.0,3.0
mp-2716430,NaNbGa3P3(SO8)3,1,[6],1.759106787734644,0.3161443272950569,Octahedron,3.0,3.0,3.0
mp-2716436,NaTi2Ga2P3(SO8)3,1,[6],1.7907976798481264,0.2583234965680399,Octahedron,3.0,3.0,3.0
mp-2716544,Na5ZrGa3(PO4)6,1,[6],1.518126219685385,0.6976709573488843,Octahedron,3.0,3.0,3.0
mp-2716566,Na3Hf3Ga(PO4)6,1,[6],1.715374853409972,0.4276010556977696,Octahedron,3.0,3.0,3.0
mp-27618,Na8Ga2O7,1,[4],1.7459082032620032,0.4443501703171327,Tetrahedron,3.0,3.0,3.0
mp-29226,Ca3Ga4O9,1,[4],1.749254910876178,0.3593105856726632,Tetrahedron,3.0,3.0,3.0
mp-30158,Sr3Ga4O9,1,[4],1.800399593984738,0.184078013263394,Tetrahedron,3.0,3.0,3.0
mp-30198,Ba4Ga2O7,1,[4],1.776482152447631,0.3089825013656347,Tetrahedron,3.0,3.0,3.0
mp-3080,Ca5(Ga3O7)2,1,[4],1.803248972411429,0.2269968246347378,Tetrahedron,3.0,3.0,3.0
mp-3107,Ga3PO7,1,[5],1.737016346209488,0.3684304611174277,Trigonal bipyramid,3.0,3.0,3.0
mp-31110,Sm3GaO6,1,[4],1.818286573893984,0.1609989237704554,Tetrahedron,3.0,3.0,3.0
mp-31112,Tb3GaO6,1,[4],1.8181073399235448,0.1474102350136732,Tetrahedron,3.0,3.0,3.0
mp-31113,Dy3GaO6,1,[4],1.8166108856213925,0.1490914206689779,Tetrahedron,3.0,3.0,3.0
mp-31114,Ho3GaO6,1,[4],1.8149808708438644,0.1525023323948329,Tetrahedron,3.0,3.0,3.0
mp-31115,Er3GaO6,1,[4],1.8128968711214188,0.15660638166687,Tetrahedron,3.0,3.0,3.0
mp-3196,NdGaO3,1,[6],1.9386105171890844,0.1265884006704762,Octahedron,3.0,3.0,3.0
mp-33508,TaGaO4,1,[6],2.0046498360911107,0.0980852818835928,Octahedron,3.0,3.0,3.0
mp-3594,Gd3GaO6,1,[4],1.8222716563965504,0.1393559525265954,Tetrahedron,3.0,3.0,3.0
mp-4066,KGaO2,1,[4],1.8295028306700616,0.08005660127149,Tetrahedron,3.0,3.0,3.0
mp-4446,Sr3(GaO3)2,1,[4],1.8430875714757249,0.0914373008901482,Tetrahedron,3.0,3.0,3.0
mp-4535,PrGaO3,1,[6],1.9611453762778084,0.091200738620422,Octahedron,3.0,3.0,3.0
mp-4851,Sr(GaO2)2,1,[4],1.8300545108149684,0.0697305961186184,Tetrahedron,3.0,3.0,3.0
mp-505076,GaNi2BO5,1,[6],1.7047965735363193,0.4254745054134008,Octahedron,3.0,3.0,3.0
mp-532565,SrLa7TiGa7O24,1,[6],1.8853611073498704,0.1830728622406593,Octahedron,3.0,3.0,3.0
mp-540585,BaGa2(GeO4)2,1,[4],1.800897667682531,0.1241749264769645,Tetrahedron,3.0,3.0,3.0
mp-540621,SrGa2(GeO4)2,1,[4],1.813218815750961,0.1544517628745201,Tetrahedron,3.0,3.0,3.0
mp-541280,BaLaGaO4,1,[4],1.821974898524077,0.1836735832130032,Tetrahedron,3.0,3.0,3.0
mp-541281,BaNdGaO4,1,[4],1.7911291237662144,0.2998126271142535,Tetrahedron,3.0,3.0,3.0
mp-541323,Sr2NdGaCu2O7,1,[4],2.6343087575185264,-2.5964090516860474,Tetrahedron,3.0,3.0,3.0
mp-541324,Sr2ErGaCu2O7,1,[4],2.589540119676136,-2.4428303930482222,Tetrahedron,3.0,3.0,3.0
mp-541325,Sr2HoGaCu2O7,1,[4],2.615194735414229,-2.5283400401242653,Tetrahedron,3.0,3.0,3.0
mp-541327,Sr2TbGaCu2O7,1,[4],2.641426294777415,-2.620253792061225,Tetrahedron,3.0,3.0,3.0
mp-541330,Sr2SmGaCu2O7,1,[4],2.630405433091586,-2.585801888402506,Tetrahedron,3.0,3.0,3.0
mp-541331,Sr2PrGaCu2O7,1,[4],2.525383940401926,-2.2795433459508745,Tetrahedron,3.0,3.0,3.0
mp-541332,Sr2LaGaCu2O7,1,[4],0.665804465732652,4.238710636627073,Tetrahedron,3.0,3.0,3.0
mp-541857,GaP(H2O3)2,1,[6],1.9754753610330515,0.0337539847333528,Octahedron,3.0,3.0,3.0
mp-542459,BaGa2(GeO4)2,1,[4],1.761669381509387,0.2361308772640191,Tetrahedron,3.0,3.0,3.0
mp-545346,LiGaAs2O7,1,[6],1.7828195578098929,0.3087328833725472,Octahedron,3.0,3.0,3.0
mp-554139,Ba3Ga2(Ge2O7)2,1,[4],1.720389145134012,0.5009886653713794,Tetrahedron,3.0,3.0,3.0
mp-554193,NaGa(TeO3)2,1,[6],1.953893268414548,0.0875048540516078,Octahedron,3.0,3.0,3.0
mp-554722,Y3GaO6,1,[4],1.818600944436184,0.1443970103171245,Tetrahedron,3.0,3.0,3.0
mp-554901,Ga2Mo(SeO5)2,1,[6],1.9070575091634367,0.1453588142186501,Octahedron,3.0,3.0,3.0
mp-554923,Sr(GaO2)2,1,[4],1.79500219009149,0.1880764246162295,Tetrahedron,3.0,3.0,3.0
mp-555006,CsGa2P5O16,1,[6],1.605325403421563,0.5652565049658047,Octahedron,3.0,3.0,3.0
mp-555230,Rb2YGa(SiO3)4,1,[4],1.753577627356628,0.25283684201898,Tetrahedron,3.0,3.0,3.0
mp-555481,Ba6Er2Ga4O15,1,[4],1.814391220736643,0.199933913020281,Tetrahedron,3.0,3.0,3.0
mp-555485,Rb2GdGa(SiO3)4,1,[4],1.7671044405959808,0.2573937557993295,Tetrahedron,3.0,3.0,3.0
mp-555554,KGa(PO3)4,1,[6],0.913028233754939,1.545555569872419,Octahedron,3.0,3.0,3.0
mp-556014,Li3Ga(BO3)2,1,[4],1.6720260403617415,0.6669339977571274,Tetrahedron,3.0,3.0,3.0
mp-556046,SrGa2B2O7,1,[4],1.8319434799084688,0.1726095003298167,Tetrahedron,3.0,3.0,3.0
mp-556330,Cs2Ga2B2O7,1,[4],1.7029179391600562,0.5459784722793298,Tetrahedron,3.0,3.0,3.0
mp-556343,SrGaBO4,1,[4],2.3095624158975463,-1.5604008675791434,Tetrahedron,3.0,3.0,3.0
mp-556575,Sr2YGaCu2O7,1,[4],2.716278176078405,-2.87870093498434,Tetrahedron,3.0,3.0,3.0
mp-556983,LaGaO3,1,[6],1.9489430767465528,0.0807897854699188,Octahedron,3.0,3.0,3.0
mp-557676,LiGa(MoO4)2,1,[6],1.8865568396225787,0.1670383188381662,Octahedron,3.0,3.0,3.0
mp-557855,CaGaBO4,1,[4],1.7479492392945506,0.3806753089871033,Tetrahedron,3.0,3.0,3.0
mp-557918,KGaAs2O7,1,[6],1.9823484123343864,0.0287672057251136,Octahedron,3.0,3.0,3.0
mp-558285,GaBiO3,1,[4],1.8342368987885684,0.0987105947255598,Tetrahedron,3.0,3.0,3.0
mp-558318,Rb2TbGa(SiO3)4,1,[4],1.7609303275411812,0.2817919251469865,Tetrahedron,3.0,3.0,3.0
mp-558386,Ga2Te2MoO10,1,[6],2.019144411263885,-0.0129863361726681,Octahedron,3.0,3.0,3.0
mp-558390,RbGa2P5O16,1,[6],1.7507587462254215,0.3127434784799809,Octahedron,3.0,3.0,3.0
mp-558984,GaTeO3F,1,[4],1.8884504499891936,0.1300292184011794,Octahedron,3.0,3.0,3.0
mp-559748,NdGaGe2O7,1,[5],1.954508623949416,-0.0126773074862702,Trigonal bipyramid,3.0,3.0,3.0
mp-559770,Nd4Ga2O9,1,[4],1.7945373734825627,0.2216616612903762,Tetrahedron,3.0,3.0,3.0
mp-559849,Ca(GaO2)2,1,[4],1.8281982056241628,0.1483161932181362,Tetrahedron,3.0,3.0,3.0
mp-559852,CsUGa(PO5)2,1,[4],1.891791337426555,-0.1681455968360916,Tetrahedron,3.0,3.0,3.0
mp-559969,CaLaGaO4,1,[4],1.696350201878331,0.6261344868108638,Tetrahedron,3.0,3.0,3.0
mp-560010,Rb2Ga2B2O7,1,[4],1.7756120561706226,0.2834201674095194,Tetrahedron,3.0,3.0,3.0
mp-560058,Li9Ga3P8O29,1,[6],1.9535768146453631,0.0553438442266682,Octahedron,3.0,3.0,3.0
mp-560632,NaGaSiO4,1,[4],1.826004530126065,0.0856903313687244,Tetrahedron,3.0,3.0,3.0
mp-560870,BaGa2B2O7,1,[4],1.853363599279424,0.0774781215561965,Tetrahedron,3.0,3.0,3.0
mp-561013,Ga2PbO4,1,[4],1.864361534118236,-0.0570752857333256,Tetrahedron,3.0,3.0,3.0
mp-561058,Na3Ga(PO4)2,1,[5],1.794324606075823,0.2963345912296103,Trigonal bipyramid,3.0,3.0,3.0
mp-561446,BaCa(GaO2)4,1,[4],1.8196216993655725,0.1599275536942197,Tetrahedron,3.0,3.0,3.0
mp-561525,K2Ga2B2O7,1,[4],1.5723759520837055,0.964037967076494,Tetrahedron,3.0,3.0,3.0
mp-562504,Cs2GaP3O10,1,[6],2.027760511462133,-0.0394518151081093,Octahedron,3.0,3.0,3.0
mp-5837,LaGaO3,1,[6],2.004881343832676,0.0208793611184536,Octahedron,3.0,3.0,3.0
mp-6198,SrGa2(SiO4)2,1,[4],1.798318018674813,0.0881951970603938,Tetrahedron,3.0,3.0,3.0
mp-6241,LiGa(SiO3)2,1,[6],1.5223086479685466,0.7876142512457855,Octahedron,3.0,3.0,3.0
mp-636461,Ga2Ge4Pb3O14,1,[4],1.747422458104189,0.3936169252432063,Tetrahedron,3.0,3.0,3.0
mp-648069,Ca2GaFeO5,1,[4],1.5503275573668795,1.148333150918209,Tetrahedron,3.0,3.0,3.0
mp-649039,Ga2Fe2Bi2O9,1,[4],1.8325953113417124,0.1158964276916835,Tetrahedron,3.0,3.0,3.0
mp-651847,GdGaGe2O7,1,[5],1.9312655086964616,-0.0150511459349816,Trigonal bipyramid,3.0,3.0,3.0
mp-652961,La3GaGe5O16,1,[5],1.4226947362876554,1.113925691366113,Trigonal bipyramid,3.0,3.0,3.0
mp-653925,Sr2DyGaCu2O7,1,[4],2.573018085504681,-2.377086570653763,Tetrahedron,3.0,3.0,3.0
mp-6745,LiGa(SiO3)2,1,[6],1.5140403131638367,0.7947270797920161,Octahedron,3.0,3.0,3.0
mp-6759,BaGa2(SiO4)2,1,[4],1.7557754905772356,0.3052821942090701,Tetrahedron,3.0,3.0,3.0
mp-677422,Ca2Ga2Si(HO4)2,1,[4],1.7528629718288404,0.3802151175613219,Tetrahedron,3.0,3.0,3.0
mp-677520,KBa6Zn4(GaO3)7,1,[4],1.763433976695563,0.4199561212664363,Tetrahedron,3.0,3.0,3.0
mp-6788,La3Ga5SnO14,1,[4],1.8150664160098688,0.1758068392370173,Tetrahedron,3.0,3.0,3.0
mp-680226,Ba(GaO2)2,1,[4],1.8651161071607365,0.0059848748104187,Tetrahedron,3.0,3.0,3.0
mp-680384,Sr10Ga6O19,1,[4],1.794276861195146,0.2586676580998103,Tetrahedron,3.0,3.0,3.0
mp-6805,K3Ga2(PO4)3,1,[4],1.803661960162125,0.1477144996172952,Tetrahedron,3.0,3.0,3.0
mp-6822,NaGa(SiO3)2,1,[6],1.6327986436554045,0.6041404287478569,Octahedron,3.0,3.0,3.0
mp-684467,Rb2EuGa(SiO3)4,1,[4],1.811334707364863,0.1111763745386474,Tetrahedron,3.0,3.0,3.0
mp-6853,Ca3TaGa3(SiO7)2,1,[4],1.834927392335094,0.1089233128102945,Tetrahedron,3.0,3.0,3.0
mp-694913,CaTa2Ga2(CuO4)3,1,[6],1.864873515630828,0.2155869962439597,Octahedron,3.0,3.0,3.0
mp-695070,Ca3Ga2Si(SnO6)2,1,[4],1.7301496502199565,0.5095667236715007,Tetrahedron,3.0,3.0,3.0
mp-695475,Ca3YGa3B4O15,1,[6],1.6112626909414878,0.5920562818188246,Octahedron,3.0,3.0,3.0
mp-703308,CsGaP3HO10,1,[6],1.965648280170324,-0.008304672781132,Octahedron,3.0,3.0,3.0
mp-720505,SrLa7TiGa7O24,1,[6],1.880538250774998,0.1768843080333494,Octahedron,3.0,3.0,3.0
mp-733844,Na3GaP2H2O9,1,[6],1.8461020872668408,0.2258779323570735,Octahedron,3.0,3.0,3.0
mp-7367,Ca(GaO2)2,1,[4],1.826709560838078,0.1444471117433595,Tetrahedron,3.0,3.0,3.0
mp-753378,TaGaO4,1,[6],2.354021953789976,-0.4120430025947991,Octahedron,3.0,3.0,3.0
mp-753821,Pr3GaO6,1,[4],1.8323060559226123,0.1251698234207797,Tetrahedron,3.0,3.0,3.0
mp-754150,La3GaO6,1,[4],1.8549773619064136,0.047316545153789,Tetrahedron,3.0,3.0,3.0
mp-754165,ScGaO3,1,[5],1.8360764100429647,0.1658993633147667,Trigonal bipyramid,3.0,3.0,3.0
mp-755342,LuGaO3,1,[5],2.097952315140798,-0.2503978469031597,Trigonal bipyramid,3.0,3.0,3.0
mp-755416,HoGaO3,1,[6],1.9525727492061824,0.1090806154823593,Octahedron,3.0,3.0,3.0
mp-755612,DyGaO3,1,[6],1.9045737190990968,0.1765163043658272,Octahedron,3.0,3.0,3.0
mp-756290,TbGaO3,1,[6],1.9325343724038635,0.1355676291532419,Octahedron,3.0,3.0,3.0
mp-757917,Be(GaO2)2,1,[4],1.7882889198596823,0.2036225638636893,Tetrahedron,3.0,3.0,3.0
mp-758167,Mn3Ga4P6(H2O5)6,1,[5],1.8261753007751809,0.2055384298647314,Trigonal bipyramid,3.0,3.0,3.0
mp-758662,Ba2GaP4HO14,1,[6],2.007444385776276,-0.0112685957817159,Octahedron,3.0,3.0,3.0
mp-759759,NaGa3P2(HO3)4,1,[6],1.6763569138211505,0.4773156244936752,Octahedron,3.0,3.0,3.0
mp-7601,NbGaO4,1,[6],1.8620716044025445,0.2008433312381309,Octahedron,3.0,3.0,3.0
mp-760501,TiGa2O5,1,[6],1.7303075753114283,0.5608666116802313,Octahedron,3.0,3.0,3.0
mp-760729,Ca2Ga2Si(HO4)2,1,[4],1.7769750273222784,0.3019937516384384,Tetrahedron,3.0,3.0,3.0
mp-7656,Na5GaO4,1,[4],1.9980966913918632,-0.4508870459199167,Tetrahedron,3.0,3.0,3.0
mp-766463,Na3GaB4O9,1,[4],1.760707080363202,0.3695093756129815,Tetrahedron,3.0,3.0,3.0
mp-768120,Na2GaPCO7,1,[6],1.830512129947118,0.2656707536224267,Octahedron,3.0,3.0,3.0
mp-768469,TmGaO3,1,[5],1.6655949690257623,0.5727267811129788,Trigonal bipyramid,3.0,3.0,3.0
mp-768505,LuGaO3,1,[5],1.7197923078500366,0.4520773017810373,Trigonal bipyramid,3.0,3.0,3.0
mp-769015,DyGaO3,1,[5],1.572139811489155,0.8251241050746119,Trigonal bipyramid,3.0,3.0,3.0
mp-769045,HoGaO3,1,[5],1.611548435763033,0.6949039428210202,Trigonal bipyramid,3.0,3.0,3.0
mp-769079,ScGaO3,1,[5],1.8966329109113345,0.0608713448517588,Trigonal bipyramid,3.0,3.0,3.0
mp-769409,Y4Ga2O9,1,[4],1.7814051607235282,0.2506083744869531,Tetrahedron,3.0,3.0,3.0
mp-769481,Y4Ga2O9,1,[4],1.77847895120596,0.2724883281757846,Tetrahedron,3.0,3.0,3.0
mp-769915,La4Ga2O9,1,[4],1.7532782996192466,0.3197672053426541,Tetrahedron,3.0,3.0,3.0
mp-769971,BaGa4O7,1,[4],1.7560452110407714,0.3233169818726478,Tetrahedron,3.0,3.0,3.0
mp-770463,Cs3GaO3,1,[4],1.5683950489690954,1.1329316545998762,Tetrahedron,3.0,3.0,3.0
mp-771132,Ba3Ga4O9,1,[4],1.7925390164306196,0.2218791319555249,Tetrahedron,3.0,3.0,3.0
mp-771208,Ba5(Ga3O7)2,1,[4],1.7564677474039048,0.4642007372242627,Tetrahedron,3.0,3.0,3.0
mp-772857,K2GaPCO7,1,[6],0.8190003938180895,1.7299232615422782,Octahedron,3.0,3.0,3.0
mp-772898,AlGaO3,1,[6],1.6702168703650195,0.5194624342615647,Octahedron,3.0,3.0,3.0
mp-8098,InGaO3,1,[5],1.8672934607255904,0.1357921288181112,Trigonal bipyramid,3.0,3.0,3.0
mp-849761,GaBi25O39,1,[4],1.8219079658711803,0.260674253368777,Tetrahedron,3.0,3.0,3.0
mp-8702,LiGaGeO4,1,[4],1.7495157054387924,0.3948660026954446,Tetrahedron,3.0,3.0,3.0
mp-9332,KGaPO4F,1,[4],1.924213512035684,0.0742749504213305,Octahedron,3.0,3.0,3.0
mp-9425,Sr2GaCuSO3,1,[5],1.6687615954103356,0.588190367932586,Square pyramid,3.0,3.0,3.0
